edition,series_type,series_name,date,time,title,speaker,speaker_title,institution,description,notes,speaker_bio
Fall 2017,tuesday-distinguished,Distinguished Lecture Series,2017-10-10,10:00-11:30am,Redistricting in Michigan and Other States: Should Politics Choose the Voters,Susan Smith,,,"Not included in the announcement email — the reminder-email format of this era lists only date, title, series, and venue.",Record sourced from OLLI announcement emails (BLC-012); not printed in any received catalog.; No printed catalog exists for the Fall 2017 season — record reconstructed from announcement emails.,
Fall 2017,tuesday-distinguished,Distinguished Lecture Series,2017-11-14,10:00-11:30am,Standup for the Power of Skillful Teaching,Deborah Loewenberg Ball,,,"Not included in the announcement email — the reminder-email format of this era lists only date, title, series, and venue.",Record sourced from OLLI announcement emails (BLC-012); not printed in any received catalog.; No printed catalog exists for the Fall 2017 season — record reconstructed from announcement emails.,
Fall 2017,tuesday-distinguished,Distinguished Lecture Series,2017-12-12,10:00-11:30am,An Update on Health Care Reform: Where Does it Stand,Dr. Helen G. Levy,,,"Not included in the announcement email — the reminder-email format of this era lists only date, title, series, and venue.",Record sourced from OLLI announcement emails (BLC-012); not printed in any received catalog.; No printed catalog exists for the Fall 2017 season — record reconstructed from announcement emails.,
Winter/Spring 2018,tuesday-distinguished,Distinguished Lecture Series,2018-01-09,10:00-11:30am,Brain Aging and What You Can Do About It,Dr. Thad Polk,,,"Not included in the announcement email — the reminder-email format of this era lists only date, title, series, and venue.",Record sourced from OLLI announcement emails (BLC-012); not printed in any received catalog.; No printed catalog exists for the Winter/Spring 2018 season — record reconstructed from announcement emails.,
Winter/Spring 2018,tuesday-distinguished,Distinguished Lecture Series,2018-02-13,10:00-11:30am,Getting Into Michigan Musical Theater,Vince J. Cardinal,,,"Not included in the announcement email — the reminder-email format of this era lists only date, title, series, and venue.",Record sourced from OLLI announcement emails (BLC-012); not printed in any received catalog.; No printed catalog exists for the Winter/Spring 2018 season — record reconstructed from announcement emails.,
Winter/Spring 2018,tuesday-distinguished,Distinguished Lecture Series,2018-03-13,10:00-11:30am,You are the ‘Public’ in Public Radio,Steve Schram,,,"Not included in the announcement email — the reminder-email format of this era lists only date, title, series, and venue.",Record sourced from OLLI announcement emails (BLC-012); not printed in any received catalog.; No printed catalog exists for the Winter/Spring 2018 season — record reconstructed from announcement emails.,
Winter/Spring 2018,tuesday-distinguished,Distinguished Lecture Series,2018-04-10,10:00-11:30am,"Cochlear Implants: New Technology, Applications and Outcomes",Dr. H. Alexander Arts,,,"Not included in the announcement email — the reminder-email format of this era lists only date, title, series, and venue.",Record sourced from OLLI announcement emails (BLC-012); not printed in any received catalog.; No printed catalog exists for the Winter/Spring 2018 season — record reconstructed from announcement emails.,
Winter/Spring 2018,tuesday-distinguished,Distinguished Lecture Series,2018-05-08,10:00-11:30am,Albert Kahn in the Second Industrial Revolution,Claire A. Zimmerman,,,"Not included in the announcement email — the reminder-email format of this era lists only date, title, series, and venue.",Record sourced from OLLI announcement emails (BLC-012); not printed in any received catalog.; No printed catalog exists for the Winter/Spring 2018 season — record reconstructed from announcement emails.,
Winter/Spring 2018,tuesday-distinguished,Distinguished Lecture Series,2018-06-12,10:00-11:30am,Stem Cell Therapy for Neurological Diseases: Where Are We Now,Eva Feldman,"M.D., Ph.D",,"Not included in the announcement email — the reminder-email format of this era lists only date, title, series, and venue.",Record sourced from OLLI announcement emails (BLC-012); not printed in any received catalog.; No printed catalog exists for the Winter/Spring 2018 season — record reconstructed from announcement emails.,
Fall 2018,tuesday-distinguished,Distinguished Lecture Series,2018-09-18,10:00 - 11:30 a.m.,European Populism: Similarities and Differences with the Past,Andrei S. Markovits,Karl W. Deutsch Collegiate Professor of Comparative Politics and German Studies; Arthur F. Thurnau Professor,University of Michigan,"Not printed in this edition — the Fall 2018 catalog lists only date, title, and speaker credentials for each Distinguished lecture.",Andrei S. Markovits dedicates this lecture to the memory of Joan Badgley Innes.,
Fall 2018,tuesday-distinguished,Distinguished Lecture Series,2018-10-09,10:00 - 11:30 a.m.,How Legal “Ethics” Kept An Innocent Man In Prison for 26 Years,Berl Falbaum,Political reporter for The Detroit News and administrative aide to Michigan’s Lieutenant Governor,,"Not printed in this edition — the Fall 2018 catalog lists only date, title, and speaker credentials for each Distinguished lecture.",,
Fall 2018,tuesday-distinguished,Distinguished Lecture Series,2018-11-20,10:00 - 11:30 a.m.,What Happened in November 2018 Elections,"Michael Traugott, Ph.D.","Research Professor, Center for Political Studies, Institute for Social Research",University of Michigan,"Not printed in this edition — the Fall 2018 catalog lists only date, title, and speaker credentials for each Distinguished lecture.",,
Fall 2018,tuesday-distinguished,Distinguished Lecture Series,2018-12-11,10:00 - 11:30 a.m.,The Trump Administration and the Middle East: Dissecting the Chaos,Saeed A. Khan,Senior Lecturer in the Departments of Near East & Asian Studies and Global Studies,Wayne State University,"Not printed in this edition — the Fall 2018 catalog lists only date, title, and speaker credentials for each Distinguished lecture.",,
Fall 2018,tuesday-distinguished,Distinguished Lecture Series,2019-01-08,10:00 - 11:30 a.m.,What to Expect in Health Policy After the 2018 Election,"John Z. Ayanian, MD, MPP",Professor of Internal Medicine and Public Policy; Director of the Institute for Healthcare Policy & Innovation (IHPI),University of Michigan,"Not printed in this edition — the Fall 2018 catalog lists only date, title, and speaker credentials for each Distinguished lecture.",,
Winter/Spring 2019,tuesday-distinguished,Distinguished Lecture Series,2019-02-12,10:00-11:30am,A Half-Century of Michigan Memories…and Some Thoughts About Its Future,Jim and Anne Duderstadt,,,"Not included in the announcement email — the reminder-email format of this era lists only date, title, series, and venue.",Record sourced from OLLI announcement emails (BLC-012); not printed in any received catalog.; No printed catalog exists for the Winter/Spring 2019 season — record reconstructed from announcement emails.,"Duderstadt. Parking: Look for OLLI Event Signs on East Huron River Drive close to the two parking lots nearest the lecture venue. There is also a map with directions and a parking map attached. Accessibility: Handicapped accessible parking is available and there should be sufficient parking for all participants. For this lecture we will setup approximately 6 additional handicapped parking spaces in Lot 1 which is located next to the circle drive at the main entrance of Towsley Auditorium. Accessible seating is available via the side entrances, and once inside you will find plenty of OLLI hosts happy to guide you. Also, because some people have sensitivity to fragrances, we request that fragrances of any kind not be worn to OLLI lectures. Don’t forget: coffee and pastries will be in the lobby before the lecture, courtesy of Diane Wright! Donations will be accepted."
Winter/Spring 2019,tuesday-distinguished,Distinguished Lecture Series,2019-03-12,10:00-11:30am,Macroeconomic Prospects for the US and the Globe,Dr. Kathryn M.E. Dominguez,,,"Not included in the announcement email — the reminder-email format of this era lists only date, title, series, and venue.",Record sourced from OLLI announcement emails (BLC-012); not printed in any received catalog.; No printed catalog exists for the Winter/Spring 2019 season — record reconstructed from announcement emails.,
Winter/Spring 2019,tuesday-distinguished,Distinguished Lecture Series,2019-04-09,10:00-11:30am,"Democracy, Dictatorship, and Development: In What Ways does the Type of Political Regime Matter?",Dr. Jonathan Hanson,,,"Not included in the announcement email — the reminder-email format of this era lists only date, title, series, and venue.",Record sourced from OLLI announcement emails (BLC-012); not printed in any received catalog.; No printed catalog exists for the Winter/Spring 2019 season — record reconstructed from announcement emails.,"Matter?” with Dr. Jonathan Hanson. Parking: Look for OLLI Event Signs on East Huron River Drive close to the two parking lots nearest the lecture venue. There is also a map with directions and a parking map attached. Accessibility: Handicapped accessible parking is available and there should be sufficient parking for all participants. For this lecture we will setup approximately 6 additional handicapped parking spaces in Lot 1 which is located next to the circle drive at the main entrance of Towsley Auditorium. Accessible seating is available via the side entrances, and once inside you will find plenty of OLLI hosts happy to guide you. Also, because some people have sensitivity to fragrances, we request that fragrances of any kind not be worn to OLLI lectures. Don’t forget: coffee and pastries will be in the lobby before the lecture, courtesy of Diane Wright! Donations will be accepted."
Winter/Spring 2019,tuesday-distinguished,Distinguished Lecture Series,2019-05-14,10:00-11:30am,The Fall and Rise of Income Inequality in the United States,Charles L. Ballard,Professor,,"Not included in the announcement email — the reminder-email format of this era lists only date, title, series, and venue.",Record sourced from OLLI announcement emails (BLC-012); not printed in any received catalog.; No printed catalog exists for the Winter/Spring 2019 season — record reconstructed from announcement emails.,
Winter/Spring 2019,thursday-series,The Future of Work,2019-05-30,10:00-11:30am,Artificial Intelligence and the (Vanishing?) Future of Work,Kentaro Toyama,Professor,,"Not included in the announcement email — the reminder-email format of this era lists only date, title, series, and venue.",Record sourced from OLLI announcement emails (BLC-012); not printed in any received catalog.; No printed catalog exists for the Winter/Spring 2019 season — record reconstructed from announcement emails.,
Winter/Spring 2019,tuesday-distinguished,Distinguished Lecture Series,2019-06-11,10:00-11:30am,The Constitution at the Border: When Immigration Policy and Constitutional Norms Clash,Margo Schlanger,Professor,,"Not included in the announcement email — the reminder-email format of this era lists only date, title, series, and venue.",Record sourced from OLLI announcement emails (BLC-012); not printed in any received catalog.; No printed catalog exists for the Winter/Spring 2019 season — record reconstructed from announcement emails.,Professor Margo Schlanger.
Fall 2019,tuesday-distinguished,Distinguished Lecture Series,2019-09-10,10:00-11:30am,The Impact of Religion on Politics in the Middle East,Saeed Khan,"Senior Lecturer, Near East & Asian Studies, Global Studies",Wayne State University,"Religion in politics is the most crucial issue facing Middle East countries. The region faces challenges for the application of modernity in terms of secularism, especially in a locale where democracy and individualism have had generally little latitude as a whole. This is due partly from its history, and where many use religion to justify their authoritarian political systems. Could technological advances have an impact and at what pace? This presentation will explore the always-changing landscape of the Middle East as a religion, politics and technology compete, clash and coexist.",,"Saeed A. Khan is a Senior Lecturer in the Department of Near East and Asian Studies at Wayne State University. He teaches Islamic and Middle East history, politics and culture, and is a Fellow at the Center for the Study of Citizenship. He is also Adjunct Professor in Islamic Studies at the University of Detroit-Mercy and at Rochester College, co-teaching a course on Muslim-Christian Diversity."
Fall 2019,thursday-series,"South Africa: Past, Present, and a Look Forward",2019-09-12,9:30-11:00am,"Early History of South Africa, c. 900-1930",Raevin Jimenez,"Ph.D., LSA Collegiate Review",,"Not included in the announcement email — the reminder-email format of this era lists only date, title, series, and venue.",Record sourced from OLLI announcement emails (BLC-012); not printed in any received catalog.,
Fall 2019,thursday-series,"South Africa: Past, Present, and a Look Forward",2019-09-26,10:00-11:30am,"De Facto and De Jure Apartheid: On the Moral, Political and Policy Failures of the Post-Apartheid",,,,"State: A Call for an Official State Apology for Apartheid in South Africa with Yazier Henry, Lecturer in Public Policy at The Ford School. Parking: Look for OLLI Event Signs on East Huron River Dr. close to the two parking lots nearest the lecture venue. There is also a map with directions and a parking map attached. Accessibility: Handicapped accessible parking is available and there should be sufficient parking for all participants. For this lecture we will setup approximately 6 additional handicapped parking spaces in Lot 1 which is located next to the circle drive at the main entrance of Towsley Auditorium. Accessible seating is available via the side entrances, and once inside you will find plenty of OLLI hosts happy to guide you. Also, because some people have sensitivity to fragrances, we request that fragrances of any kind not be worn to OLLI lectures. Listening devices and attachments for a hearing loop for those that have a T-coil in their hearing aid are available to our members for free. If you’re interested, please see OLLI member MaryClare Olson who will be inside the auditorium. We look forward to seeing you! If you have purchased an all lecture series package or distinguished lecture series package there is no cost for this lecture.",Record sourced from OLLI announcement emails (BLC-012); not printed in any received catalog.; Speaker not named in the announcement email.,
Fall 2019,thursday-series,"South Africa: Past, Present, and a Look Forward",2019-10-03,10:00-11:30am,Education Inequality and Income Inequality in South Africa since the End of Apartheid,David Lam,Professor,,"Not included in the announcement email — the reminder-email format of this era lists only date, title, series, and venue.",Record sourced from OLLI announcement emails (BLC-012); not printed in any received catalog.,"Professor David Lam. Parking: Look for OLLI Event Signs on East Huron River Dr. close to the two parking lots nearest the lecture venue. There is also a map with directions and a parking map attached. Accessibility: Handicapped accessible parking is available and there should be sufficient parking for all participants. For this lecture we will setup approximately 6 additional handicapped parking spaces in Lot 1 which is located next to the circle drive at the main entrance of Towsley Auditorium. Accessible seating is available via the side entrances, and once inside you will find plenty of OLLI hosts happy to guide you. Also, because some people have sensitivity to fragrances, we request that fragrances of any kind not be worn to OLLI lectures. Listening devices and attachments for a hearing loop for those that have a T-coil in their hearing aid are available to our members for free. If you’re interested, please see OLLI member MaryClare Olson who will be inside the auditorium. We look forward to seeing you! If you have purchased an all lecture series package or distinguished lecture series package there is no cost for this lecture."
Fall 2019,thursday-series,"South Africa: Past, Present, and a Look Forward",2019-10-10,10:00-11:30am,South African Performing Arts in the New Democracy,Dr. Anita Gonzalez,Professor of Theatre and Drama,,"Theatre and Drama. Parking: Look for OLLI Event Signs on East Huron River Dr. close to the two parking lots nearest the lecture venue. There is also a map with directions and a parking map attached. Accessibility: Handicapped accessible parking is available and there should be sufficient parking for all participants. For this lecture we will setup approximately 6 additional handicapped parking spaces in Lot 1 which is located next to the circle drive at the main entrance of Towsley Auditorium. Accessible seating is available via the side entrances, and once inside you will find plenty of OLLI hosts happy to guide you. Also, because some people have sensitivity to fragrances, we request that fragrances of any kind not be worn to OLLI lectures. Listening devices and attachments for a hearing loop for those that have a T-coil in their hearing aid are available to our members for free. If you’re interested, please see OLLI member MaryClare Olson who will be inside the auditorium. We look forward to seeing you! If you have purchased an all lecture series package or distinguished lecture series package there is no cost for this lecture.",Record sourced from OLLI announcement emails (BLC-012); not printed in any received catalog.,
Fall 2019,thursday-series,"South Africa: Past, Present, and a Look Forward",2019-10-17,10:00-11:30am,Innovative Disruption – A Youth Dialogue on Reforming Exclusionary Systems in South Africa,Gigi Ngcobo,"MSU Senior, Finance and UX Design & Nomzamo Ntombela, MSU Ph.D. Candidate, African History",,"Not included in the announcement email — the reminder-email format of this era lists only date, title, series, and venue.",Record sourced from OLLI announcement emails (BLC-012); not printed in any received catalog.,"Gigi Ngcobo, MSU Senior, Finance and UX Design & Nomzamo Ntombela, MSU Ph.D. Candidate, African History. Parking: Look for OLLI Event Signs on East Huron River Dr. close to the two parking lots nearest the lecture venue. There is also a map with directions and a parking map attached. Accessibility: Handicapped accessible parking is available and there should be sufficient parking for all participants. For this lecture we will setup approximately 6 additional handicapped parking spaces in Lot 1 which is located next to the circle drive at the main entrance of Towsley Auditorium. Accessible seating is available via the side entrances, and once inside you will find plenty of OLLI hosts happy to guide you. Also, because some people have sensitivity to fragrances, we request that fragrances of any kind not be worn to OLLI lectures. Listening devices and attachments for a hearing loop for those that have a T-coil in their hearing aid are available to our members for free. If you’re interested, please see OLLI member MaryClare Olson who will be inside the auditorium. We look forward to seeing you! If you have purchased an all lecture series package or distinguished lecture series package there is no cost for this lecture."
Fall 2019,tuesday-distinguished,Distinguished Lecture Series,2019-10-22,10:00-11:30am,Escape from Nazi Germany and the Holocaust to Shanghai,Berl Falbaum,Former Political Reporter for the Detroit News,,"Hitler came to power in 1933. At that time there were approximately 500 thousand Jews in Germany and approximately 180 thousand Jews in Austria. They were loyal to their country, were part of the government, and fought for Germany in World War 1. Hitler had a plan to annihilate the world’s Jews. Jews were stripped of their citizenship, their property taken over and their means of a livelihood destroyed. Jews were given an X amount of time to find a country that would take them over, otherwise they would be thrown into concentration camps. Aside from the Dominican Republic, Shanghai was the only place that remained open to these refugees without requiring a visa. Approximately 20 thousand German, Austrian and Polish Jews were able to make the trip. Mr. Falbaum’s family was among those that made the journey. In his presentation, Mr. Falbaum will describe his family’s experiences and those of other Jews. He has compiled and edited a book Shanghai Remembered: Stories of Jews Who Escaped to Shanghai from Nazi Germany.",,
Fall 2019,thursday-series,"Voting in America: Perennial Issues, Current Developments",2019-10-31,10:00-11:30am,From Vote to Government: A Short Guide to the Complexity of the American Electoral System,Dr. Jenna Bednar,Professor of Political Science at the University of Michigan,,"Not included in the announcement email — the reminder-email format of this era lists only date, title, series, and venue.",Record sourced from OLLI announcement emails (BLC-012); not printed in any received catalog.,"Dr. Jenna Bednar, Professor of Political Science at the University of Michigan Parking: Look for OLLI Event Signs on East Huron River Dr. close to the two parking lots nearest the lecture venue. There is also a map with directions and a parking map attached. Accessibility: Handicapped accessible parking is available and there should be sufficient parking for all participants. For this lecture we will setup approximately 6 additional handicapped parking spaces in Lot 1 which is located next to the circle drive at the main entrance of Towsley Auditorium. Accessible seating is available via the side entrances, and once inside you will find plenty of OLLI hosts happy to guide you. Also, because some people have sensitivity to fragrances, we request that fragrances of any kind not be worn to OLLI lectures. Listening devices and attachments for a hearing loop for those that have a T-coil in their hearing aid are available to our members for free. If you’re interested, please see OLLI member MaryClare Olson who will be inside the auditorium. We look forward to seeing you! If you have purchased an all lecture series package or distinguished lecture series package there is no cost for this lecture."
Fall 2019,tuesday-distinguished,Distinguished Lecture Series,2019-11-12,10:00-11:30am,Actual Innocence in Michigan: An Update from the Michigan Innocence Clinic,David Moran,"Professor, Clinical Professor of Law, Michigan Innocence Clinic",University of Michigan,Professor Moran will speak about the problem of wrongful convictions in Michigan and how the Michigan Innocence Clinic investigates and litigates cases where persons have been wrongfully convicted but there is no DNA evidence to test. Professor Moran will discuss several recent cases in which the Michigan Innocence Clinic has achieved exonerations for its clients.,Description/bio enriched from OLLI announcement emails (BLC-012).,Moran.
Fall 2019,thursday-series,"Voting in America: Perennial Issues, Current Developments",2019-11-14,10:00-11:30am,Why Do We Have the Electoral College? Should We?,Ken Kollman,Professor,,"Not included in the announcement email — the reminder-email format of this era lists only date, title, series, and venue.",Record sourced from OLLI announcement emails (BLC-012); not printed in any received catalog.,
Fall 2019,thursday-series,"Voting in America: Perennial Issues, Current Developments",2019-11-21,10:00-11:30am,Making Voting More Convenient: Implementing Michigan’s Proposal 3 (Promote the Vote),"Panel: Riley Beggin (moderator), Dr. Susan Smith, Lawrence Kestenbaum",,,"moderator Riley Beggin and panelists Dr. Susan Smith and Lawrence Kestenbaum. Parking: Look for OLLI Event Signs on East Huron River Dr. close to the two parking lots nearest the lecture venue. There is also a map with directions and a parking map attached. Accessibility: Handicapped accessible parking is available and there should be sufficient parking for all participants. For this lecture we will setup approximately 6 additional handicapped parking spaces in Lot 1 which is located next to the circle drive at the main entrance of Towsley Auditorium. Accessible seating is available via the side entrances, and once inside you will find plenty of OLLI hosts happy to guide you. Also, because some people have sensitivity to fragrances, we request that fragrances of any kind not be worn to OLLI lectures. Don’t forget: coffee and pastries will be in the lobby before the lecture, courtesy of Diane Wright! Donations will be accepted. Listening devices and attachments for a hearing loop for those that have a T-coil in their hearing aid are available to our members for free. If you’re interested, please see OLLI member MaryClare Olson who will be inside the auditorium. We look forward to seeing you! If you have purchased an all lecture series package or distinguished lecture series package there is no cost for this lecture.",Record sourced from OLLI announcement emails (BLC-012); not printed in any received catalog.,
Fall 2019,thursday-series,"Voting in America: Perennial Issues, Current Developments",2019-12-05,10:00-11:30am,Dragon-Slaying Takes Time: The Complex Process of Ending Gerrymandering After the Passage of Proposition 2,Kevin Deegan-Krause,,,"Not included in the announcement email — the reminder-email format of this era lists only date, title, series, and venue.",Record sourced from OLLI announcement emails (BLC-012); not printed in any received catalog.,"Proposition 2 with Kevin Deegan-Krause. Parking: Look for OLLI Event Signs on East Huron River Dr. close to the two parking lots nearest the lecture venue. There is also a map with directions and a parking map attached. Accessibility: Handicapped accessible parking is available and there should be sufficient parking for all participants. For this lecture we will setup approximately 6 additional handicapped parking spaces in Lot 1 which is located next to the circle drive at the main entrance of Towsley Auditorium. Accessible seating is available via the side entrances, and once inside you will find plenty of OLLI hosts happy to guide you. Also, because some people have sensitivity to fragrances, we request that fragrances of any kind not be worn to OLLI lectures. Don’t forget: coffee and pastries will be in the lobby before the lecture, courtesy of Diane Wright! Donations will be accepted. Listening devices and attachments for a hearing loop for those that have a T-coil in their hearing aid are available to our members for free. If you’re interested, please see OLLI member MaryClare Olson who will be inside the auditorium. We look forward to seeing you! If you have purchased an all lecture series package or distinguished lecture series package there is no cost for this lecture."
Fall 2019,tuesday-distinguished,Distinguished Lecture Series,2019-12-10,10:00-11:30am,How Polio Helped FDR Win the Presidency,Professor James Tobin,Professor of Journalism,Miami University,"According to the conventional wisdom that has grown up around the public image of Franklin D. Roosevelt in the post-Watergate era, he became president only by fooling the public about the paralysis he suffered as a result of poliomyelitis. In fact, the author’s research shows that FDR made masterful use of his disability as he recovered from the disease and rose to the White House.",,"After earning a Ph.D. in history at the University of Michigan, James Tobin spent 20 years as a newspaper reporter and freelance writer. His books include Ernie Pyle’s War (1997), which won the National Book Critics Circle Award in biography; To Conquer the Air: The Wright Brothers and the Great Race for Flight (2003); and The Man He Became: How FDR Defied Polio to Win the Presidency (2013)."
Fall 2019,thursday-series,"Voting in America: Perennial Issues, Current Developments",2019-12-12,10:00-11:30am,"Race, the Party System, and Elite Incentives in American Elections",Vincent L. Hutchings,Professor,,"Not included in the announcement email — the reminder-email format of this era lists only date, title, series, and venue.",Record sourced from OLLI announcement emails (BLC-012); not printed in any received catalog.,"Hutchings Parking: Look for OLLI Event Signs on East Huron River Dr. close to the two parking lots nearest the lecture venue. There is also a map with directions and a parking map attached. Accessibility: Handicapped accessible parking is available and there should be sufficient parking for all participants. For this lecture we will setup approximately 6 additional handicapped parking spaces in Lot 1 which is located next to the circle drive at the main entrance of Towsley Auditorium. Accessible seating is available via the side entrances, and once inside you will find plenty of OLLI hosts happy to guide you. Also, because some people have sensitivity to fragrances, we request that fragrances of any kind not be worn to OLLI lectures. Don’t forget: coffee and pastries will be in the lobby before the lecture, courtesy of Diane Wright! Donations will be accepted. Listening devices and attachments for a hearing loop for those that have a T-coil in their hearing aid are available to our members for free. If you’re interested, please see OLLI member MaryClare Olson who will be inside the auditorium."
Fall 2019,thursday-series,The Impact of Social Media on Society,2020-01-09,10:00-11:30am,Social Media Research: What We Know Now,Cliff Lampe,Professor,,"Not included in the announcement email — the reminder-email format of this era lists only date, title, series, and venue.",Record sourced from OLLI announcement emails (BLC-012); not printed in any received catalog.,
Fall 2019,tuesday-distinguished,Distinguished Lecture Series,2020-01-14,10:00-11:30am,Living Transgender: The Struggles and Rewards,"Max, Will, and Stephanie",,,"Celebrate and explore the spirit of tolerance in this Martin Luther King, Jr. panel discussion with three transgender people. Our panel will share stories about their personal struggles and rewards. Meet a married transman who is the father of three young children, a transgender man who leads the UM Spectrum Center, and a woman who identifies as gender non-conforming. OLLI member Bill Roberts will act as panel moderator. Join us for this timely and meaningful discussion on gender perspectives.","Martin Luther King, Jr. panel discussion; the three transgender panelists are identified by first name only as printed. OLLI member Bill Roberts moderates.",
Fall 2019,thursday-series,The Impact of Social Media on Society,2020-01-16,10:00-11:30am,Mobile Media and Parenting,Jenny Radesky,Professor,,"Not included in the announcement email — the reminder-email format of this era lists only date, title, series, and venue.",Record sourced from OLLI announcement emails (BLC-012); not printed in any received catalog.,
Fall 2019,thursday-series,The Impact of Social Media on Society,2020-01-23,10:00-11:30am,How Do Online Social Networks Influence People’s Emotional Lives?,Ethan Kross,Professor,,"Not included in the announcement email — the reminder-email format of this era lists only date, title, series, and venue.",Record sourced from OLLI announcement emails (BLC-012); not printed in any received catalog.,
Fall 2019,thursday-series,The Impact of Social Media on Society,2020-01-30,10:00-11:30am,Restoring Justice to Targets of Online Harassment,Sarita Schoenebeck,Professor,,"Not included in the announcement email — the reminder-email format of this era lists only date, title, series, and venue.",Record sourced from OLLI announcement emails (BLC-012); not printed in any received catalog.,
Fall 2019,thursday-series,The Impact of Social Media on Society,2020-02-06,10:00-11:30am,"Why We Use Social Media: Evolution, Neuroscience, and Problematic Use",Dar Meshi,Professor,,"Not included in the announcement email — the reminder-email format of this era lists only date, title, series, and venue.",Record sourced from OLLI announcement emails (BLC-012); not printed in any received catalog.,Meshi.
Winter/Spring 2020,tuesday-distinguished,Distinguished Lecture Series,2020-02-11,10:00-11:30am,The Doctor as a Patient: How it Changed Her Life,Rana Awdish,MD,,"Not included in the announcement email — the reminder-email format of this era lists only date, title, series, and venue.",Record sourced from OLLI announcement emails (BLC-012); not printed in any received catalog.; No printed catalog exists for the Winter/Spring 2020 season — record reconstructed from announcement emails.,
Winter/Spring 2020,tuesday-distinguished,Distinguished Lecture Series,2020-03-03,10:00-11:30am,Escape from Nazi Germany and the Holocaust to Shanghai,Berl Falbaum,,,"Not included in the announcement email — the reminder-email format of this era lists only date, title, series, and venue.",Record sourced from OLLI announcement emails (BLC-012); not printed in any received catalog.; No printed catalog exists for the Winter/Spring 2020 season — record reconstructed from announcement emails.,
Fall 2020,tuesday-distinguished,Distinguished Lecture Series,2020-09-08,10:00-11:30am,Democracy and Debate,Michael Barr,Joan and Samuel Weill Dean of Public Policy at the Gerald R. Ford School,University of Michigan,"The speaker will explore the critical issues facing the country during the Fall 2020 election, including the COVID-19 pandemic and the economic crisis.",All Fall 2020 programs offered online (COVID-19).,"Michael S. Barr is the Joan and Samuel Weill Dean of Public Policy at the Gerald R. Ford School, the Frank Murphy Collegiate Professor of Public Policy, the Roy F. and Jean Humphrey Proffit Professor of Law, and Faculty of the Center on Finance, Law and Policy at the University of Michigan. He served from 2009-2010 as the U.S. Department of the Treasury’s Assistant Secretary for Financial Institutions, and was a key architect of the Dodd Frank Wall Street Reform and Consumer Protection Act of 2010. He received his J.D. from Yale Law School; his Ph.D. in International Relations from Magdalen College, Oxford University, as a Rhodes Scholar, and his B.A. summa cum laude, with Honors in History from Yale University."
Fall 2020,special,Election 2020,2020-09-11,10:00-11:30am,Voting During COVID-19: Nonpartisan Strategies on Campus,Edie Goldenberg (moderator) with a panel of four students,Professor of Political Science and Public Policy,University of Michigan,"Many efforts are underway to increase college student voting. This panel of college students will discuss what is happening at U-M, statewide, and nationally to get students registered to vote and committed to voting. The panel will also discuss what motivated them to get involved with these efforts, what they have learned along the way, and how the pandemic has impacted their work. The panel will be moderated by Edie Goldenberg, PhD, Professor of Political Science and Public Policy at University of Michigan.",,"Edie N. Goldenberg is Professor of Political Science and Public Policy at the University of Michigan. She is currently the faculty advisor of Turn Up Turnout (TUT), a student organization on campus that works in a nonpartisan way to increase student voting at UM. TUT also works with other universities in the Big Ten Conference, with colleges around the state of Michigan, with more than 50 other universities across the country, and with a number of national organizations. Previously, Dr. Goldenberg served as founder and faculty director of the Michigan in Washington Program (2004-16), Dean of the College of Literature, Science and the Arts (1989-98), and Director of the Gerald R. Ford School of Public Policy (1987-89)."
Fall 2020,special,The Lasting Impact of COVID-19,2020-09-15,10:00-11:30am,Health Perspectives on COVID-19,"Preeti N. Malani, Joy Ensor, and Jimena Loveluck",,,Three “essential” medical professionals share their unique observations and experiences about caring for Covid-19 patients.,,"Preeti N. Malani, M.D., MSJ, as chief health officer, serves as an adviser to the President on matters of health and well-being of the university community. Dr. Malani is a graduate of UM. She received her MD degree from Wayne State University School of Medicine. She is the director of the National Poll on Healthy Aging and an Associate Editor of the Journal of the American Medical Association (JAMA).

Joy Wolfe Ensor, Ph.D., is a licensed psychologist whose career has included public sector service, private practice, and adjunct faculty appointments at Wayne State and Eastern Michigan Universities. Dr. Ensor is a Fellow of the Michigan Psychological Association, received its Distinguished Psychologist Award in 2017, and is currently serving as its President.

Jimena Loveluck is the health officer of the Washtenaw County Health Department where she has served since 2017. She has a Master’s Degree focused in Social Work; Community Organization/Social Policy and Planning from Boston College. Loveluck is the first Latinx and first bilingual health officer for Washtenaw County."
Fall 2020,thursday-series,"Poverty, Inequity, and Disparity",2020-09-17,10:00-11:30am,The Questions We Don’t Know to Ask: Studying Poverty in 21st Century America,H. Luke Shaefer,Professor,,"Not included in the announcement email — the reminder-email format of this era lists only date, title, series, and venue.",Record sourced from OLLI announcement emails (BLC-012); not printed in any received catalog.,
Fall 2020,special,Election 2020,2020-09-21,10:00-11:30am,Citizen Activism: Driver of A Healthy Democracy,"Roddy Wares, Lisa Wozniak, and Branden Snyder; Karen Bantel, moderator",,,"Citizen participation is the crucial process through which private individuals and groups work to influence public decisions as part of the democratic process. Organizations ranging from national issue-oriented groups to local broad-based grass roots groups work to enhance citizen participation. This “bottom up” activity may include advocacy, lobbying, protests, strikes, petition drives, ballot proposals, lawsuits and political campaigning. Citizen activism driven by real community needs and desires can be a powerful transformative force. Our panelists will help us understand how the organizations that they represent aid individuals in understanding ideas about citizenship, politics, government and the issues important to their communities and specific organizations.","Panel: League of Women Voters, Michigan League of Conservation Voters, Detroit Action.","Roddy Wares has been an active member of the League of Women Voters in the Ann Arbor area since 2016. She leads the committee that registered students in almost all of the Washtenaw County high schools as well as WCC for the past three years and also leads the LWVAAA effort to register seniors. Currently she is working with Voting Access for All Coalition.

Lisa Wozniak’s career spans over two decades of environmental and conservation advocacy in the political arena. She is a nationally recognized expert in non-profit growth and management and a leader in Great Lakes protections. Lisa is a three-time graduate from the University of Michigan. Before becoming Executive Director in 2006, Wozniak was a member of the Michigan LCV Board.

Born and raised on Detroit’s East Side, Branden Snyder, executive director of Detroit Action, has been involved in electoral and community organizing projects throughout the U.S. for 10 years. Previously, he was the Deputy Organizing Director in charge of Youth Voting for the Hillary for Michigan 2016 presidential campaign and Director of Organizing for Michigan United.

Karen Bantel, Ph.D., was formerly a professor of business strategy and entrepreneurship at the University of Michigan and Wayne State University, and consulted in those areas for many years. She has facilitated and moderated a number of OLLI offerings."
Fall 2020,thursday-series,"Poverty, Inequity, and Disparity",2020-09-24,10:00-11:30am,Access and Equity in US School Systems,Dr. Simona Goldin,,,"Not included in the announcement email — the reminder-email format of this era lists only date, title, series, and venue.",Record sourced from OLLI announcement emails (BLC-012); not printed in any received catalog.,
Fall 2020,thursday-series,"Poverty, Inequity, and Disparity",2020-10-01,10:00-11:30am,The Short-Term and Long-Term Impacts of Health Care Access for Low Income Americans,Dr. Sarah Miller,,,"Not included in the announcement email — the reminder-email format of this era lists only date, title, series, and venue.",Record sourced from OLLI announcement emails (BLC-012); not printed in any received catalog.,
Fall 2020,special,Election 2020,2020-10-07,10:00-11:00 am,"Safe, Secure and Accessible Elections for All",Jocelyn Benson,Michigan Secretary of State,,"Secretary Benson will discuss the many options voters have to cast their ballots safely this year, and the work to support clerks and voters to ensure all ballots are counted and kept secure.",FREE to the public; co-sponsored by the Alumni Association of University of Michigan.,"Jocelyn Benson is Michigan’s 43rd Secretary of State. In this role she is focused on ensuring elections are secure and accessible, and dramatically improving customer experiences for all who interact with our offices. Benson is the author of State Secretaries of State: Guardians of the Democratic Process, the first major book on the role of the secretary of state in enforcing election and campaign finance laws. A graduate of Harvard Law School and expert on civil rights law, education law and election law, Benson served as dean of Wayne State University Law School in Detroit. When she was appointed dean at age 36, she became the youngest woman in U.S. history to lead a top-100, accredited law school. Prior to her election, she served as CEO of the Ross Initiative in Sports for Equality (RISE)."
Fall 2020,thursday-series,"Poverty, Inequity, and Disparity",2020-10-08,10:00-11:30am,Building and Preserving Affordable Housing in the United States: Federal Resources and Local Efforts,Lan Deng,Professor,,"Not included in the announcement email — the reminder-email format of this era lists only date, title, series, and venue.",Record sourced from OLLI announcement emails (BLC-012); not printed in any received catalog.,
Fall 2020,special,Election 2020,2020-10-12,10:00-11:30am,Michigan and Other Battleground States,"Stephen Henderson (moderator), Riley Beggin, and Tim Alberta",,,"Michigan is one of a group of swing states that have had close, competitive races in recent presidential campaigns and down ballot contests. A panel of journalists explores how Michigan and other current battleground states are faring and impacting the 2020 campaigns and election. They will examine what causes battleground states to swing and what effect they have on political parties or candidates’ choices of issues to emphasize.",,"Stephen Henderson is host of Detroit Today on WDET, co-host of One Detroit on Detroit Public Television, project executive for BridgeDetroit and a Pulitzer Prize-winning journalist. A native of Detroit, Henderson is a graduate of University of Detroit High School and the University of Michigan. His resume includes stints at the Detroit Free Press, the Chicago Tribune, the Baltimore Sun, and four years covering the Supreme Court for Knight Ridder’s Washington Bureau.

Riley Beggin is a Capitol reporter covering Michigan politics, including legislative, gubernatorial and other statewide elections. She joined Bridge in January 2018 after working at KPCC, Los Angeles’ NPR member station. She also holds a Master’s Degree in investigative journalism from the University of Missouri.

Tim Alberta is chief political correspondent for POLITICO, where his longer form work is often published in the publication’s magazine. He co-moderated the final Democratic presidential primary debate in 2019 hosted by PBS Newshour and POLITICO. Based in Michigan and tasked with roving widely across battleground states, Alberta writes a regular “Letter to Washington.”"
Fall 2020,tuesday-distinguished,Distinguished Lecture Series,2020-10-13,10:00-11:30am,Efforts by the Chronic Pain and Fatigue Research Center,Daniel Clauw,"Professor, Anesthesiology Medicine (Rheumatology) and Psychiatry",University of Michigan,"Dr. Clauw will speak on the work done by the Chronic Pain Research Center. He will highlight accomplishments of the past, as well as plans for the future.",,Daniel Clauw is a professor of anesthesiology medicine (rheumatology) and psychiatry at the University of Michigan. He serves as Director of the Chronic Pain and Fatigue Research Center. The Research Center is a multidisciplinary center committed to improving the understanding and management of disorders distinguished by symptoms of chronic pain and fatigue. Until January 2009 he also served as the first Associate Dean for Clinical and Transitional Research at the University of Michigan Medical School.
Fall 2020,thursday-series,"Poverty, Inequity, and Disparity",2020-10-15,10:00-11:30am,From the Edge of the Ghetto: The Quest of Small City African-Americans to Survive Post-Industrialism,Alford Young Jr.,Ph.D,,"Not included in the announcement email — the reminder-email format of this era lists only date, title, series, and venue.",Record sourced from OLLI announcement emails (BLC-012); not printed in any received catalog.,
Fall 2020,special,The Lasting Impact of COVID-19,2020-10-20,10:00-11:30am,Mitigating the Impact of COVID-19 on Underserved Communities: Lessons Learned from Flint and Implications for Reducing Health Disparities Beyond the COVID-19 Pandemic,Debra Furr-Holden and Lawrence Reynolds,,,"There have been tremendous racial, ethnic, economic, and geographic disparities in COVID-19 cases and outcomes. There are multiple causes of health disparities that pre-dated COVID-19 that have been amplified during the pandemic. We have learned multiple lessons in Flint to better understand the sources of health disparities and strategies to prevent and reduce the inequitable impact of COVID-19 on socially vulnerable communities. These lessons provide valuable insights on longer-term strategies to address health inequities beyond COVID-19.",,"Debra Furr-Holden, Ph.D., is the Associate Dean for Public Health Integration and Director of the Flint Center for Health Equity Solutions and MSU Co-Director of the Healthy Flint Research Coordinating Center. She is an epidemiologist and classically trained public health professional with expertise in drug and alcohol dependence epidemiology, psychiatric epidemiology, and prevention science.

Lawrence Reynolds, M.D., a pediatrician for 41 years, has been deeply involved in health and health advocacy, especially for underserved parts of the Flint community, for most of his career. He was president and CEO of the Mott Children’s Health Center. During the Flint water crisis, he was a member of then-Gov. Rick Snyder’s Flint Water Advisory Task Force. He is a graduate of Howard University College of Medicine."
Fall 2020,thursday-series,1619-Present - The Many Consequences of Slavery: The Cost of Historical Injustices,2020-10-22,10:00-11:30am,"The Cost of Historical Injustice, 1619 to Today",David Goldberg,Ph.D,,"Not included in the announcement email — the reminder-email format of this era lists only date, title, series, and venue.",Record sourced from OLLI announcement emails (BLC-012); not printed in any received catalog.,
Fall 2020,special,Election 2020,2020-10-26,10:00-11:30am,A Survivor’s Guide to Election 2020,Robert Yoon,"UM Visiting Professor and Associate Director, Knight-Wallace Fellowship for Journalists",University of Michigan,"Presidential election years are known for their dramatic twists and turns, but 2020 takes the cake. This year, the race for the White House has been completely redefined by a pandemic that has upended every aspect of daily life, and a widespread social movement that has forced a national conversation on race and justice. As a result, candidates as well as the news media have had to adapt to an ever-evolving landscape. As the campaign enters its final week, we’ll explore how the extraordinary events of 2020 have shaped the presidential campaign thus far and identify what to watch for on Election Night.",,"Robert Yoon is a visiting professor of journalism and the associate director of the Knight-Wallace Fellowship for Journalists at the University of Michigan, as well as a political analyst for Inside Elections. As a journalist, he is covering his sixth presidential campaign cycle and has helped prepare moderators from multiple news organizations for more than 30 presidential debates. As CNN’s Director of Political Research for more than 17 years, his contributions to the network’s election coverage have earned him two Emmy Awards, five total Emmy nominations, a Peabody Award, and a National Headliner Award. In 2016, he was named by Mediaite as one of the most influential people in the news media."
Fall 2020,thursday-series,1619-Present - The Many Consequences of Slavery: The Cost of Historical Injustices,2020-10-29,10:00-11:30am,And Still We Rise: Increasing the Educational Access and Opportunity for Underrepresented Students,Joetta Mial,"Ph.D., & Carla O’Connor, Ph.D",,"Not included in the announcement email — the reminder-email format of this era lists only date, title, series, and venue.",Record sourced from OLLI announcement emails (BLC-012); not printed in any received catalog.,
Fall 2020,tuesday-distinguished,Distinguished Lecture Series,2020-11-10,10:00-11:30am,What Happened Last Tuesday,Michael Traugott,"Research Professor Emeritus, Center for Political Studies",University of Michigan,"The presidential election of 2020 will be the most critical and challenging in recent memory. Results will determine the composition of the U.S. Senate and House of Representatives and influence the future composition of the US Supreme Court. It will undoubtedly change the face of both major political parties. Professor Emeritus Michael Traugott will talk about the November election outcomes, including the campaigns, primaries, and caucuses.",,"Prof. Traugott has studied mass media impact on American policies. He has a particular interest in the use of surveys and polls and how they are used to cover campaign and elections. Retired from the University of Michigan, he is now Professor Emeritus of Communication Studies and Professor Emeritus of Political Science in the College of Literature, Science and Arts as well as Research Professor Emeritus of Political Science in the Institute of Social Research."
Fall 2020,thursday-series,1619-Present - The Many Consequences of Slavery: The Cost of Historical Injustices,2020-11-12,10:00-11:30am,Reconstruction and the 1619 Project,Pamela Brandwein,Professor,,"Not included in the announcement email — the reminder-email format of this era lists only date, title, series, and venue.",Record sourced from OLLI announcement emails (BLC-012); not printed in any received catalog.,
Fall 2020,special,The Lasting Impact of COVID-19,2020-11-17,10:00-11:30am,"Pandemic Update: Vaccines, Testing and Treatments",Dr. Emily Toth Martin,"Faculty of Epidemiology, School of Public Health",University of Michigan,"In her follow-up to her talk to OLLI in May, Dr. Martin will explore what we’ve learned during the first nine months of the COVID-19 epidemic and how recent scientific advances have impacted the vaccine and antiviral landscape.",,"Dr. Emily Toth Martin is on the faculty of Epidemiology at the University of Michigan School of Public Health. Her research focuses on building a greater understanding of the epidemiology of viral respiratory diseases (including RSV, bocavirus, and influenza) through the use of molecular epidemiology. In particular, her work aims to identify strategies to reduce infections, particularly in individuals with chronic comorbidities and in hospital infectious environments (including MRSA / VRE coinfection)."
Fall 2020,thursday-series,1619-Present - The Many Consequences of Slavery: The Cost of Historical Injustices,2020-11-19,10:00-11:30am,African American Music and its contribution to the American Musical Landscape,Louise Toppin,Professor,,"Not included in the announcement email — the reminder-email format of this era lists only date, title, series, and venue.",Record sourced from OLLI announcement emails (BLC-012); not printed in any received catalog.,
Fall 2020,thursday-series,1619-Present - The Many Consequences of Slavery: The Cost of Historical Injustices,2020-12-03,10:00-11:30am,Black Maternal & Infant Mortality: What’s History Got to do With It?,Kimberlydawn Wisdom,M.D,,"Not included in the announcement email — the reminder-email format of this era lists only date, title, series, and venue.",Record sourced from OLLI announcement emails (BLC-012); not printed in any received catalog.,
Fall 2020,tuesday-distinguished,Distinguished Lecture Series,2020-12-08,10:00-11:30am,Women in American Soccer and European Football: Different Roads to Shared Glory on the Field and in Society,Andrei S. Marcovits,Karl W. Deutsch Collegiate Professor of Comparative Politics,University of Michigan,"The lecture will highlight the opposite paths that women have traversed in the game of Associated Football on both sides of the Atlantic. Whereas the women in North America entered the field that was virtually open for them since men busily covered the playing fields and cultural space of hegemonic team sports of baseball, football (American and Canadian), basketball, and ice hockey; their European counterparts were forced to contest what has arguably been the most male-dominated space in European public life throughout much of the 20th century. Both of these roads harbored immense obstacles. Both entailed challenges of their own that these pioneering women had to overcome. However, spurred by the massively important and popular World Cup tournaments, the last three decades have led to a rapprochement on both sides of the Atlantic by catapulting women’s soccer onto hitherto unexpected, maybe even unimaginable, heights.",Surname printed “Marcovits” in this catalog; the Fall 2018 catalog spells it “Markovits”.,"Andrei S. Marcovits is the Karl W. Deutsch Collegiate Professor of Comparative Politics and an Arthur F. Thurnau Professor at the University of Michigan where he has taught for more than 20 years. In addition to being a multiple-award winning teacher, his many books and articles on a range of topics—from European social democracy, labor and social movements to German-Jewish relations; and from comparative sports cultures to dog rescue—have appeared in 15 languages. His two latest books are Women in American Soccer and European Football; Different Roads to Shared Glory published in 2019; and The Boundaries of Pluralism; The World of The University of Michigan’s Jewish Students in 1897-1945, co-authored with Kenneth Garner and published in 2020."
Fall 2020,special,Election 2020,2020-12-09,10:00-11:30am,How Do We Heal the Widening Divide?,"Kevin Deegan-Krause, Vincent Hutchings, and Jennifer Silva",,,"This panel will explore how the US has become so polarized, and discuss our present racial, class, and urban/rural divides and their impact on the election, and our lives generally. With the election behind us when this discussion takes place, the panel will focus on how we return to American ideals, heal, and move forward.","Printed as “Monday, December 9” — December 9, 2020 was a Wednesday; recorded as printed.","Kevin Deegan-Krause is an Associate Professor of Political Science at Wayne State University. He received his undergraduate degree in Economics from Georgetown University in 1990 and his doctorate in Government from the University of Notre Dame in 2000. His latest book is The New Party Challenge: Changing Cycles of Party Birth and Death in Central Europe and Beyond (Oxford University Press, 2020).

Vincent Hutchings is the Hanes Walton Jr. Collegiate Professor of Political Science at UM and a Research Professor at the UM Institute for Social Research. His research examines the ways in which political campaigns and the media frame information about racial issues.

Jennifer Silva joined the O’Neill School of Public and Environmental Affairs at Indiana University in 2019. Previously, Silva taught sociology at Bucknell University. Silva’s latest book is We’re Still Here: Pain and Politics in the Heart of America (Oxford University Press, 2019)."
Fall 2020,special,The Lasting Impact of COVID-19,2020-12-15,10:00-11:30am,Joy in the Time of COVID-19,"Victor J. Strecher, Ph.D., MPH","Professor, Health Behavior & Health Education",University of Michigan,"This presentation will cover purpose in life, posttraumatic growth during and after our experience with COVID-19 and positive consequences from this pandemic.",,"An innovative teacher and researcher, in 1995 Professor Victor Strecher founded the UM Center for Health Communications Research, studying the future of digitally tailored health communications when fewer than 15% of Americans had Internet access. He’s also an entrepreneur, founding HealthMedia, a digital health coaching company that was sold to Johnson & Johnson in 2010. More recently, he created Kumanu, a digital platform designed to help individuals and organizations live more purposefully. In 2010, he won the University of Michigan’s Distinguished Innovator Award."
Fall 2020,tuesday-distinguished,Distinguished Lecture Series,2021-01-12,10:00-11:30am,Stress and Brain Health from Biology to Social Context,Huda Akil,"Professor of Neurosciences, The Molecular & Behavioral Neuroscience Institute",University of Michigan,"Dr. Akil and her colleagues have provided the first psychological evidence of endorphins, and showed that endorphins are activated by stress and inhibit pain. In investigations of the mechanism underlying stress activity in anxiety and depression, she demonstrated that social defeat in rodents activates unique neural pathways resembling those alerted in human depression. Her team has also focused on the role of specific genes in the pathology of mood disorders.",Also pointed to (as a sponsored 1/12 lecture) in the Winter/Spring 2021 catalog’s Distinguished preamble.,"Dr. Huda Akil is a graduate of the University of California, University of Iowa and the American University of Beirut. She is the Gardner Quarton Distinguished University Professor of Neurosciences at The Molecular & Behavioral Neuroscience Institute at the University of Michigan. She has made unique contributions to the understanding of the brain biology of emotions, including pain, anxiety, depression and substance abuse. She is the author of over 500 original scientific papers and has been elected to the American Academy of Arts and Science."
Fall 2020,thursday-series,Advances in Science,2021-01-14,10:00-11:30am,Cosmology: The History of the Universe,Fred C. Adams,,,"Not included in the announcement email — the reminder-email format of this era lists only date, title, series, and venue.",Record sourced from OLLI announcement emails (BLC-012); not printed in any received catalog.,
Fall 2020,thursday-series,Advances in Science,2021-01-21,10:00-11:30am,Gravitational Wave Astronomy – Listening to the Universe,Dr. Keith Riles,,,"Not included in the announcement email — the reminder-email format of this era lists only date, title, series, and venue.",Record sourced from OLLI announcement emails (BLC-012); not printed in any received catalog.,
Fall 2020,thursday-series,Advances in Science,2021-01-28,10:00-11:30am,Answered and Unanswered Questions in Particle Physics,Aaron Pierce,Professor,,"Not included in the announcement email — the reminder-email format of this era lists only date, title, series, and venue.",Record sourced from OLLI announcement emails (BLC-012); not printed in any received catalog.,
Fall 2020,thursday-series,Central America: Coffee to Caravans,2021-05-13,10:00-11:30am,Economic Profile of Central America,,,,"Not included in the announcement email — the reminder-email format of this era lists only date, title, series, and venue.",Record sourced from OLLI announcement emails (BLC-012); not printed in any received catalog.; Speaker not named in the announcement email.,
Fall 2020,thursday-series,Central America: Coffee to Caravans,2021-05-20,10:00-11:30am,"The Struggle to Survive in Central America: A Portrait of Life from a Grassroots, Human Rights Perspective",,,,"Not included in the announcement email — the reminder-email format of this era lists only date, title, series, and venue.",Record sourced from OLLI announcement emails (BLC-012); not printed in any received catalog.; Speaker not named in the announcement email.,
Winter/Spring 2021,special,It’s Been a (COVID-19) Year: Where Are We and Where Are We Headed?,2021-01-19,10:00-11:30 AM,"Covid-19 Health Update: Trends, Treatment and Vaccines",Emily Toth Martin and Lona Mody,,University of Michigan,"UM Epidemiologist Emily Toth Martin and UM Infectious Disease Physician Lona Mody will explore the latest updates in Covid-19 on campus, in Ann Arbor and across the state; treatment successes and challenges; and vaccine outlook.",,"Dr. Emily Toth Martin, PhD, MPH, is on the faculty of Epidemiology at the UM School of Public Health. Her research focuses on building a greater understanding of the epidemiology of viral respiratory diseases (including RSV, bocavirus and influenza) through the use of molecular epidemiology.

Lona Mody, MD, is one of very few internists in this country with an expertise in aging populations, epidemiology, an active research laboratory in microbiology and a translational research agenda focused on vulnerable aging population. Her NIH and AHRQ funded work has created a thriving consortium of post-acute and long-term care facilities in SE Michigan interested in developing interventions to enhance infection prevention in a traditionally resource poor setting."
Winter/Spring 2021,special,Medical Ethics 101,2021-02-03,10:00 am - 11:30 am,History of Clinical Ethics and Ethics; Epidemics; and Clinical Ethics in the Time of Crisis,"Christian Vercler, M.D.",,University of Michigan,"Medical Ethics 101 is a three-lecture series, as the name implies, covering the fundamentals of the field. This information is vital for normal times but is particularly valuable at a time such as the current with the COVID19 pandemic in full force. All of our three faculty members are members of the faculty of the University of Michigan Medical School and two of them are physicians with active medical practices as well as duties as medical ethics consultants. The third, Ed Goldman, is an attorney whose whole career has been engagement in healthcare legal affairs.","Lecture #1 of 3. Per-lecture entries print title, date, and faculty only; the description is shared from the series introduction.",
Winter/Spring 2021,tuesday-distinguished,Distinguished Lecture Series,2021-02-09,10:00-11:30am,How to Win the Game… and Keep Winning,John Branch,Co-Director of the Yaffe Digital Media Initiative,University of Michigan,"It seems ironic that in a business which is increasingly competitive, most managers fail to appreciate the basic nature of competition. And more important they do not know how to win the game ……. Or keep on winning. The purpose of this presentation is therefore to explore the nature of competition, and thereby the methods to win the game ….and keep on winning.",All Winter/Spring 2021 programs offered online (COVID-19).,"John Branch currently teaches a variety of marketing and international business courses at the undergraduate, MBA and executive levels at the Stephen M. Ross School of Business at the University of Michigan and serves as Co-Director of the Yaffe Digital Media Initiative. Previously he was Academic Director of the School’s weekend and evening MBA programs. In addition, he serves as Director of Educational Outreach at the University’s William Davidson Institute. He also holds an appointment at the University’s Center for Russian, East European and Eurasian studies."
Winter/Spring 2021,special,Medical Ethics 101,2021-02-10,10:00 am - 11:30 am,Ethics at the End of Life: Principles and Case Discussions; and The Interplay between Medical Ethics and Evolving Medical Science,"Adam Marks, M.D.",,University of Michigan,"Medical Ethics 101 is a three-lecture series, as the name implies, covering the fundamentals of the field. This information is vital for normal times but is particularly valuable at a time such as the current with the COVID19 pandemic in full force. All of our three faculty members are members of the faculty of the University of Michigan Medical School and two of them are physicians with active medical practices as well as duties as medical ethics consultants. The third, Ed Goldman, is an attorney whose whole career has been engagement in healthcare legal affairs.","Lecture #2 of 3. Per-lecture entries print title, date, and faculty only; the description is shared from the series introduction.",
Winter/Spring 2021,special,It’s Been a (COVID-19) Year: Where Are We and Where Are We Headed?,2021-02-16,10:00-11:30 AM,Mental Health Perspectives During the COVID-19 Pandemic,Sheria Robinson-Lane and Sheila Marcus,,University of Michigan,"As the pandemic continues without a specific end in sight, many of us here and around the world continue to struggle emotionally. Two experts will shed light on how those struggles are manifesting themselves today and what we can anticipate in the mental health realm going forward. Dr. Sheria Robinson-Lane will focus on pandemic impacts in older adults. Dr. Sheila Marcus will speak to mental health implications of the pandemic on adults and children as well as strategies for managing associated ongoing stress.",,"Sheria Robinson-Lane, PhD, RN, is a gerontologist with expertise in palliative care, long-term care, and nursing administration. She has focused her career on the care and support of older adults with cognitive and/or functional disabilities. Her research is focused on reducing health disparities for minority older adults with cognitive impairments and their informal caregivers.

Sheila M. Marcus, MD, is a Clinical Professor in the UM Department of Psychiatry and Division head of Child and Adolescent Psychiatry. She leads a statewide program MC3 which assists primary care providers throughout the state in caring for individuals with mental health concerns."
Winter/Spring 2021,special,Medical Ethics 101,2021-02-17,10:00 am - 11:30 am,Key Legal Cases in Medical Ethics; and Ethics of Human Research,"Edward Goldman, J.D.",,University of Michigan,"Medical Ethics 101 is a three-lecture series, as the name implies, covering the fundamentals of the field. This information is vital for normal times but is particularly valuable at a time such as the current with the COVID19 pandemic in full force. All of our three faculty members are members of the faculty of the University of Michigan Medical School and two of them are physicians with active medical practices as well as duties as medical ethics consultants. The third, Ed Goldman, is an attorney whose whole career has been engagement in healthcare legal affairs.","Lecture #3 of 3. Per-lecture entries print title, date, and faculty only; the description is shared from the series introduction.",
Winter/Spring 2021,tuesday-distinguished,Distinguished Lecture Series,2021-03-09,10:00-11:30am,The Political Power of Optimism,Sandra R. Levitsky,Arthur F. Thurnau Professor and Associate Professor of Sociology,University of Michigan,We are in a historical moment when longstanding social problems have taken on new urgency. The Black Lives movement and the MeToo movement emerged out of decade-long frustrations with the persistence of deep racial and gender inequalities. How do we understand the political possibilities for overcoming durable forms of social inequalities? The talk draws on core ideas from sociology to consider the political power of optimism and voice in driving social reform efforts.,,"Sandra R. Levitsky is an Arthur F. Thurnau Professor and Associate Professor of Sociology. She holds a Ph.D. in Sociology from the University of Wisconsin and a J.D. from the University of Minnesota. Her research focuses on American social policy, political mobilization, and relationship between law and social change. Her book, Caring for our Own: Why There is No Political Demand for New American Social Welfare Rights, examines the politics of long-term care. Her current research examines the changing legal environment around Title IX and campus sexual assault."
Winter/Spring 2021,special,It’s Been a (COVID-19) Year: Where Are We and Where Are We Headed?,2021-03-16,10:00-11:30 AM,Business in the Time of COVID: Current Challenges and Future Perspective,"Paula Gardner, Mike Gustafson, and Grace Singleton",,,"Although some businesses and organizations have thrived and flourished during Covid-19, many more have suffered financially with their owners and employees being impacted both psychologically and personally. The panel will bring to light the challenges and pressures faced by small businesses in our community -- and the country as a whole -- and what the future may hold.",,"Paula Gardner joined Bridge Magazine as its first business editor in April 2020. Her career includes several years at MLive.com, where she was editor of The Ann Arbor News, statewide business reporter and part of an award-winning environmental coverage team. Among her honors is an award naming her Michigan’s Journalist of the Year in 2019 from the Michigan Press Association.

Mike Gustafson is the co-owner of Literati Bookstore in Ann Arbor. Literati, which opened in 2013, is a full-service, general interest bookstore. In 2019, Literati was honored as the 2019 Publishers Weekly Bookstore of the Year. Mike is also the co-editor of the 2019 Michigan Notable Book, Notes from a Public Typewriter.

Grace Singleton has been a managing partner of Zingerman’s Delicatessen since 2002. She serves as the Board President of Kerrytown District Association. She has over 30 years of experience working with food, which includes working as a chef, wine buyer, dining room manager, general manager, and specialty food buyer."
Winter/Spring 2021,tuesday-distinguished,Distinguished Lecture Series,2021-04-13,10:00-11:30am,What the First Amendment Really Means,Don Herzog,Edson R. Sunderland Professor of Law,University of Michigan,"The First Amendment protects several basic liberties - freedom of religion, speech, press, petition, and assembly. Speaker will address some popular misconceptions about the First Amendment - both the speech and religion clauses - and then examine some high profile disputes.",,"He is the Edson R. Sunderland Professor of Law. His main teaching interests are political, moral, legal, and social theory; constitutional interpretation; torts and the First Amendment. Professor Herzog holds an AB from Cornell University and PhD from Harvard University. He joined the Political Science Department at the University of Michigan in 1983 and holds a joint appointment in that department and the Law School. In 2011 Professor Herzog was selected by the U of M student body to receive its coveted Golden Apple. He is the first law professor to receive a Golden Apple in the Award’s 20-year history."
Winter/Spring 2021,special,It’s Been a (COVID-19) Year: Where Are We and Where Are We Headed?,2021-04-20,10:00-11:30 AM,COVID-19 Pandemic Impacts on the Environment and Climate,Chris Poulsen,"Associate Dean for Natural Sciences, College of LSA; Henry Pollack Collegiate Professor of Earth & Environmental Sciences and Climate & Space Sciences and Engineering",University of Michigan,"The COVID-19 pandemic, by slowing economic activity, has led to significant reductions in industrial emissions, leading to cleaner air and water and an unprecedented decline in carbon emissions. This talk will describe impacts of the pandemic on different aspects of the environment and climate, and discuss how to extend these short term benefits beyond the life of the pandemic.",,"Chris Poulsen is associate dean for natural sciences for the UM College of LSA, and is the Henry Pollack Collegiate Professor of Earth & Environmental sciences and Climate & Space Sciences and Engineering. Professor Poulsen is a climate scientist, whose research interests include past and future climate change, climate dynamics, and hydrological cycling. He received his BA in geology from Carleton College and a PhD in Geosciences from the Pennsylvania State University."
Winter/Spring 2021,thursday-series,Central America: Tracking Hemispheric Violence through the Experiences of Nicaraguan Refugees,2021-05-06,10:00-11:30am,Tracking Hemispheric Violence through the Experiences of Nicaraguan Refugees,Associate Professor Jennifer Goett,,,"Not included in the announcement email — the reminder-email format of this era lists only date, title, series, and venue.",Record sourced from OLLI announcement emails (BLC-012); not printed in any received catalog.,
Winter/Spring 2021,tuesday-distinguished,Distinguished Lecture Series,2021-05-11,10:00-11:30am,The Economy: How Long Will It Take to Recover in Light of COVID-19 Pandemic?,Betsey Stevenson,Professor of Public Policy and Economics,University of Michigan,"After more than half century of progress, the COVID-19 pandemic has shifted the women’s labor force participation back to many decades as they grapple with job loss and child care loss. Will this permanently set women back? How long will this take for the economy to recover? Professor Stevenson will cover the current state of the macro economy with a focus on how the pandemic and government policy responses have affected the labor market and the shape of the economic recovery.",,"Betsey Stevenson is a professor of public policy and economics at the University of Michigan. She is a faculty research associate at the National Bureau of Economic Research, a visiting associate professor of Economics at the University of Sydney, a research fellow of the Centre for Economic Research, a fellow of the IFO Institute for Economic Research in Munich, and serves on the executive committee of the American Economic Association. She served as a member of the Council of Economic Advisors from 2013 to 2015, where she advised the Obama Administration on social policy, labor market, and trade issues. She served as the chief economist of the U.S. Department of Labor from 2010 to 2011. Dr Stevenson earned a B.A. in economics and mathematics from Wellesley College and an M.A. and Ph.D. in economics from Harvard University."
Winter/Spring 2021,special,It’s Been a (COVID-19) Year: Where Are We and Where Are We Headed?,2021-05-18,10:00-11:30 AM,"Shelter in Place: How the Pandemic is Changing our Cities, Neighborhoods and Homes",Kit Krankel McCullough,"Architectural and urban designer; faculty member, Taubman College of Architecture and Urban Planning",University of Michigan,"Many of us are thinking about how the pandemic will impact our lives going forward. This includes architects and designers who are imagining the changes that the pandemic will bring to urban spaces, neighborhoods, and homes. Kit Krankel McCullough will discuss some of the ways our surroundings are adapting to post-pandemic life and provide us with an inside look at what might be in our not-so-distant future.",,"Through her urban design practice and teaching, Ms. McCullough advocates for equitable and socially just development, healthy and sustainable environments, strong communities, and cities that promote well-being and happiness. At UM, she teaches design studios on housing and neighborhood development, seminars on transportation and urban economics, and a popular lecture course on real estate development for architects and planners. She received her Bachelor of Architecture from the University of Texas at Austin and her Master of Architecture in Urban Design from Harvard University."
Winter/Spring 2021,thursday-series,Graphic Books & Memes *(Rescheduled from March 25),2021-05-27,,Graphic Books & Memes: Graphic Medicine and Therapy,,,,"Marna M. Clowney-Robinson, LLMSW, MLIS is a Clinical Social Worker and Librarian. As a mental health provider, she specializes in identity issues, eating disorders, and trauma. In addition, she serves as an Access and Public Services Librarian at the University of Michigan Library. Comics and graphic memoirs are powerful venues for not only sharing but to fight the stigma surrounding mental health issues. Resources to accompany this series: Located in the attachment on this email.",Record sourced from OLLI announcement emails (BLC-012); not printed in any received catalog.; Speaker not named in the announcement email.,
Winter/Spring 2021,tuesday-distinguished,Distinguished Lecture Series,2021-06-08,10:00-11:30am,Sovereignty Sharing in Fragile States,John D. Ciorciari,"Associate Professor of Public Policy; Director of the Weiser Diplomacy Center and International Policy Center, Gerald R. Ford School of Public Policy",University of Michigan,"In many parts of the world, countries emerging from conflict suffer from grave deficits in the rule of law. Weak courts, police, and anticorruption mechanism allow insecurity, graft and impunity to fester. In some extraordinary cases, the United Nations and other international actors have partnered with national governments, sharing sovereign authority over key functions to bolster the rule of law. This talk will discuss the power and pitfalls of sharing sovereignty, drawing examples in West Africa, the Middle East, Southeast Asia, and Central America.",,"John D. Ciorciari is an Associate professor of Public Policy and Director of the Ford School’s Weiser Diplomacy Center and International Policy Center at the Gerald R. Ford School of Public Policy, University of Michigan. His research focuses on international law and politics in the Global South. He is the author or editor of several books on international politics and law, including a new book entitled “Sovereignty Sharing in Fragile States”. He received his AB and JD from Harvard University, his DPhil and Fulbright Scholar from University of Oxford."
Fall 2021,thursday-series,Canada and the United States -”Unidentical Twins”,2021-09-23,,Canada and the United States: “Unidentical Twins,Daniel Béland,,,"Martin Lipset famously wrote about the existence of a “continental divide” grounded in distinct national values existing on each side of the Canada-US border. Here I contrast his continental divide argument with an institutionalist approach that places Canada and the U.S. in a broader comparative context featuring other advanced industrial countries. Through this lens, Canada and the U.S. appear as “unidentical twins” that have much in common, despite key differences and their own internal diversity.",Record sourced from OLLI announcement emails (BLC-012); not printed in any received catalog.; speaker taken from the bio paragraph (announcement names no speaker in the title line); No printed catalog exists for the Fall 2021 season — record reconstructed from announcement emails.,"Daniel Béland is the director of the McGill Institute for the Study of Canada and James McGill Professor in the Department of Political Science at McGill University. A specialist of federalism and public policy in comparative perspective, he has published 20 books and more than 160 articles in peer-reviewed journals. His most recent book is Universality and Social Policy in Canada (University of Toronto Press, 2019; edited with Gregory P. Marchildon and Michael J. Prince)."
Fall 2021,thursday-series,Canada and the United States -”Unidentical Twins”,2021-09-30,,Canada and the United States: Unidentical,Christopher Cochrane,,,"Professor Christopher Cochrane, PhD The founding of the United States and Canada are mirrorimage opposites of each other. The United States has a revolutionary heritage and Canada a counterrevolutionary one. Whereas early American colonists liberated themselves by force, Canadians maintained patriotic connections to their colonial motherlands. The political systems of the two countries reflect these opposed beginnings. This presentation outlines the key differences (and increasing similarities) between American and Canadian government.",Record sourced from OLLI announcement emails (BLC-012); not printed in any received catalog.; speaker taken from the bio paragraph (announcement names no speaker in the title line); No printed catalog exists for the Fall 2021 season — record reconstructed from announcement emails.,"Christopher Cochrane is Associate Professor of Political Science at the University of Toronto. He is the author of Left and Right: The Small World of Political Ideas, and Canadian Politics: Critical Approaches (with Kelly Blidook and Rand Dyck). His current work focuses on the computational analysis of language in the Canadian Parliament.

THREE QUESTIONS RELATED TO CHRISTOPHER COCHRANE’S LECTURE ON SEPTEMBER 30 1. Which two political parties are the ONLY ones to have their leader

serve as Prime Minister of Canada? 2. Who does the Governor General of Canada represent in Ottawa? 3. Which ONE of the following people has NOT been Prime Minister of

Canada? 1) Rene Levesque, 2) Pierre Elliott Trudeau, 3) William Lyon MacKenzie King, and 4) Louis St. Laurent (answers at the bottom of the email)"
Fall 2021,thursday-series,Canada and the United States -”Unidentical Twins”,2021-10-07,,Canada and the United States: Unidentical,Christopher Sands,,,"In 1986, President Ronald Reagan and Canadian Prime Minister Brian Mulroney met in Quebec City and agreed to negotiate the Canada-U.S. Free Trade Agreement, which took effect in January of 1989. NAFTA followed in 1994, adding Mexico. In 2020 both agreements were replaced with a new United States Mexico Canada Agreement (USMCA). How has trade between Canada and the United States changed, and what is the future of this economic partnership and international friendship?",Record sourced from OLLI announcement emails (BLC-012); not printed in any received catalog.; speaker taken from the bio paragraph (announcement names no speaker in the title line); No printed catalog exists for the Fall 2021 season — record reconstructed from announcement emails.,"Christopher Sands is Senior Research Professor and Director of the Center for Canadian Studies at Johns Hopkins University’s School of Advanced International Studies and Director of the Canada Institute at the Woodrow Wilson International Center for Scholars, both in Washington, DC. Originally from Detroit, he went to Plymouth Canton High School and then to Macalester College in St. Paul Minnesota where he became fascinated by Canada, which has improbably become the basis for his career.

THREE QUESTIONS RELATED TO CHRISTOPHER SANDS, PHD LECTURE 1. About 12% of the U. S. economy is driven by exports of goods and

services to other countries. About what percentage of the Canadian economy is driven by exports? 2. Which of the following corporations were created in Canada?

1)

Enbridge 2) Blackberry 3) Lululemon and 4) Moose Jaw 3. Which Canadian province was once a major producer of asbestos?

(answers at the bottom of the email)"
Fall 2021,thursday-series,Canada and the United States -”Unidentical Twins”,2021-10-14,,Canada and the United States: Unidentical,,,,"In this lecture, Geneviève Zubrzycki will present an overview of the making of Catholic FrenchCanadian identity in the 19th century, and the rejection of that identity in the 1960s, when a secular Québécois identity was articulated instead. She will discuss the role of Québécois identity in recent debates over immigration, the place of religious symbols in the public sphere, and the politics of cultural heritage. Geneviève Zubrzycki is Professor of Sociology and Director of the Weiser Center for Europe and Eurasia at the University of Michigan. She is the author of the award-winning books The Crosses of Auschwitz: Nationalism and Religion in Post-Communist Poland (Chicago 2006) and Beheading the Saint: Nationalism, Religion and Secularism in Quebec (Chicago 2016). A 2021 Guggenheim Fellow, her next book analyzes the revival of Jewish communities in Poland and non-Jewish Poles’ interest in all things Jewish.

Three questions related to Prof. Geneviève Zubrzycki lecture: 1. What is the motto of Quebec on the provincial license plates? 2. What and when was the ""Quiet Revolution"" in the history of Quebec? 3. Which Canadian province is the only officially bilingual province?

(answers at the bottom of the email)",Record sourced from OLLI announcement emails (BLC-012); not printed in any received catalog.; No printed catalog exists for the Fall 2021 season — record reconstructed from announcement emails.; Speaker not named in the announcement email.,
Fall 2021,thursday-series,Canada and the United States -”Unidentical Twins”,2021-10-21,,Canada and the United States: Unidentical,,,,"Professor Metallic will provide an overview of the legal protection provide to Indigenous peoples under Canadian law and provide some critical perspective of this law as it compares, drawing out some of the divergence between Canadian and US law in this regard. Naomi Metallic (BA (Dalhousie), LLL (Ottawa), LLM (Osgoode), is Chair in Aboriginal Law and Policy at Dalhousie University in Halifax, Nova Scotia, and is currently pursuing her Ph.D. at the University of Alberta. Since 2015 she has been on the ""Best Lawyer in Canada"" list for Aboriginal Law. A member of the Listuguj Mìgmaq First Nation, she is the first Indigenous lawyer to clerk at the Supreme Court of Canada. Her publications and presentations focus on how Canadian law can be harnessed to promote the well-being and self-determination of Canada’s Indigenous peoples.

Three questions related to Prof. Naomi Metallic’s lecture: 1. Which Canadian territory is governed by the Inuit people? 2. How are the Inuit distinct from the First Nations peoples of Canada? 3. Members of which of the following tribes currently live in both Canada

and the U.S.? 1) Iroquois, 2) Oneida, 3) Seneca, and 4) Mohawk. (answers at the bottom of the email)",Record sourced from OLLI announcement emails (BLC-012); not printed in any received catalog.; No printed catalog exists for the Fall 2021 season — record reconstructed from announcement emails.; Speaker not named in the announcement email.,
Fall 2021,thursday-series,Canada and the United States -”Unidentical Twins”,2021-10-28,,Canada and the United States: Unidentical,Gregory P. Marchildon,,,"Focusing on the ways in which both the US and Canadian health systems have been misrepresented in both countries, Marchildon describes the essential features of each system, explaining where they differ and where they are surprisingly similar. He will examine the respective strengths and weaknesses of each health system and the prospects for major change and, most importantly, will highlight what he thinks each country could actually learn from the other.",Record sourced from OLLI announcement emails (BLC-012); not printed in any received catalog.; speaker taken from the bio paragraph (announcement names no speaker in the title line); No printed catalog exists for the Fall 2021 season — record reconstructed from announcement emails.,"Gregory P. Marchildon is the Ontario Research Chair in Health Policy and System Design at the Institute of Health Policy, Management and Evaluation at the University of Toronto. He is also Director of the North American Observatory on Health Systems and Policies and crossappointed to the Munk School of Global Affairs and Public Policy at the University of Toronto. He has written numerous articles and books on comparative health systems, the history of environmental policy and health policy, federalism, and the evolution of universal health coverage in Canada.

Three questions related to Gregory P. Marchildon’s lecture: 1. Why is Tommy Douglas important in the history of health care in

Canada? 2. In what sense does Canada have a single-payer health insurance

system? 3. What percentage of Canadian health care spending is currently paid by

all Canadian governments combined? 1) 50%, 2) 100%, 3) 70% or 4) 80% (answers at the bottom of the email)"
Fall 2021,thursday-series,Our Changing Economics Landscape,2021-11-04,10:00 - 11:30am,Whither Capitalism?,Jim Adams,,,"What is capitalism? What forms does it take in the world today? What forms did it take in the past? What forms will it take in the future? As economic systems go, has it performed well or poorly? In this lecture, Jim Adams will discuss the meaning of capitalism, the criteria we might use to evaluate capitalism, and the varieties of capitalism that have existed over time and across the globe. One lesson to emerge from this exercise will be a recognition that governments and markets are not opposites: The varieties of capitalism consist of diverse ways of combining government and market mechanisms to achieve socially desirable outcomes. Important measures of ""outcome"" include not only GDP per capita but also the distribution of health, happiness, income, and wealth.

Born in New York City and raised in East Lansing, Michigan, Jim Adams received three degrees in economics (AB summa cum laude, AM, and PhD) from Harvard University. In 1973, he joined the faculty of the University of Michigan, where his current title is Shorey Peterson Professor of Industrial Organization, Arthur F. Thurnau Professor, and Professor of Economics. Adams has won numerous prizes for his teaching, including the Amoco Foundation Award and the Golden Apple Award. The University of Michigan nominated him for both the U.S. Professors of the Year Award and the Michigan Distinguished Professor of the Year Award. In his research, Adams has studied public policies toward business in the United States and economic integration in Europe. His monograph, Restructuring the French Economy: Government and the Rise of Market Competition since World War II, is cited on both sides of the Atlantic. Adams has held numerous administrative positions, including chair of his department, associate dean of his college, director of the Program in Philosophy, Politics, and Economics, and director of the Center for West European Studies. He has held visiting professorships at six European universities, including the University of Paris I Panthéon-Sorbonne and the University of Paris Dauphine. He has advised the Federal Trade Commission, the U.S. Ambassador to France, and several foreign policy departments of the U.S. government. The father of two grown sons, he is married to a professor emerita of pediatric rheumatology.

This OLLI lecture will be livestreamed via Zoom, in a Webinar format. You are able to join the lecture via the link below OR you can call-in with your phone, via the call-in information below. This email is for registered participants only, please do not share the webinar login information.

0586",Record sourced from OLLI announcement emails (BLC-012); not printed in any received catalog.; speaker identified from the description text; No printed catalog exists for the Fall 2021 season — record reconstructed from announcement emails.,
Fall 2021,thursday-series,Our Changing Economics Landscape,2021-11-11,11:00am - 12:30pm,The Economic Impact of Harnessing Artificial Intelligence,,,,"change* Artificial Intelligence technologies are expected to have a meaningful impact on the U.S. economy. After a brief introduction of AI from a technology perspective, we will learn about anticipated effects of AI on productivity and economic growth in the U.S. Further, how the U.S. should be thinking about policy (e.g., regulation) to address AI? We will also review the potential global effects on economies and societies, including competition among countries, and impacts on the wealth gaps between developed and developing countries.

Robert Seamans (Ph.D., UC Berkeley) is an Associate Professor at New York University’s Stern School of Business and Director of the Center for the Future of Management. Professor Seamans’ research focuses on how firms use technology in their strategic interactions with each other, and also focuses on the economic consequences of AI, robotics and other advanced technologies. His research has been published in leading academic journals and been cited in numerous outlets including The Atlantic, Forbes, Harvard Business Review, The New York Times, The Wall Street Journal and others. In 2015, Professor Seamans was appointed as the Senior Economist for technology and innovation on President Obama's Council of Economic Advisers. Relevant information to this lecture: ""Artificial intelligence is the simulation of human intelligence processes by machines, especially computer systems."" Source: https://searchenterpriseai.techtarget.com/definition/AI-Artificial-Intelligence

What is Artificial Intelligence (AI)? - AI Definition and How it Works searchenterpriseai.techtarget.com Artificial intelligence (AI) is the simulation of human intelligence processes by machines, especially computer systems. Read to learn full definition and more.",Record sourced from OLLI announcement emails (BLC-012); not printed in any received catalog.; speaker not named in the announcement email; No printed catalog exists for the Fall 2021 season — record reconstructed from announcement emails.,
Fall 2021,thursday-series,Our Changing Economics Landscape,2021-11-18,10:00am - 11:30pm,Tax Policy and Wealth Inequality in the US: Trends and Remedies,,,,"What is the relationship between tax policy and the economy; in particular, what policies tend to stimulate economic growth and employment? We will learn about U.S. trends in both income and corporate tax policies in recent years, reasons for these trends, and how they have contributed to our increasing wealth inequality. We will further explore a design for a more equitable income and corporate tax system for the US that could substantially reduce wealth inequality.

Reuven S. Avi-Yonah specializes in corporate and international taxation. He has served as a consultant to the U.S. Department of the Treasury and the Organisation for Economic Co-operation and Development (OECD) on tax competition, and is a member of the steering group for OECD's International Network for Tax Research. He also is a member of the American Law Institute, a fellow of the American Bar Foundation and the American College of Tax Counsel, and an international research fellow at Oxford University's Centre for Business Taxation. In addition to prior teaching appointments at Harvard University (law) and Boston College (history), he practiced law with Milbank, Tweed, Hadley & McCloy in New York; with Wachtell, Lipton, Rosen & Katz in New York; and with Ropes & Gray in Boston. He has published more than 250 books and articles, including Advanced Introduction to International Tax Law (Elgar, 2019), Global Perspectives on Income Taxation Law (Oxford University Press, 2011), and International Tax as International Law (Cambridge University Press, 2007).

Resources to accompany this series: Attached to this email.",Record sourced from OLLI announcement emails (BLC-012); not printed in any received catalog.; speaker not named in the announcement email; No printed catalog exists for the Fall 2021 season — record reconstructed from announcement emails.,
Fall 2021,thursday-series,Our Changing Economics Landscape,2021-12-02,10:00am - 11:30pm,The Economics of Migration,Dean Yang,,,"We will consider how migration is transforming societies around the globe. Are receiving countries better or worse off when they welcome new immigrants? How can migrantreceiving societies do a better job welcoming immigrants? How do sending countries fare when their citizens leave? How can sending countries best harness international migration opportunities for development back home? Overall, is a world with international migration better off than a world without it?",Record sourced from OLLI announcement emails (BLC-012); not printed in any received catalog.; speaker taken from the bio paragraph (2022-era announcements print no Speaker line); No printed catalog exists for the Fall 2021 season — record reconstructed from announcement emails.,"Dean Yang is Professor of Economics and Public Policy at the University of Michigan. His research agenda spans international migration, microfinance, health, disasters, and political economy. His fieldwork locations include El Salvador, Guatemala, Indonesia, Malawi, Mozambique, and the Philippines, as well as migrant populations worldwide. He teaches courses in development economics at the Ph.D., master, and undergraduate levels. A native of the Philippines, he received his undergraduate and Ph.D. degrees in economics from Harvard University."
Fall 2021,thursday-series,Our Changing Economics Landscape,2021-12-16,10:00am - 11:30pm,"Wealth Redistribution, Innovations, and Sustainability: How American Health Care Became So Chaotic",Dr. Gabriel Winant,,,"How did the American health care system develop its fragmented, irrational form? The answer is found in an unlikely place—the construction of the modern insurance system through collective bargaining in industry in the postwar years. The organized economic power of industrial workers had a transformative effect on the health care market and reshaped health care policy, as workers’ efforts to preserve their own health and well-being interacted with emerging deindustrialization and rising social inequality. Gabriel Winant is a historian at the University of Chicago. His first book, The Next Shift: The Fall of Industry and the Rise of Health Care in Rust Belt America, was published this year by Harvard University Press.

Key Terms: Health Economics: is a branch of economics concerned with issues related to efficiency, effectiveness, value and behavior in the production and consumption of health and healthcare. "" *Source: https://en.wikipedia.org/wiki/Health_economics",Record sourced from OLLI announcement emails (BLC-012); not printed in any received catalog.; No printed catalog exists for the Fall 2021 season — record reconstructed from announcement emails.,
Winter/Spring 2022,thursday-series,Global Waters,2022-01-13,10:00am - 11:30pm,From Coast to Coast... to Coast: Exploring Your National Marine Sanctuaries,Ellen Brody and Stephanie Gandulla,,,"The Office of National Marine Sanctuaries serves as the trustee for a network of underwater parks encompassing more than 600,000 square miles of marine and Great Lakes waters from Washington state to the Florida Keys, and from Lake Huron to American Samoa. Join Ellen Brody and Stephanie Gandulla for a virtual tour of these underwater treasures and learn about the work to protect and preserve sanctuaries for this and future generations. As the Great Lakes Regional Coordinator for NOAA’s Office of National Marine Sanctuaries, Ellen Brody works with Great Lakes communities on new sanctuary designations and nominations, coordinates programs for the national marine sanctuaries, and builds partnerships with other government agencies and organizations. Ellen is currently leading the designation for the proposed Lake Ontario National Marine Sanctuary. Ellen spent her first nine years with NOAA in Washington, D.C. in the national coastal zone management office, while focusing on the Great Lakes. Ellen works in Ann Arbor, MI at the NOAA Great Lakes Environmental Research Lab. She has a B.S. and M.S. in environmental policy from the University of Michigan. Stephanie Gandulla is a maritime archaeologist and the Research Coordinator for NOAA's Thunder Bay National Marine Sanctuary, based in Alpena, Michigan. She has participated in projects around the world including the Great Lakes, the South Pacific, Sweden, Jamaica, and the Arctic. She holds a B.A in English from Montana State University and an M.A. in Maritime Studies from East Carolina University in Greenville, North Carolina. Gandulla has published and presented a number of papers on topics ranging from Civil War armament and maritime battle techniques to Swedish maritime material culture and has experience in various archaeological documentation techniques, public interpretation, and cultural resource protection policies.",Record sourced from OLLI announcement emails (BLC-012); not printed in any received catalog.; No printed catalog exists for the Winter/Spring 2022 season — record reconstructed from announcement emails.,
Winter/Spring 2022,thursday-series,Global Waters,2022-01-20,10:00am - 11:30pm,Rivers of Power,Dr. Laurence C. Smith,,,"This talk explores the many ways that humans have used rivers over time, and how we continue to do so today. Since our earliest cities established along the Tigris-Euphrates, Indus, Nile, and Yellow Rivers, anthropogenic use of rivers has changed over time and space. Yet their critical importance persists because they provide five fundamental benefits: access, natural capital, territory, wellbeing, and power. The manifestations of these benefits have changed, but societal demands for them have not. Professor Smith has published over 100 peer-reviewed articles, essays and books about the Arctic, water resources, and satellite remote sensing technologies. He is a Guggenheim Fellow and American Geophysical Union Fellow. His research has been reported by The New York Times, The Wall Street Journal, The Economist, The Los Angeles Times, NPR, BBC, and others, and he was an invited speaker at the World Economic Forum in Davos. His general audience book THE WORLD IN 2050: Four Forces Shaping Civilization's Northern Future won the Walter P. Kistler Book Award and was a Nature Editor's Pick of 2012. His second book Rivers of Power about rivers and society, was a Geographical best book of 2020.",Record sourced from OLLI announcement emails (BLC-012); not printed in any received catalog.; No printed catalog exists for the Winter/Spring 2022 season — record reconstructed from announcement emails.,
Winter/Spring 2022,thursday-series,Global Waters: The Tip of the Iceberg,2022-01-27,10:00am - 11:30pm,Global Rivers: A New View from Space,Prof. Tamlin M. Pavelsky,,,"The world’s rivers are the veins of our continents, moving water, pollutants, cargo and people from the mountains to the sea. However, we know surprisingly little about their characteristics at a global scale—how wide are they? when do they freeze? How much sediment do they carry? Images from satellites can help us answer all of these questions. We will explore how a new era of spacebased observations is changing our view of rivers. Tamlin Pavelsky is a professor of global hydrology at UNC Chapel Hill. He received his BA from Middlebury College and PhD from UCLA in Geography. Tamlin is the NASA hydrology lead on the Surface Water and Ocean Topography satellite mission, launching in 2022. He received a 2012 Presidential Early Career Award for Scientists and Engineers, the highest U.S. government award for",Record sourced from OLLI announcement emails (BLC-012); not printed in any received catalog.; No printed catalog exists for the Winter/Spring 2022 season — record reconstructed from announcement emails.,"early career researchers. Tamlin grew up outside Fairbanks, Alaska in cabins without electricity or running water."
Winter/Spring 2022,thursday-series,Global Waters: The Tip of the Iceberg,2022-02-03,1:00 - 2:30pm,A History of Water Accumulation and Loss in the Great Lakes,Dr. Andrew Gronewold,,,"Not included in the announcement email — the reminder-email format of this era lists only date, title, series, and venue.",Record sourced from OLLI announcement emails (BLC-012); not printed in any received catalog.; No printed catalog exists for the Winter/Spring 2022 season — record reconstructed from announcement emails.,"Dr. Gronewold will provide an overview of the history behind water level monitoring on the Great Lakes, including a perspective on how water accumulates and is lost over multi-decadal, annual, and seasonal time scales. His talk will include a focus on changes in water levels over the past 30 years, with an emphasis on how climate change is altering the components of the hydrologic cycle,

and implications for water distribution across the Great Lakes region and North America. Dr. Andrew Gronewold, P.E., is an Associate Professor with the School for Environment and Sustainability (SEAS) at the University of Michigan. He also holds adjunct faculty appointments in the University of Michigan’s Department of Civil and Environmental Engineering, and the Department of Earth and Environmental Sciences. Much of Dr. Gronewold’s current research focuses on monitoring, analyzing, and forecasting the long-term water budget and water levels of the Laurentian Great Lakes."
Winter/Spring 2022,thursday-series,Global Waters: The Tip of the Iceberg,2022-02-10,10:00 - 11:30am,The Coastal Ocean Environment Summer School in Ghana and the Ocean Corps,Brian K. Arbic,,,"I will describe an oceanography summer school that we have been running in Ghana for one week every August since 2015. I will also describe the concept of an “Ocean Corps”, which is inspired by the Peace Corps and aspires to increase global collaborations in ocean science, to the benefit of all nations.

I am a physical oceanographer. I use computer animations to simulate flows in the ocean and the interactions of the ocean with the atmosphere. I study tides, internal gravity waves (waves that have a maximum displacement signal well below the sea surface), and mesoscale eddies (the oceanic equivalent of atmospheric weather systems). I am also a former Peace Corps volunteer. I taught secondary level math and physics in Ghana from 1990-1992.

Zoom link for the lecture: 3184 7158",Record sourced from OLLI announcement emails (BLC-012); not printed in any received catalog.; No printed catalog exists for the Winter/Spring 2022 season — record reconstructed from announcement emails.,
Winter/Spring 2022,thursday-series,Global Waters: The Tip of the Iceberg,2022-02-17,10:00 - 11:30am,Making the Provision of Water Services Efficient and Equitable,Nancy G. Love,"Ph.D., P.E., BCEE",,"Public sector water infrastructure in high income countries (HICs) is primarily centralized, where resources serving large segments of a community’s population flow in and out of a single hub. The future, however, requires more flexible and sustainable approaches. This presentation will review the history of water infrastructure, the consequences of that history on the quality of water services, and options for the future both in HICs as well as low and middle income countries. Dr. Nancy G. Love is a Professor of Civil and Environmental Engineering at the University Michigan. Along with her students and collaborators, Dr. Love works at the interface of water quality, infrastructure and public health in both domestic and global settings. Dr. Love emphasizes practical applications and real-world impact with her research and teaching. She is a licensed professional engineer (PE) in the state of Michigan and a Board Certified Environmental Engineer (BCEE)

Zoom link for the lecture: 8148 4499",Record sourced from OLLI announcement emails (BLC-012); not printed in any received catalog.; title recovered from the announcement subject (the email heading rendered as emoji); No printed catalog exists for the Winter/Spring 2022 season — record reconstructed from announcement emails.,
Winter/Spring 2022,thursday-series,Music In Detroit and Michigan: The Legend Continues,2022-02-24,10:00 - 11:30am,Common Chords,Rev. Robert Jones,Sr. & Matt Watroba,,"is a 501c3 educational organization dedicated to using music and the arts to tear down the walls that divide us. Co-founders Rev. Robert Jones and Matt Watroba are award winning performers and creative collaborators. They are musical partners, educators and have been friends for thirty-five years. Robert and Matt use traditional and original music and stories to emphasize the importance of understanding and valuing the perspective of every person. Their programs center around learning to question the answers that each of us hold as truth. Matt Watroba is a singer/songwriter, native Detroiter, song leader with many connections to Ann Arbor, including numerous shows at The Ark and as a song leader at Ann Arbor Senior Center. He is known as the voice of folk music in Michigan through his former work at WDET and the syndicated Folk Alley radio program. He is currently producer and host of WKAR’s Folks Like Us radio program on Sunday evenings. He was inducted into the Folk DJ Hall of Fame in 2019. Rev. Robert Jones, Sr. is a native Detroiter and an inspirational storyteller and musician celebrating the history, humor and power of American Roots music. His deep love for traditional African American and American traditional music is shared in live performances that interweave timeless stories with original and traditional songs. For more than thirty years Robert has entertained and educated audiences of all ages. At the heart of his message is the belief that our cultural diversity tells a story that should celebrate, not just tolerate. ***Sponsored by Anonymous-Lovers of Folk Music***

Resources for this lecture series:

Zoom link for the lecture: 8148 4499",Record sourced from OLLI announcement emails (BLC-012); not printed in any received catalog.; No printed catalog exists for the Winter/Spring 2022 season — record reconstructed from announcement emails.,
Winter/Spring 2022,thursday-series,Thursday Morning Lecture Series,2022-03-10,10:00 - 11:30am,"Detroit's Lost Soul: The story of Detroit's legendary songwriting team, Holland-Dozier-Holland, their Invictus and Hot Wax record labels, and Detroit's erased musical legacy",Professor Christian Matijas-Mec,,,"Between 1968-1971, Motown ceased operating in Detroit and relocated their operations to the West coast. Still, music continued to be made in the city by a variety of artists, including the songwriting trio HollandDozier-Holland for their newly formed record labels. Their music was as brilliant and powerful as any they made for Motown but this substantial chapter in their work has been written out of narratives about cultural and musical histories. This is a fascinating, behind the scenes story that highlights the relationship between music, corporate greed, evolving music business models, organized crime, politics, white flight, sociodemographics and so much more. Christian Matijas-Mecca is Chair of the Department of Dance and a Professor of Dance and Music at the University of Michigan. Christian joined the UM in 1998 after serving for several years on the faculty at Interlochen Arts Academy. A leading researcher and pianist in dance and music studies, Christian has served as musical repetiteur in the staging of dances by Balanchine, Graham, Weidman, Taylor, Dean, and Lubovitch, and has accompanied for directors and artists from dance companies including the New York City Ballet, Bolshoi Ballet, Martha Graham Dance",Record sourced from OLLI announcement emails (BLC-012); not printed in any received catalog.; No printed catalog exists for the Winter/Spring 2022 season — record reconstructed from announcement emails.,"Company, Paul Taylor Dance Company, and others. Christian has composed works for dance that include a commissioned score for the Alvin Ailey Dance Company, Existence Without Form (2006). He is the author of The Words and Music of Brian Wilson (Praeger, 2017), and Listen to Psychedelic Rock: Exploring a Musical Genre (Greenwood, 2020), and between 2000-2009 he released six 4 Form 203 OLLI Speaker Information Form Updated 4-25-21 CDs, from which four are largely dedicated to original compositions. *** This lecture is sponsored by Linda Bennett and Bob Bagramian ***

Resources for this lecture series:

Zoom link for the lecture: 6963 1204"
Winter/Spring 2022,thursday-series,Music In Detroit and Michigan: The Legend Continues,2022-03-17,10:00 - 11:30am,Modern Opera,Ryan Enbright,,,"Composer Meredith Monk’s opera Atlas is an anomaly. Though operatic in some ways—it prizes the beauty of the human voice—it deviates from convention by conveying its narrative through music and movement, but not words. It was one of many that redefined the experience of opera in the 1980s and ‘90s. This presentation traces the development of Atlas, using the story of its creation as a window into broader transformations in American opera at the end of the twentieth century. Ryan Ebright is a musicologist at Bowling Green State University. His work on 20th-century and contemporary opera has appeared in the New York Times, New Yorker, Cambridge Opera Journal, and American Music. His current book project, Making American Opera after “Einstein,” centers on the efforts of artists and institutions over the last forty years to redefine American opera. As a public scholar, he has given talks for the Los Angeles Philharmonic, Opera Philadelphia, and Toledo Symphony.

**Sponsorship**: “In memory of my parents who instilled in me and my sister a lifelong love of opera.” -Susan Fisher Resources for this lecture series:

Zoom link for the lecture:

6963 1204",Record sourced from OLLI announcement emails (BLC-012); not printed in any received catalog.; No printed catalog exists for the Winter/Spring 2022 season — record reconstructed from announcement emails.,
Winter/Spring 2022,thursday-series,Music In Detroit and Michigan: The Legend Continues,2022-03-24,10:00 - 11:30am,Music of Arab America,Dr. Christopher Witulsk,,,"The music of Arab American communities over the last 100-plus years shows a constant navigation of tradition and innovation. The first half of this presentation introduces some of the core elements of Arab music with examples and demonstrations before moving to an overview of how these musical ideas evoke both memory and novelty. The musical history shows creativity and adaptation alongside the assertion of a communal identity, forces that can be in tension, especially as musicians target larger audiences. Christopher Witulski is an assistant teaching professor of ethnomusicology at Bowling Green State University. He is the author of two books on music and religion in Morocco (The Gnawa Lions, Indiana University Press and Focus: Music and Religion of Morocco, Routledge Press) and teaches on topics related to Arab music. His recent work is building a collaborative project exploring music within Arab America.

**Sponsorship**: “Dedicated to all those adults and children who, sing, play an instrument and/or support musicians. Music opens the world.” -Linda Grekin Resources for this lecture series:

Zoom link for the lecture:

6963 1204",Record sourced from OLLI announcement emails (BLC-012); not printed in any received catalog.; No printed catalog exists for the Winter/Spring 2022 season — record reconstructed from announcement emails.,
Winter/Spring 2022,thursday-series,Music In Detroit and Michigan: The Legend Continues,2022-03-31,10:00 - 11:30am,The History and Influence of Motown Music,Mark Clague,,,"More than half a century ago, the Motown sound had its roots in Detroit, the “Motor City.” How did Motown music start and why? What defines Motown music? What are the major characteristics of Motown? What is its relationship to soul music? Professor Clague will discuss the rich history of Motown music and the impact it had on other music genres. Join Professor Clague for a trip down memory lane to hear What’s Going On? Mark Clague is the Associate Dean for Undergraduate Academic Affairs; Director, U-M Gershwin Initiative; Co-Editor-In-Chief, MUSA; Associate Professor of Musicology and Entrepreneurship and Leadership at the University of Michigan. Professor Clague researches music-making in the United States, with recent projects focusing on the “The Star-Spangled Banner” and the music of George and Ira Gershwin. His interests center on questions of how music forges and shapes social relationships in such subjects as American orchestras as institutions, critical editing, the art of sound as simultaneously a transcendent emotional expression and an everyday tool for living.

**Sponsored by the Major Family in memory of Nancy Major - Rock on! Resources for this lecture series:

Zoom link for the lecture:

6963 1204",Record sourced from OLLI announcement emails (BLC-012); not printed in any received catalog.; No printed catalog exists for the Winter/Spring 2022 season — record reconstructed from announcement emails.,
Winter/Spring 2022,thursday-series,Music In Detroit and Michigan: The Legend Continues,2022-04-07,10:00 - 11:30am,Jazz in Post-WWII Detroit: The Performers and Their Contributions,Dr. Vincent Chandler,,,"Detroit has made significant contributions to jazz music since the early years of the 20th Century, including the contemporary era. However, Detroit is best known for contributing to the development of the bebop style and nurturing many jazz performers who emerged in the 1950s and 1960s to national and international prominence. In this presentation the primary focus will be on some of those performers and the nature of their contributions. Dr. Vincent Chandler is a native Detroiter. He earned two degrees at the University of Michigan: Bachelor of Fine Arts in Music and a Master of Music in Improvisation. He was a 2020 Kresge artist fellow. He is now an assistant professor in Jazz Studies and Jazz Trombone at Wayne State University. He has studied and/or performed with such Detroit jazz artists as Marcus Belgrave, James Carter, Geri Allen, and Rodney Whitaker, as well as here and abroad with Wynton Marsalis, Roy Hargrove, and Ravi Coltrane. He is a notable sideman, composer/arranger, scat singer, and 4 bandleaders.

Resources for this lecture series:

Zoom link for the lecture: 6963 1204",Record sourced from OLLI announcement emails (BLC-012); not printed in any received catalog.; No printed catalog exists for the Winter/Spring 2022 season — record reconstructed from announcement emails.,
Winter/Spring 2022,thursday-series,Native Americans of the Great Lakes Region,2022-04-14,10:00 - 11:30am,The Indigenous Midwest Prior to European Contact,John N. Low,Ph.D,,"Indigenous people migrated to the Americas more than 15,000 years ago. Their settlements spread over all of North, Central and South America, long before Indigenous or Native Peoples were the original inhabitants of the Great Lakes region, having migrated from other locales many thousands of years ago. Focusing on the Potawatomi, of which he is a member, Professor Low will share his knowledge of Indigenous Peoples who lived in the Great Lakes region of what is now the United States prior to European contact and what their lives were like - beginning with Creation and moving to the 17th Century. He will address such topics as migration, housing, trade, transportation, and interactions with other

tribes. Overall, he will present the incredible history and diversity of the Native Peoples of the Great Lakes region, who were and are Indigenous to these lands. John N. Low received his Ph.D. in American Culture at the University of Michigan and is an enrolled citizen of the Pokagon Band of Potawatomi Indians. He is also the recipient of a graduate certificate in Museum Studies and a Juris Doctorate from the University of Michigan. He earned a BA from Michigan State University, a second BA in American Indian Studies from the University of Minnesota, and an MA in the Social Sciences from the University of Chicago. He is an associate professor in Comparative Studies at the Ohio State University, and also serves as the Director of the Newark Earthworks Center. He is an award-winning author, and his most recent book is Imprints, the Pokagon Band of Potawatomi and the City of Chicago (2016).

*THIS LECTURE WILL NOT BE RECORDED PER SPEAKER REQUEST*

Zoom link for the lecture: 6963 1204",Record sourced from OLLI announcement emails (BLC-012); not printed in any received catalog.; No printed catalog exists for the Winter/Spring 2022 season — record reconstructed from announcement emails.,
Winter/Spring 2022,thursday-series,Native Americans of the Great Lakes Region,2022-04-28,10:00 - 11:30am,Lessons of the Land in Indigenous Languages of the Great Lakes,Margaret Noodin,PhD,,"This talk will introduce the indigenous view of Great Lakes history through indigenous languages that have been spoken for millennia in the region. These languages have shaped the ways that speakers experience and express their place in nature, their spiritual beliefs, and their relationships to other human and non-human beings. The loss of traditional languages through intentional erasure and forced assimilation has had profound impacts on individual identities and indigenous cultures. Professor Noodin, who is of Anishinaabe descent, is an American poet and Professor of English and American Indian Studies at the University of Wisconsin—Milwaukee where she also serves as Associate Dean of Humanities. She is the director of the Electa Quinney Institute for American Indian Education and is the editor of objiwe.net. Professor Noodin is the author of two collections of bilingual poetry in

Anishinaabemowin and English. She received an MFA in Creative Writing and a PhD in English and Linguistics from the University of Minnesota. At the University of Michigan she served as Director of Comprehensive Studies. With her daughters, both U of Michigan students, she belongs to a women’s hand drum group which sings in Anishinaabemowin.

Zoom link for the lecture: 6963 1204",Record sourced from OLLI announcement emails (BLC-012); not printed in any received catalog.; No printed catalog exists for the Winter/Spring 2022 season — record reconstructed from announcement emails.,
Winter/Spring 2022,thursday-series,Native Americans of the Great Lakes Region,2022-05-05,10:00 - 11:30am,Historical and Contemporary Issues of American Indians Residing in the Michigan Great Lakes Region: Challenges and Strengths,Sandra Momper,"PhD, MSW",,"This lecture will provide an historical overview of Michigan Indians, both rural and urban, including who they were and who they are in today; the impacts of colonialism on substance misuse, suicide, poverty and other contemporary issues including our tragedy of murdered and missing Indian women; an overview of strengths in the face of overwhelming odds, including Tribal culture and resilience; tribal ways of knowing and healing and the fact that ""we still remain."" Sandra Momper is a citizen of the Bad River Band of Chippewa Indians and an Associate Professor of Social Work at the University of Michigan. She collaborates with American Indian Health and Family Services in Detroit on SAMHSA grants to address suicide prevention/ intervention, and substance misuse among rural and urban American Indians and Alaska Natives. Her 20 years of clinical and community organizing experience with American Indian and African American families informs her research.

Zoom link for the lecture: 6963 1204",Record sourced from OLLI announcement emails (BLC-012); not printed in any received catalog.; No printed catalog exists for the Winter/Spring 2022 season — record reconstructed from announcement emails.,
Winter/Spring 2022,thursday-series,Native Americans of the Great Lakes Region,2022-05-12,11:00 - 12:30pm,Omission as the Modern Form of Bias Against Indigenous People,Stephanie A. Fryberg,PhD,,"In U.S. culture, Indigenous People loom large in romanticized and stereotyped ways, yet contemporary Indigenous Peoples are largely omitted from the public conscience. In K-12 education, for example, 87% of references to Indigenous Americans portray them in a pre-1900’s context. Utilizing both experimental and national survey studies, I will demonstrate that prevalent representations or lack of representations (omission) of Indigenous Peoples: 1) shape how people think about and act towards contemporary Indigenous Peoples, 2) negatively impact Indigenous Peoples’ well-being and 3) galvanize Indigenous efforts to change the status quo through civic engagement. By making visible the pernicious consequences of and highlighting Indigenous resistance to omission, this research illuminates a path towards creating a more equitable future for Indigenous Peoples. Stephanie A. Fryberg, a member of the Tulalip Tribes of Washington State, is the Diversity and Social Transformation Professor of Psychology at the University of Michigan. As a social and cultural psychologist, her research focuses on how social representations of race, culture, and social class influence the development of self, psychological well-being, physical health, and educational attainment. In addition to publishing articles in leading academic journals, Dr. Fryberg provided testimony to the U.S. Senate Committee on Indian Affairs, received the Society for the

Psychological Study of Social Issues Early Career Award, and was inducted into Stanford University’s Multicultural Alumni Hall of Fame.

*SPONSORSHIP: ""We are celebrating the 80th/90th years of life being seen as women who will not go quietly into the night. Emily, Gwen, Maureen, and Miriam."" ~ Fran Weinstein

Zoom link for the lecture: 6963 1204",Record sourced from OLLI announcement emails (BLC-012); not printed in any received catalog.; No printed catalog exists for the Winter/Spring 2022 season — record reconstructed from announcement emails.,
Winter/Spring 2022,thursday-series,Native Americans of the Great Lakes Region,2022-05-19,10:00 - 11:30am,Native Americans and the Environment,Frank Ettawageshik,,,"Some call Native Americans the First Environmentalists. For thousands of years, they used natural resources in every aspect of their lives, be it animal skins for clothing or trees for habitat and transportation. They hunted, fished, and farmed. And, in general, they lived very close to nature. They held a deep reverence for a nurturing and healthy environment, viewing humans as only one strand in a complex, interdependent web of life. Frank Ettawageshik will address the Native American perspective on the environment, their philosophy about and approach to environmental issues, both in the past and at present. He will also describe his own experiences in working to protect Michigan’s lakes and rivers as well as his work on United Nations Climate Change initiatives. Frank Ettawageshik is a member of the Little Traverse Bay Bands of Odawa Indians in Harbor Springs, MI. He serves as Executive Director of the United Tribes of Michigan and was chosen by the Native Nations Institute to serve as its 2010 Indigenous Leadership Fellow. He served as the Tribal Chairman of the Little Traverse Bay Bands of Odawa Indians for fourteen years. As Tribal Chairman he was instrumental in the adoption of the Tribal and First Nations Great Lakes Water Accord in 2004 and the United League of Indigenous Nations Treaty in 2007. He is also the Chairman of the United League of Indigenous Nations Governing Board and the Cochair of the National Congress of American Indians Federal Recognition Task Force. In both December 2015 and October-November 2021 he attended the United Nations global climate summit, Council of the Parties 21/26, (UNFCCC COP21/26) as a delegate from the National Congress of American Indians.

Zoom link for the lecture:

6963 1204",Record sourced from OLLI announcement emails (BLC-012); not printed in any received catalog.; No printed catalog exists for the Winter/Spring 2022 season — record reconstructed from announcement emails.,
Winter/Spring 2022,thursday-series,Native Americans of the Great Lakes Region,2022-05-26,10:00 - 11:30am,From Encounter to Removal: Indigenous Persistence Strategies in the Western Great Lakes,Susan Sleeper-Smith,PhD,,"This lecture traces the involvement of Europeans in an Indigenous world and discusses the crucial role that women played in that encounter. Indigenous women’s involvement in the fur trade facilitated their role as cultural intermediaries with the French and English in the 17th and 18th centuries, and with the Americans in the early 19th century. This presentation focuses on the persistence strategies that allowed women to commercially exchange peltry for European trade cloth, the changes that both Indigenous people and Europeans experienced, and why and how the U.S. government attempted to remove them, rather unsuccessfully, in the 19th century. Dr. Susan Sleeper-Smith is Professor of History and American Indian and Indigenous Studies at Michigan State University. Her research explores history as a narrative structured by sites of encounter, in which the interaction of diverse people created new processes of social and cultural change. She focuses on Native American women’s involvement in that process and explores how gender affects cultural interaction. Recent publications include Indigenous Prosperity and American Conquest (2018) and Violence in Indigenous Communities (2021). Earlier works include: Indian Women and French Men; New Faces of the Fur Trade; Contesting Knowledge: Museums and Indigenous Perspectives; Rethinking the Fur Trade; and Why You Can’t Teach U.S. History Without American Indians. Her articles appear in numerous journals and edited editions. Dr. SleeperSmith joined the Michigan State department of history in 1994, was promoted to full professor in 2008, and has recently retired.

Zoom link for the lecture:

6963 1204",Record sourced from OLLI announcement emails (BLC-012); not printed in any received catalog.; No printed catalog exists for the Winter/Spring 2022 season — record reconstructed from announcement emails.,
Winter/Spring 2022,special,Nature and Recreation in Michigan,2022-06-09,10:00 - 11:30am,Michigan’s State Parks: 100 years of making memories,"Craig Kasmer, Hillary Pine and Theresa Neal",,,"What’s your favorite recreational activity? Do you know what’s available in Michigan? This series will be your guide to the many fun-filled activities offered nearby. From fishing to frisbee golf, from swimming to snow skiing, discover the great outdoors in our area parks. Explore Nature and Recreation in Southeast Michigan this June with OLLI-UM.

In 2019, Michigan’s State Parks had their 100th Anniversary. In this paneled presentation, Craig, Hillary, and Theresa will share the history of Michigan’s State Parks, how they were developed by programs like the CCC and specific champions of conservation like P.S. Lovejoy and Genevieve Gillette and a closer look at what unique features people will encounter when visiting our State Parks in the Great Lakes State. Craig Kasmer has worked as the Park Interpreter at Hartwick Pines State Park for 20 years. His degree is in forestry (MSU) but prior to that, he pursued a degree in fine arts/theater (WSU). His educational background has allowed him to bring his enthusiasm and passion of nature to visitors of Michigan State Parks. Hillary Pine has a B.A. in Art History from the University of Michigan and an M.A. in Cultural Heritage & Museum Studies from the University of East Anglia. As a Historian with the DNR and Michigan History Center, Hillary is responsible for the Hartwick Pines Logging Museum, the Higgins Lake Nursery, and the Michigan Civilian Conservation Corps Museum. Hillary especially enjoys giving tours and public programs to share Michigan’s diverse history with the public. Theresa Neal has worked at Tahquamenon Falls State Park as an Interpretive Ranger since 2005. She develops and presents educational, hands-on programs and activities for visitors and organizations yearround. Theresa is a proud graduate of Michigan State University and resides just south of Paradise with her husband and crazy bird-dog.

Resources: 1. Pure Michigan DNR: Michigan Department of Natural Resources (DNR) | Michigan

2.

Huron-Clinton Metroparks: Huron-Clinton Metroparks – 13 PARKS. ENDLESS FUN.

3141 2962",Record sourced from OLLI announcement emails (BLC-012); not printed in any received catalog.; No printed catalog exists for the Winter/Spring 2022 season — record reconstructed from announcement emails.,
Winter/Spring 2022,special,Nature and Recreation in Michigan,2022-06-16,10:00 - 11:30am,"Management History, Past and Present, of Michigan’s Cervids (Deer, Elk, and Moose)",Chad Stewart,,,"Chad will discuss the history of cervids and cervid management in Michigan. The unique history for these three species will include recent efforts to both grow and reduce populations as the landscape and dynamics of Michigan continue to change. Chad Stewart has been the Deer, Elk, and Moose Management Specialist for the Michigan DNR for over 7 years. Previously, he worked for the Indiana DNR as their statewide Deer Biologist. Chad has also worked for the Smithsonian Conservation Biology Institute, working on various deer research projects and international wildlife projects in China and Malaysia. He is a Certified Wildlife Biologist and holds degrees from the University of Illinois and Penn State University. Resources: 1. Pure Michigan DNR: Michigan Department of Natural Resources (DNR) | Michigan 2. Huron-Clinton Metroparks: Huron-Clinton Metroparks – 13 PARKS. ENDLESS FUN.

3141 2962",Record sourced from OLLI announcement emails (BLC-012); not printed in any received catalog.; No printed catalog exists for the Winter/Spring 2022 season — record reconstructed from announcement emails.,
Winter/Spring 2022,special,Nature and Recreation in Michigan,2022-06-23,10:00 - 11:30am,The Huron-Clinton Metroparks: Southeastern Michigan Gems,Amy McMillan and Artina Carter,,,"With 13 parks and nearly 25,000 acres of woods, water and recreational facilities, the Huron-Clinton Metroparks are one of the nation’s premier regional park systems. Located along the Huron and Clinton Rivers in five counties, the Metroparks represent a greenbelt encompassing the Detroit metropolitan area … and providing a natural oasis for more than 7 million visitors each year. In the Metroparks, you can picnic, fish, swim, boat, hike, bike, golf, cross-country ski, sled, snowshoe, and, in general, convene with nature. This lecture will describe the Metroparks via photos and videos, review their history, and also discuss major initiatives including diversity, equity and inclusion efforts.",Record sourced from OLLI announcement emails (BLC-012); not printed in any received catalog.; No printed catalog exists for the Winter/Spring 2022 season — record reconstructed from announcement emails.,"Amy McMillan is Director of the Huron-Clinton Metroparks. Amy is a double alumna of Central Michigan University, where she earned a Bachelor of Arts in recreation and parks administration as well as a Master of Science in administration. She previously served as Director of Parks and Recreation for the City of Ypsilanti, and Director of the Genesee County Parks. At Genesee, she led the Flint Riverfront Restoration Project (rehabilitating the Flint River through downtown). At the Metroparks, she has focused on building a stronger relationship with the City of Detroit, and implementing a Diversity, Equity and Inclusion initiative to create a Metroparks that better reflects the metropolitan community it serves. Artina Carter is the Chief of Diversity, Equity and Inclusion for the HuronClinton Metroparks, and a Lecturer at the University of Michigan-Flint. She has a BA in History from the University of Michigan-Flint and an MBA from the Baker Center for Graduate Studies. Previously, she held administrative positions at the YWCA of Greater Flint, and the Community Foundation of Greater Flint. She is a Robert Wood Johnson Culture of Health Leader Alum, a proud Beecher Buccaneer, and an active member of Shiloh Missionary Baptist Church of Flint. Resources: 1. Pure Michigan DNR: Michigan Department of Natural Resources (DNR) | Michigan 2. Huron-Clinton Metroparks: Huron-Clinton Metroparks – 13 PARKS. ENDLESS FUN.

3141 2962"
Fall 2022,tuesday-distinguished,Distinguished Lecture Series,2022-09-13,10:00 - 11:30am,Taming Corporate Power in the 21st Century,Professor Gerald F. Davis,Professor of Business Administration and Professor of Sociology,University of Michigan,"There is broad consensus in the US that monopolistic corporations have grown too powerful and that we need to revive antitrust to take on the “curse of bigness.” But information and communication technologies have fundamentally altered the operations of our economy in ways that undermine the basic categories we use to understand it. Nationality, industry, firm, size, employee, and other fundamental terms are increasingly perplexing. If we want to understand and tame the new sources of economic power, we need a new diagnosis and a new set of tools.",,"Jerry Davis received his PhD from Stanford and taught at Northwestern and Columbia before moving to the University of Michigan, where he is Gilbert and Ruth Whitaker Professor of Business Administration and Professor of Sociology. His books include Social Movements and Organization Theory (2005); Organizations and Organizing (2007); Managed by the Markets: How Finance Reshaped America (2009); Changing your Company from the Inside Out: A Guide for Social Intrapreneurs (2015); The Vanishing American Corporation (2016); and Taming Corporate Power in the 21st Century (2022)."
Fall 2022,thursday-series,Turmoil in Eastern Europe: Ukraine and Beyond,2022-09-22,,Understanding Eastern Europe,Kevin Deegan-Krause,,,"Beginning in the late 1980’s, the collapse of communism reshaped Eastern Europe, producing new democracies and market economies, and even new countries and borders. This presentation will provide an overview of what happened three decades ago and how different countries in the region have followed different trajectories and how these have recently interacted to produce Russia’s invasion of Ukraine. Kevin Deegan-Krause is Professor of Political Science at Wayne State University in Michigan. His research focuses on political parties and democracy in Europe with emphasis on Europe’s newer democracies and its newer parties. His newest co-authored book is The New Party Challenge: Changing Cycles of Party Birth Death in Central Europe and Beyond (Oxford University Press, 2020). His teaching and civic work focus on ways to build and maintain a healthy democracy.

SPONSORSHIP Lecture sponsored by Peter WK and Katherine Woo, dedicated to the 44 million brave Ukrainian citizens who have sustained catastrophic loss and suffering from the Russian invasion.",Record sourced from OLLI announcement emails (BLC-012); not printed in any received catalog.,
Fall 2022,thursday-series,Turmoil in Eastern Europe: Ukraine and Beyond,2022-09-29,10:00 - 11:30 AM,Ukraine is not Russia: A Brief Survey of Ukrainian History,Paul Kubicek,,,"This presentation will focus on key points in Ukrainian cultural and political development, emphasizing its complicated relationship with Russia. While Ukraine and Russia have an intertangled history, one longstanding theme is Ukrainian efforts to break free of Russian domination and establish a separate Ukrainian identity. How this history plays into the current conflict will be emphasized throughout the talk.",Record sourced from OLLI announcement emails (BLC-012); not printed in any received catalog.; speaker taken from the bio paragraph (2022-era announcements print no Speaker line),"Paul Kubicek is Professor of Political Science at Oakland University. He wrote his PhD dissertation on post-Soviet Ukraine and has published extensively on Ukrainian and Russian politics, the European Union, democratization, and Turkey. He has recently updated his book, The History of Ukraine (Bloomsbury/Greenwood). SPONSORSHIP Lecture sponsored by Susan Fisher “In appreciation of OLLI in ensuring that learning never retires.”"
Fall 2022,thursday-series,Turmoil in Eastern Europe: Ukraine and Beyond,2022-10-06,10:00 - 11:30 AM,"A Better Future for Us All: Why the World Needs to Learn About the Ukrainian Identity Today a person can carry many identities at once: European, Ukrainian, American, etc. People did not realize the importance of Ukrainian identity and what it offer to the world. Ukrainians",Dr. Taras K. Oleksyk,,,"were often viewed and treated as Russians. However, Ukrainians are very different. They have been nation building for many years and have no intent of living in a Russian dominated empire, determined to live in a democracy in their own homeland. Since the beginning of the invasion, this identity has become abundantly clear to the world and Russia grossly underestimated Ukraine’s willingness to fight for survival. Dr. Taras K. Oleksyk is faculty at Oakland University in Michigan. He is a native of Ukraine, educated in the US, and has active

research programs. He holds a PhD from the University of Georgia and has tenure at the University of Puerto Rico. His children are Ukrainian born in Puerto Rico and raised in Michigan.

SPONSORSHIP The Alumni Association of the University of Michigan is proud to sponsor this program and support the ongoing education of U-M alumni.",Record sourced from OLLI announcement emails (BLC-012); not printed in any received catalog.,
Fall 2022,thursday-series,Turmoil in Eastern Europe: Ukraine and Beyond,2022-10-06,10:00 - 11:30 AM,"From Community Activist to the Federal Bench: My Path to Becoming a Federal Judge In 1980, an activist stands outside the Ann Arbor Federal",Judith E. Levy,,,"Building at a gay pride rally. She was also a union organizer and on weekends she would escort women into abortion clinics while protestors blocked the entrances. That same person, Judge Judith E. Levy, will tell us about her path to the bench and what it is like to sit inside that same Federal Building and be called upon to make decisions that profoundly impact individuals’ lives and liberty, and in some cases, impact all our lives.","Record sourced from OLLI announcement emails (BLC-012); not printed in any received catalog.; speaker taken from the bio paragraph (2022-era announcements print no Speaker line); announced to the Thursday lecture list; the same talk ran as the Tuesday Distinguished lecture of Oct 11, 2022","Judith E. Levy is a judge on the United States District Court for the Eastern District of Michigan. She was nominated for the position by President Barack Obama and confirmed by the Senate on March 12, 2014. She previously served as an Assistant U.S. Attorney in the Eastern District of Michigan since 2000, where she last served as the Civil Rights Unit Chief. Prior to that role, she was a trial attorney with the U.S. Equal Employment Opportunity Commission in Detroit. From 19961999, she served as a law clerk for Judge Bernard A. Friedman, in the Eastern District of Michigan. Judge Levy has taught seminars on fair housing and policing at the University of Michigan Law School since 2002."
Fall 2022,tuesday-distinguished,Distinguished Lecture Series,2022-10-11,10:00 - 11:30am,Finding Catholics In Early America: Lessons From the Archives,Professor Susan Juster,Rhys Isaac Collegiate Professor,University of Michigan,"How do we find people in the past who don’t want to be found? Catholicism in post-Reformation England was a fugitive faith in the century before the first colonial settlements were established in North America. In the early 1600s, English Catholics had lived a twilight existence, scarcely visible in the archives. Their faith was driven underground, their priests were hunted down and executed, their children taken away from them, and their dead denied Christian burial. Men and women who adhered to the old faith learned to live in the shadows. This talk explores some of the evidence available to historians who seek to understand the world colonial Catholics made for themselves, drawing examples from both textual and material sources.",A lecture with this title also appears in the Winter/Spring 2023 catalog dated 2023-02-14; both kept as printed.,"Susan Juster, The Rhys Isaac Collegiate Professor of History, received her Ph.D from the University of Michigan in 1990. She works on early American cultural history, with a focus on religion in a transatlantic context. Her publications include Sacred Violence in Early America (2016), Doomsayers, Anglo-American Prophecy in the Age of Revolution (2003), and Disorderly Women, Sexual Politics and Evangelicalism in Revolutionary New England (1994). She is currently working on a study of the material and ritual lives of English Catholics in the North American and Caribbean colonies from the early 17th through the mid 18th century."
Fall 2022,tuesday-distinguished,Distinguished Lecture Series,2022-10-11,10:00 - 11:30 AM,From Community Activist to the Federal Bench: My Path to Becoming a Federal Judge,Judith E. Levy,,,"In 1980, an activist stands outside the Ann Arbor Federal Building at a gay pride rally. She was also a union organizer and on weekends she would escort women into abortion clinics while protestors blocked the entrances. That same person, Judge Judith E. Levy, will tell us about her path to the bench and what it is like to sit inside that same Federal Building and be called upon to make decisions that profoundly impact individuals’ lives and liberty, and in some cases, impact all our lives.","Record sourced from OLLI announcement emails (BLC-012); not printed in any received catalog.; speaker taken from the bio paragraph (2022-era announcements print no Speaker line); also announced under the title 'Building – Towsley Auditorium'; announced as a speaker change — replaced the lecture printed in the Fall 2022 catalog for Oct 11 (Susan Juster, Finding Catholics In Early America)","Judith E. Levy is a judge on the United States District Court for the Eastern District of Michigan. She was nominated for the position by President Barack Obama and confirmed by the Senate on March 12, 2014. She previously served as an Assistant U.S. Attorney in the Eastern District of Michigan since 2000, where she last served as the Civil Rights Unit Chief. Prior to that role, she was a trial attorney

with the U.S. Equal Employment Opportunity Commission in Detroit. From 1996-1999, she served as a law clerk for Judge Bernard A. Friedman, in the Eastern District of Michigan. Judge Levy has taught seminars on fair housing and policing at the University of Michigan Law School since 2002."
Fall 2022,thursday-series,Turmoil in Eastern Europe: Ukraine and Beyond,2022-10-13,10:00 - 11:30 AM,Considerations for a Post-Conflict Assistance Program in Ukraine,,,,"This lecture will share insights on the design of a development assistance program in Ukraine following the conflict with Russia based on her experience overseeing USAID’s program in Ukraine and on her experience working in post-war Bosnia and Herzegovina. She will describe USAID’s post-Maidan strategy and programming to mitigate the impacts of Russia’s (then) aggression and suggest how these activities could form a basis for a more comprehensive assistance program after the current conflict ends.

Susan Kosinski Fritz retired from the United States Agency for International Development (USAID) Senior Foreign Service as Career Minister in 2020. She served in key positions in Washington, Ukraine and Belarus. Fritz has an MPA and a Master’s Certificate in M&E from American University.",Record sourced from OLLI announcement emails (BLC-012); not printed in any received catalog.; speaker not named in the announcement email (a former USAID Ukraine program officer),
Fall 2022,thursday-series,Turmoil in Eastern Europe: Ukraine and Beyond,2022-10-20,10:00 - 11:30 AM,"Ukraine and its Culture, the Present Looking Through the Mirror of the Past into the Future",,,,"The culture of Ukraine has evolved over millennia. Influenced by its rich chernozem, (the black earth of the Ukrainian steppe) its climate and geography, Ukraine has been a crossroads between Asia and Europe for thousands of years and its culture bears witness to great empires, invasions, revolutions, colonialization, subjugation, persecution, and genocide. Yet the diverse nature of Ukraine and its peoples have sustained and even thrived. Its rich and diverse culture now faces a 21st century threat that is more violently destructive than ever

before. Yet Ukrainian society continues to write songs, pray in churches, temples, synagogues, and mosques, and create art out of the grotesque violence engulfing the country. Ukraine and its culture, looks through the mirror of the past towards a new future. Andriy Pereklita is a theater and motion picture prop master, with over 40 years’ experience working in the entertainment industry. Born in Toronto to Ukrainian émigré parents, Andriy grew up in the rich Ukrainian milieu of Toronto. He was involved with the Chervona Ruta Ukrainian Music Festival and was the principal director, designer, and producer of the Avant Garde Ukrainian Theatre in Toronto. In Michigan, for over 20 years he has worked in the School of Ukrainian Language and Culture as both a teacher and principal.",Record sourced from OLLI announcement emails (BLC-012); not printed in any received catalog.; speaker not named in the announcement email,
Fall 2022,thursday-series,Science Pop-Up Talks,2022-10-27,1:00 - 2:30 pm,The 150-Year-Old Human: How Soon? How Desirable?,,,,"Not included in the announcement email — the reminder-email format of this era lists only date, title, series, and venue.",Record sourced from OLLI announcement emails (BLC-012); not printed in any received catalog.; speaker not named in the announcement email (a Zoom-only Science Pop-Up registration reminder with no description),
Fall 2022,thursday-series,Will Democracy Survive?,2022-11-03,10:00 - 11:30AM,The Four Threats to American Democracy: Should We Be Worried?,Suzanne Mettler,,,"*This speaker will be joining us via Zoom on the big screen at WCC. Regular Zoom viewers will not be affected, and we still welcome you to join us in the Towsley Auditorium at WCC!*

Four threats have imperiled American democracy in periods throughout the nation’s history: polarization, conflict over who belongs, rising economic inequality, and executive aggrandizement. Never before, however, have all four emerged simultaneously as they have now. This presentation will explain what the historical analysis of the threats reveals, how they illuminate the events of January 6, 2021 and the continued denial of the 2020 election results by many Americans, and the implications for the future of democracy.",Record sourced from OLLI announcement emails (BLC-012); not printed in any received catalog.; speaker taken from the bio paragraph (2022-era announcements print no Speaker line),"Suzanne Mettler is the John L. Senior Professor of American Institutions in the Department of Government at Cornell University. She is the author of six books, most recently Four Threats: The Recurring Crises of American Democracy, co-authored with Robert C. Lieberman. She is also co-editor of a new edited volume, Democratic Resilience: Can the United States Withstand Rising Polarization?, and also a recent issue of the journal ANNALS on “Democratic Vulnerabilities.”"
Fall 2022,thursday-series,Will Democracy Survive?,2022-11-10,10:00 - 11:30AM,The Hollow Parties: American Political Parties at the Precipice,Daniel Schlozman,,,"*This speaker will be joining us via Zoom on the big screen at WCC. Regular Zoom viewers will not be affected, and we still welcome you to join us in the Towsley Auditorium at WCC!*

Modern democracy is unthinkable save in terms of parties,” wrote the political scientist E.E. Schattschneider in 1942. The partisan divide dominates contemporary American politics, yet parties prove inadequate to meet the core tasks under their purview: aggregating and integrating preferences and actors into ordered conflict, policing boundaries, and linking the governed with the government. These pathologies, emerging from developments in the 1960s and 1970s, have manifested asymmetrically in the Democratic and Republican parties.",Record sourced from OLLI announcement emails (BLC-012); not printed in any received catalog.,"Daniel Schlozman received his PhD in government and social policy from Harvard University and is currently the Joseph & Bertha Bernstein Associate Professor of Political Science at Johns Hopkins University. He also served on the faculty of the SNF Agora Institute. His book, When Movements Anchor Parties: Electoral Alignments in American History, emphasized the crucial role in American party development of alliance between political parties and social movements. In particular, the ties between organized labor and the Democrats, and the Christian Right and the Republicans, have defined parties’ basic priorities, and the organizable alternatives in national politics. Schlozman's later book, The Hollow Parties, discussed US political party development since the Founding. He is currently a member of the Scholars Strategy Network and a trustee of the Maryland Center for Economic Policy."
Fall 2022,thursday-series,Will Democracy Survive?,2022-11-17,10:00 - 11:30AM,The Obstacles of Germany's Past Will Not Recede: Germany's Role in Contemporary Europe,Andrei Markovits,,,"*This speaker will be joining us via Zoom on the big screen at WCC. Regular Zoom viewers will not be affected, and we still welcome you to join us in the Towsley Auditorium at WCC!*

Germany had a turbulent 1,000-year history in which the identities of state and nation never coincided meaning that what was Germany? or who was a German? remained unclear until October 3, 1990! This German restlessness was at the heart of Europe's greatest tragedies with the Shoah being singular in its genocidal manifestation. The postwar Federal Republic has become the heart of Europe's democratic stability and identity. Still, Germany's unease to handle its own power has led to travails on the continent. Andrei Markovits was born in the western Romanian city of Timisoara where he grew up as the only child of a Holocaust ravaged, middle class Jewish family. After completing his secondary education in Vienna, he emigrated to the U.S. by commencing his association with Columbia University. He left Columbia after having received five degrees there. Markovits then commenced his nearly 50-year career as a university professor teaching in some of the finest universities in the U.S., Germany, Austria, Switzerland, and Israel.",Record sourced from OLLI announcement emails (BLC-012); not printed in any received catalog.,
Fall 2022,thursday-series,Science Pop-Up Talks,2022-11-17,1:00 - 2:30 pm,The Rise of Antimicrobial Resistance and What Can Be Done About It,Dawn M. Sievert,"PhD, Centers for Disease Control (CDC)",,"Not included in the announcement email — the reminder-email format of this era lists only date, title, series, and venue.","Record sourced from OLLI announcement emails (BLC-012); not printed in any received catalog.; Science Pop-Up Talk (Zoom only), separate from that day's Thursday Morning lecture; the announcement is a registration reminder with no description",
Fall 2022,tuesday-distinguished,Distinguished Lecture Series,2022-11-22,10:00 - 11:30am,"What Happened on November 8, 2022",Professor Michael Traugott,"Research Professor, Center for Political Studies; Professor, Communication Studies; Adjunct Professor, Department of Political Science",University of Michigan,"Professor Traugott will summarize the results, the key voting patterns and voter rationale for the 11/8/2022 U.S. midterm elections.","The press proof printed “Tuesday, November 11” — a Friday; the final catalog (v3) corrects the date to Tuesday, November 22, 2022, and this record follows the final catalog.","Michael Traugott is a political scientist who studies campaigns and elections, voting behavior, political communication, the use of polls to construct news, and survey methodology. He has published extensively in all of these areas. He is active in the American Association for Public Opinion Research (AAPOR) and the World Association for Public Opinion Research (WAPOR), serving as president of both organizations. In 2010, he received the AAPOR Award for Exceptionally Distinguished Service. He also served as president of the Midwest Association for Public Opinion Research (MAPOR). He is a frequent resource for journalists interested in discussing American political campaigns and government operations."
Fall 2022,thursday-series,Will Democracy Survive?,2022-12-08,10:00-11:30 am,America Between Illiberal Democracy and Electoral Authoritarianism,Dan Slater,,,"Not included in the announcement email — the reminder-email format of this era lists only date, title, series, and venue.",Record sourced from OLLI announcement emails (BLC-012); not printed in any received catalog.; speaker taken from the bio paragraph (2022-era announcements print no Speaker line),"Auditorium Dan Slater is the Weiser Family Professor of Emerging Democracies and Director of The Weiser Center or Emerging Democracies at the University of Michigan. He has recently served as a consultant and nonresidential fellow to Freedom House, the American Enterprise Institute, and the Carnegie Endowment for International Peace."
Fall 2022,tuesday-distinguished,Distinguished Lecture Series,2022-12-13,10:00 - 11:30am,Archaeology and Heritage along the Nile in the Heartland of Ancient Kush,Dr. Geoff Emberling,,University of Michigan,"This talk will outline results of the past 10 years of our project’s work at two sites: the royal pyramid cemetery of the kings and queens of ancient Kush at El-Kurru, and our more recent investigations at the capital city of Jebel Barkal, including discovery of a previously unknown area of the ancient town. It will also describe how our project has worked to collaborate more fully with local communities.",,"Geoff Emberling is an archaeologist and museum curator specializing in the ancient cultures of the Middle East and Northeast Africa. Based in the Kelsey Museum of Archaeology at the University of Michigan, his current archaeological and heritage projects focus on the heartland of ancient Kush (sometimes also known as Nubia), located along the Nile River in northern Sudan. Some of this work has recently been featured in documentaries produced by National Geographic and others."
Fall 2022,thursday-series,Will Democracy Survive?,2022-12-15,10:00-11:30 am,Voter Turnout in 2022 and What it Means Moving Forward,David A. Dulio,,,"David Dulio

Professor Dulio will summarize the results, the key voting patterns, and voter rationale for the recent 2022 midterm elections in Michigan. He will discuss

the changes that have occurred within each of the major political parties and how those changes impacted candidate selection, campaign messaging, and turnout of targeted groups of voters. He will also address efforts to restrict the franchise and other proposed changes in Michigan’s election law. David A. Dulio is Professor of Political Science Department and Director of the Center for Civic Engagement at Oakland University and a former American Political Science Congressional Fellow on Capitol Hill where he worked in the U.S. House of Representatives.",Record sourced from OLLI announcement emails (BLC-012); not printed in any received catalog.; speaker taken from the bio paragraph (2022-era announcements print no Speaker line),David A. Dulio is Professor of Political Science Department and Director of the Center for Civic Engagement at Oakland University and a former American Political Science Congressional Fellow on Capitol Hill where he worked in the U.S. House of Representatives.
Fall 2022,tuesday-distinguished,Distinguished Lecture Series,2023-01-10,10:00 - 11:30am,What Should the Work Ethic Mean for Us Today?,Professor Elizabeth Anderson,Max Shaye Professor of Public Philosophy,University of Michigan,"The work ethic was invented by Puritans 400 years ago. From the start, it contained contradictory ideas: one rationalizing the subjection of workers to drudgery for profit; the other honoring workers for advancing human welfare and calling for their dignified and equitable treatment. Both ideas were developed over time, leaving a contradictory legacy for us today. I show how the neglected second work ethic tradition can be revived and updated for 21st-century American workers.",Same lecture also printed in the Winter/Spring 2023 catalog (the golden-set record); both kept as printed in their own editions.,"Elizabeth Anderson is Max Shaye Professor of Public Philosophy at University of Michigan, Ann Arbor. She has taught at UM since 1987, specializing in moral and political philosophy, especially on democratic theory, egalitarianism and its history, and the ethics of work. She is a MacArthur Fellow and designed the Philosophy, Politics, and Economics Program at University of Michigan."
Winter/Spring 2023,tuesday-distinguished,Distinguished Lecture Series,2023-01-10,10:00 - 11:30am,What Should the Work Ethic Mean for Us Today?,Professor Elizabeth Anderson,Max Shaye Professor of Public Philosophy,University of Michigan,"The work ethic was invented by Puritans 400 years ago. From the start, it contained contradictory ideas: one rationalizing the subjection of workers to drudgery for profit; the other honoring workers for advancing human welfare and calling for their dignified and equitable treatment. Both ideas were developed over time, leaving a contradictory legacy for us today. I show how the neglected second work ethic tradition can be revived and updated for 21st-century American workers.",,"Elizabeth Anderson is Max Shaye Professor of Public Philosophy at University of Michigan, Ann Arbor. She has taught at UM since 1987, specializing in moral and political philosophy, especially on democratic theory, egalitarianism and its history, and the ethics of work. She is a MacArthur Fellow and designed the Philosophy, Politics, and Economics Program at University of Michigan."
Winter/Spring 2023,thursday-series,Plastics and the Carbon Age: Environmental and Health Impacts,2023-01-12,10:00-11:30 am,Plastics and Microplastics: Human and Environmental Risk Overview,Dr. Allen Burton,,,"Allen Burton

Plastic production is increasing exponentially. Plastics and microplastics have become ubiquitous across the planet in air, soil, sediment and water. There is a growing awareness globally of the environmental problems associated with plastics, including greenhouse gas emissions, gross levels of contamination affecting aesthetics and property values, hazards to wildlife, and uptake of microplastics by wildlife and humans. We will discuss risks to human health and ecosystems of plastics and microplastics, and promising solutions.",Record sourced from OLLI announcement emails (BLC-012); not printed in any received catalog.; speaker taken from the bio paragraph (2022-era announcements print no Speaker line),"Dr. Allen Burton is a Professor in the School for Environment and Sustainability at the University of Michigan. His research has taken him to all seven continents, with Visiting Scientist positions in China, Denmark, Italy, New Zealand, and Portugal. His research deals with freshwater and marine ecotoxicology. He is the Editor-in-Chief of Environmental Toxicology & Chemistry, and past President of the Society of Environmental Toxicology & Chemistry, with over 225 peer-reviewed publications."
Winter/Spring 2023,thursday-series,Plastics and the Carbon Age: Environmental and Health Impacts,2023-01-19,10:00-11:30 am,The Story of Plastic Pollution: From the Ocean to the Policy Stage,Professor Rochman,,,"CORRECTION: THIS SPEAKER IS VIA ZOOM

Professor Rochman

Plastic debris, including small microplastic particles often barely visible to the naked eye, are polluting our lakes, rivers, and oceans. Using The evolution of our civilization has been defined by the primary materials we use. Consider the Stone Age followed by the Bronze Age, the Iron Age, and so forth. Today, we live in what scientists call the Carbon Age, with many of our materials—including plastics— derived from petroleum. Though these materials have proven to be useful in many ways, their negative impacts are of increasing concern. This series will take an indepth look at the environmental and health impacts of plastics. Do discarded plastics threaten marine and freshwater ecosystems? What are the health impacts of plastic food containers, toys, wastes, etc. on humans and other life forms? How significant are these impacts now and into the future? Are there viable alternatives to plastics? What are possible solutions to the plastics “problem”? Chelsea M. Rochman is an Assistant Professor in Ecology at the University of Toronto and co-founder of the U. of T. Trash Team. Chelsea received a joint-program PhD in Ecology from the University of California, Davis and San Diego State University. In addition to her research, Chelsea routinely advises governments on policies related to plastic pollution.",Record sourced from OLLI announcement emails (BLC-012); not printed in any received catalog.; announcement names the speaker only as Professor Rochman,
Winter/Spring 2023,thursday-series,Plastics and the Carbon Age: Environmental and Health Impacts,2023-02-02,10:00-11:30 am,Five Misperceptions Surrounding the Environmental Impacts of SingleUse Plastic,Shelie Miller,PhD,,"Shelie Miller, PhD

The use of plastic has created major environmental challenges. Nevertheless, it is possible for well-intended solutions to create unintended harm. We do not want to exacerbate other environmental issues while attempting to minimize the impact of plastic. This talk will explore five commonly held public perceptions about plastic that do not correspond with scientific evidence and discuss the importance of taking a broad, systematic approach to the plastic

challenge. Dr. Shelie Miller is the Jonathan W. Bulkley Collegiate Professor in Sustainable Systems at the University of Michigan’s School for Environment and Sustainability (SEAS). An environmental engineer by training, Miller’s research is highly interdisciplinary, with a focus on quantifying the environmental impacts of new products at the intersection of technology and human behavior. Her work frequently appears in the popular press, including NPR, TIME, the BBC, Forbes, and Consumer Reports.",Record sourced from OLLI announcement emails (BLC-012); not printed in any received catalog.,
Winter/Spring 2023,thursday-series,Plastics and the Carbon Age: Environmental and Health Impacts,2023-02-09,10:00-11:30 am,Microbial Recycling: Opportunities for Sustainable Plastics,Laurel Harmon,PhD,,"Please try to attend in person to support our speaker.

Laurel Harmon, PhD This presentation will describe multiple options, primarily based on biotechnology, to recycle carbon from discarded plastics into new materials that are currently made from petroleum and natural gas. For example, LanzaTech’s microbial gas fermentation technology allows new plastics and other products to be made from waste carbon in industrial emissions and municipal waste, including plastics. Other approaches being developed use microbes or enzymes to break down waste plastics into components that can be chemically reassembled.

Dr. Laurel Harmon, Vice-President for Government Relations of LanzaTech NZ, Inc., has over 30 years’ experience in policy and technology development. She provides direction and leadership on international policy matters and develops public-private partnerships for LanzaTech. After receiving a PhD in Physical Chemistry from the University of Michigan, she led the Symbolic Processing Department at ERIM, was a technical co-founder of NovoDynamics, and consulted to industry on informatics and energy-related technologies. Dr. Harmon serves on the Boards of LanzaJet and the Roundtable on Sustainable Biomaterials.",Record sourced from OLLI announcement emails (BLC-012); not printed in any received catalog.,
Winter/Spring 2023,tuesday-distinguished,Distinguished Lecture Series,2023-02-14,10:00 - 11:30am,Finding Catholics In Early America: Lessons From the Archives,Professor Susan Juster,The Rhys Isaac Collegiate Professor of History,University of Michigan,"How do we find people in the past who don't want to be found? Catholicism in post-Reformation England was a fugitive faith. In the century before the first colonial settlements were established in North America. In the early 1600s, English Catholics had lived a twilight existence, scarcely visible in the archives. Their faith was driven underground, their priests were hunted down and executed, their children taken away from them, and their dead denied Christian burial. Men and women who adhered to the old faith learned to live in the shadows. This talk explores some of the evidence available to historians who seek to understand the world colonial Catholics made for themselves, drawing examples from both textual and material sources.",,"Susan Juster, The Rhys Isaac Collegiate Professor of History, received her Ph.D from the University of Michigan in 1990. She works on early American cultural history, with a focus on religion in a transatlantic context. Her publications include Sacred Violence in Early America (2016), Doomsayers, Anglo-American Prophecy in the Age of Revolution (2003), and Disorderly Women, Sexual Politics and Evangelicalism in Revolutionary New England (1994). She is currently working on a study of the material and ritual lives of English Catholics in the North American and Caribbean colonies from the early 17th through the mid 18th century."
Winter/Spring 2023,thursday-series,Plastics and the Carbon Age: Environmental and Health Impacts,2023-02-16,10:00-11:30 am,What Role Can Recycling and Municipal Strategies Play in the Plastics Crisis? A Community Impact-Focused Discussion This Speaker is via Zoom,Alex Danovitch,,,"Alex Danovitch

This presentation will focus on plastic packaging wastes and the role municipalities play in providing solutions, such as recycling. It will size up the plastic problem from a community perspective, with details on what happens to plastics recycled in Ann Arbor, and the technology required, and problems encountered (false solutions) with recycling plastics. The lecture will end with actionable strategies we can all do to move towards impactful, equitable and just solutions. Alex Danovitch utilizes his financial acumen and boots-on-the ground experience to provide real-world solutions that move towards innovative system change, focused on upstream solutions/impacts and environmental justice. He has been engaged in zero-waste policy, business, and infrastructure development for over 20 years. He currently works at Recycle Ann Arbor, building models of local circularity. As a consultant with Nothing Left to Waste, he works with municipalities, nonprofits, and colleges on research, planning, and implementation",Record sourced from OLLI announcement emails (BLC-012); not printed in any received catalog.,
Winter/Spring 2023,thursday-series,Plastics and the Carbon Age: Environmental and Health Impacts,2023-02-21,10:00-11:30 am,Screening of Impacts of Chemicals in Plastics: From Toys to Food,Dr. Olivier Jolliet,,,"*WE WILL NOT BE AT WCC FOR THIS RESCHDULED LECTURE*

Screening of Impacts of Chemicals in Plastics: From Toys to Food Olivier Jolliet Plastics are omnipresent in our lives, homes, and environment. They are however made of chemicals that can be released into our indoor and outdoor environment. How important can the health impacts of these chemicals be? This presentation will screen such exposures, from plastic toys to food contact materials, expressing impacts in easily understandable minutes of life lost or gained, and compare their magnitude, e.g., impacts of foods (hot dogs), particulate or physical exercise.",Record sourced from OLLI announcement emails (BLC-012); not printed in any received catalog.; speaker taken from the bio paragraph (2022-era announcements print no Speaker line); rescheduled from 1/26/2023,"Dr. Olivier Jolliet is Professor in Environmental Health Sciences at the School of Public Health, University of Michigan, and Professor in Quantitative Sustainability Assessment at Technical University Denmark. He co-initiated the UNEP Life Cycle Initiative and was recipient in 2022 of the SETAC Award for Lifetime Achievement in Life Cycle Assessment. His teaching and research aim to compare the risks and benefits of consumer products and foods, and model health impacts of emerging chemicals in products."
Winter/Spring 2023,thursday-series,Trends in Public Education,2023-02-23,10:00-11:30am,Leveraging Dollars to Do the Most For Students,Laura Anderson and Katie Silberstein,,,"investments to do the most for students? In this lecture, Edunomics Lab will share a variety of strategies and tools education leaders and advocates can use to examine spending and outcomes in order to drive productive conversations around improving equitable resource allocations and schooling. Laura Anderson is the Associate Director of the Edunomics Lab. Laura manages center operations, leads research and special projects as well as training endeavors. Previously, Laura was an Associate Program Officer at the Bill & Melinda Gates Foundation on grant and project management for US Programs. She also worked on multimillion dollar capital campaigns and executed national fundraising campaigns for Fred Hutchinson Cancer Research Center. She earned her B.A. in

Communications from Washington State University. Katie Silberstein is the Strategic Projects Lead with Edunomics Lab. Her work explores trends in districts' ESSER spending and the relationship between school spending and outcomes. Katie serves as Treasurer of the Board for Why Not You Academy, a charter school in Washington. Prior, Katie taught in New York City elementary schools. Katie earned her M.Ed in Policy and Leadership from the University of Washington and a B.A. in Psychology from Bates College.",Record sourced from OLLI announcement emails (BLC-012); not printed in any received catalog.; speaker taken from the bio paragraph (2022-era announcements print no Speaker line),"Katie Silberstein is the Strategic Projects Lead with Edunomics Lab. Her work explores trends in districts' ESSER spending and the relationship between school spending and outcomes. Katie serves as Treasurer of the Board for Why Not You Academy, a charter school in Washington. Prior, Katie taught in New York City elementary schools. Katie earned her M.Ed in Policy and Leadership from the University of Washington and a B.A. in Psychology from Bates College."
Winter/Spring 2023,tuesday-distinguished,Distinguished Lecture Series,2023-03-14,10:00 - 11:30am,Lessons For the Ages: Everything I Needed to Know I learned in Introductory Psychology,Dr. Shelly Schreier,"Neil M. Kalter Collegiate Lecturer IV, Department of Psychology",University of Michigan,This lecture will focus on the relevance of the field of psychology to our understanding of self and the world around us.,,"Dr. Shelly Schreier is the Neil M. Kalter Collegiate Lecturer IV in the Department of Psychology at the University of Michigan. Dr. Schreier teaches several courses, including Introductory Psychology, Social Development, and Psychological Development Through Children’s Literature. Her early research focused on the effects of divorce on children and families. She has been recognized for her teaching with several honors, including UM’s Golden Apple Award in 2013."
Winter/Spring 2023,thursday-series,"Trends in Public Education: Challenges, Potential Solutions and Future Directions",2023-03-23,10:00-11:30am,"Creating the Magic of Belonging in Schools: Health, Safety, and Wellness Strategies to Support Learning",Dr. Diane Golzynski,"PhD, RDN, SNS",,"and Aimee Alaniz, M.Ed (No picture available) *Speakers will be in-person* We highly encourage you to come in-person if feasible.

A Whole Child, Whole School, Whole Community framework, developed through ASCD and the CDC, recommends that school and community leaders lean on five anchoring questions for student and staff wellness. Are children healthy? safe? challenged? supported? and engaged? The team at Michigan Department of Education will highlight strategies that support this vision for our state’s learners, birth through post-secondary education.",Record sourced from OLLI announcement emails (BLC-012); not printed in any received catalog.,"Dr. Golzynski is the Director of the Office of Health and Nutrition Services and the State Child Nutrition Director at the Michigan Department of Education. She is responsible for the USDA child nutrition programs, the USDA Commodity household programs, and the School Health and Safety Programs which includes school safety, mental and behavioral health, youth suicide prevention, bullying prevention, HIV and sex education, nutrition, physical, and health education, and chronic absenteeism. Aimee Alaniz is currently the Supervisor for the School Health and Safety Unit with the Michigan Department of Education. Previously, she spent 15 years serving as a classroom teacher and Administrator in the Lansing area. Aimee Has her Bachelor’s degree from Western Michigan University, and Master’s degrees in Special Education and Administrative Leadership from Michigan State University."
Winter/Spring 2023,thursday-series,"Trends in Public Education: Challenges, Potential Solutions and Future Directions",2023-03-30,10:00-11:30am,Michigan Community Colleges: Evolution for the Future,Brandy Johnson,,,"Not included in the announcement email — the reminder-email format of this era lists only date, title, series, and venue.",Record sourced from OLLI announcement emails (BLC-012); not printed in any received catalog.,"Prior to becoming President of MCCA, Ms. Johnson served in Governor Whitmer’s Office first as education policy advisor and most recently within the Michigan Department of Labor and Economic Opportunity. In 2010, she founded the Michigan College Access Network and served as its Executive Director until 2019.

Johnson earned her Bachelor’s degree in political science from Arizona State University and her Master’s degree in public policy from the Gerald R. Ford School of Public Policy at the University of Michigan. This Thursday Lecture Series was planned by: Bruce Friedman, John Kelly, Steve Nason, Bob Rorke, and co-chairs, Donna Clack and Frances Schultz."
Winter/Spring 2023,tuesday-distinguished,Distinguished Lecture Series,2023-04-11,10:00 - 11:30am,Expanding the Science of Firearm Injury Prevention: A Pathway Forward for Reducing Death and Injury in the United States,"Patrick Carter, MD",Associate Professor of Emergency Medicine and Health Behavior & Health Education,University of Michigan,"Dr. Patrick Carter will provide an overview of the public health problem of firearm injury, as well as describe how prevention science can be applied to help reduce and mitigate firearm injuries occurring across the lifespan.",,"Dr. Patrick Carter is an Associate Professor of Emergency Medicine (School of Medicine) and Health Behavior & Health Education (School of Public Health) at the University of Michigan. He is also the Director of the CDC-funded University of Michigan Injury Prevention Center and part of the leadership team for the NICHD-funded Firearm Safety among Children and Teens (FACTS) Consortium. Dr. Carter’s research is within the field of firearm injury prevention, specifically the development, testing, and implementation of emergency department (ED)-based interventions to decrease firearm violence, youth violence, and associated risk behaviors such as substance use among high-risk urban youth populations."
Winter/Spring 2023,thursday-series,Human Migration Through the Ages,2023-04-13,10:00 - 11:30am,Multi-Disciplinary Perspectives in the Study of Human Mobility,Dr. Donna R. Gabaccia,,,"*Speaker will be on Zoom* h

//

d

/j/85632706740

Most Americans view migration through their country’s long history of immigration. This lecture introduces new perspectives. It asks provocative questions – Why do humans move? Are humans a mobile species? – and examines the complex terminologies that societies, across time, have used to categorize movement. The lecture concludes with a swift overview of earlier large-scale movements of people and their consequences, thereby placing the American experience in comparative perspective.",Record sourced from OLLI announcement emails (BLC-012); not printed in any received catalog.; also announced under the title '**Note** Time of Lecture',"**Note** - Attached is a PDF of supplemental references from Donna Gabaccia

Dr. Donna Gabaccia is professor emerita of history at the University of Toronto. Before moving to Canada, she taught in Germany and the United States, most recently as director of Immigration History Research Center at the University of Minnesota. She is author or editor of a dozen books about U.S. immigration, Italian emigration, gendered migration, and food studies. She is the general editor of the forthcoming Cambridge History of Global Migration.

This Thursday Lecture Series was planned by- Larry Imerman, Camille Orso, Katherine Woo, and Co-chairs: Jim MacBain and Avraham Eisbruch."
Winter/Spring 2023,thursday-series,Trends in Public Education,2023-04-18,10:00 - 11:30am,"Education for the Anthropocene, or How Schools, Colleges, and Universities Get to Change in Service to the Community",Dr. Ryan Gildersleeve,,,"This presentation will outline the contours of the contemporary context for education, focusing on challenges facing broader society and how they take form in schools, colleges, and universities. Opportunities and promising principles for addressing those challenges will be shared, grounded in an ethic of community. The “Anthropocene” will serve as background and departure point for a discussion about how we ought to live in such turbulent times and how education can not only bring about opportunities for change but change itself. Dr. Ryan Evely Gildersleeve is the Dean for the College of Education at Eastern Michigan University. His leadership focuses on building capacity for impact and justice through education. His scholarship has focused on educational opportunity and the public purposes of higher education. He often works in collaboration with Latinx migrant communities. He earned his PhD in Education from UCLA. He is a graduate of Occidental College. This Thursday Morning Lecture was planned by- Bruce Friedman, John Kelly, Steve Nason, Bob Rorke, and co-chairs: Donna Clack and Frances Schultz.",Record sourced from OLLI announcement emails (BLC-012); not printed in any received catalog.,"how education can not only bring about opportunities for change but change itself. Dr. Ryan Evely Gildersleeve is the Dean for the College of Education at Eastern Michigan University. His leadership focuses on building capacity for impact and justice through education. His scholarship has focused on educational opportunity and the public purposes of higher education. He often works in collaboration with Latinx migrant communities. He earned his PhD in Education from UCLA. He is a graduate of Occidental College. This Thursday Morning Lecture was planned by- Bruce Friedman, John Kelly, Steve Nason, Bob Rorke, and co-chairs: Donna Clack and Frances Schultz."
Winter/Spring 2023,thursday-series,Human Migration Through the Ages,2023-04-20,10:00 - 11:30am,On the Trail of Early South Americans in the Andes,Kurt Rademaker,,,"**Speaker will be in person** We highly encourage you to come in-person if feasible.

Dr. Kurt Rademaker

Much of what we know about the history of human migrations throughout the world has been revealed through archaeology and the study of modern and ancient DNA. This presentation will summarize current knowledge about prehistoric human migrations and examine human dispersal into the Americas in greater detail. The talk will also highlight current approaches for learning about past migrations. Kurt Rademaker is an assistant professor of anthropology at Michigan State University. He is an archeologist who investigates the initial hunter-gatherer settlement of South America and long-term human-environment interactions. He has led archaeological survey and excavation projects throughout the United States and Peru and participated in field research on volcanic and glacial geology. His current research is focused on prehistoric settlement dynamics and biocultural adaptations in the high Andes.",Record sourced from OLLI announcement emails (BLC-012); not printed in any received catalog.; speaker taken from the bio paragraph (2022-era announcements print no Speaker line); speaker taken from the name line under the lecture heading,Kurt Rademaker is an assistant professor of anthropology at Michigan State University. He is an archeologist who investigates the initial hunter-gatherer settlement of South America and long-term human-environment interactions. He has led archaeological survey and excavation projects throughout the United States and Peru and participated in field research on volcanic and glacial geology. His current research is focused on prehistoric settlement dynamics and biocultural adaptations in the high Andes.
Winter/Spring 2023,thursday-series,Human Migration Through the Ages,2023-04-27,10:00 - 11:30am,"A Century of Middle Eastern Migration to Michigan: Displacement, Disruption and Dynamism",Dr. Sally Howell,,,"Migration from the Middle East to Southeastern Michigan began at the turn of the 20th Century and continues unabated in the 21st, but there is little continuity between the motives or experiences of the early immigrants and those of the recently arrived. This talk will explore the legal regimes that have made migration possible, the political conditions that made it necessary, and the cultural conditions that have shaped the reception of Arabic speakers in our region. Sally Howell is professor of history and Arab American studies at the University of Michigan–Dearborn. Her books include Arab Detroit 9/11: Life in the Terror Decade (2011, Wayne State University Press), Old Islam in Detroit: Rediscovering the Muslim American Past (2014, Oxford University Press), and Hadha Baladuna: Arab American Narratives of Boundary and Belonging (2022, Wayne State University Press). Howell is a curator of the Halal Metropolis exhibition series exploring the political and cultural impact of Muslim visibility in greater Detroit.",Record sourced from OLLI announcement emails (BLC-012); not printed in any received catalog.; speaker taken from the name line under the lecture heading,"Dr. Sally Howell-Supplementary References Attached (PDF)

Migration from the Middle East to Southeastern Michigan began at the turn of the 20th Century and continues unabated in the 21st, but there is little continuity between the motives or experiences of the early immigrants and those of the recently arrived. This talk will explore the legal regimes that have made migration possible, the political conditions that made it necessary, and the cultural conditions that have shaped the reception of Arabic speakers in our region. Sally Howell is professor of history and Arab American studies at the University of Michigan–Dearborn. Her books include Arab Detroit 9/11: Life in the Terror Decade (2011, Wayne State University Press), Old Islam in Detroit: Rediscovering the Muslim American Past (2014, Oxford University Press), and Hadha Baladuna: Arab American Narratives of Boundary and Belonging (2022, Wayne State University Press). Howell is a curator of the Halal Metropolis exhibition series exploring the political and cultural impact of Muslim visibility in greater Detroit. Additional Note: Dr Sally Howell, professor at UM Dearborn, will talk on Thursday about the immigration from the Middle East to our neighborhood (Detroit, Dearborn). We’ll have lunch with her at Paesano. Let Avi (eisbruch@umich.edu) know if you wish to join us."
Winter/Spring 2023,tuesday-distinguished,Distinguished Lecture Series,2023-05-02,10:00 - 11:30 AM,Archaeology and Heritage along the Nile in the Heartland of Ancient Kush,Geoff Emberling,,,"Dr. Geoff Emberling

This talk will outline results of the past 10 years of work at two sites: the royal pyramid cemetery of the kings and queens of ancient Kush at El-Kurru and an investigation at the city of Jebel Barkal, including discovery of an unknown area of the ancient town.",Record sourced from OLLI announcement emails (BLC-012); not printed in any received catalog.; speaker taken from the bio paragraph (2022-era announcements print no Speaker line),"Geoff Emberling is an archaeologist and museum curator specializing in the ancient cultures of the Middle East and Northeast Africa. Based in the Kelsey Museum of Archaeology at the University of Michigan, his current archaeological and heritage projects focus on the heartland of ancient Kush sometimes also known as Nubia. His work has recently been featured in documentaries produced by National Geographic and others.

This Distinguished Lecture Series was planned by: Ron Frisch, Gerald Gardner, Beverley Geltner, Leo Shedden, Frances Schultz, Marie Vitale, and Katherine Woo."
Winter/Spring 2023,thursday-series,Human Migration Through the Ages,2023-05-04,10:00 - 11:30am,"Chinese Migration: History, Immigrant Experiences, and Contemporary Issues",Andrea Louie,,,"Dr. Andrea Louie

There are people of Chinese descent all over the world, but why did they leave their homeland? What have their experiences been in the countries in which they settled? In what ways do they feel a sense of belonging and to what extent are they incorporated into U. S. culture and society? In what ways have they been excluded via forms of legal and social marginalization? This talk provides an overview of Chinese diasporic migration, with particular emphasis on the last 200 years. It focuses on how the model minority myth, the perpetual foreigner stereotypes, and anti-Asian hate have shaped experiences of Chinese immigrants. Andrea Louie is a Professor of Anthropology at Michigan State University where she founded the Asian Pacific American Studies Program. She is author of Chineseness Across Borders: Renegotiating Chinese Identities in China and the United States and How Chinese Are You?: Adopted Chinese Youth and their Families Negotiate Identity and Culture. She is currently working on a book about her maternal grandmother, who was selected as U.S. Mother of the Year in 1952. **Andrea Louie Supplemental References Attached**",Record sourced from OLLI announcement emails (BLC-012); not printed in any received catalog.; speaker taken from the bio paragraph (2022-era announcements print no Speaker line),"Andrea Louie is a Professor of Anthropology at Michigan State University where she founded the Asian Pacific American Studies Program. She is author of Chineseness Across Borders: Renegotiating Chinese Identities in China and the United States and How Chinese Are You?: Adopted Chinese Youth and their Families Negotiate Identity and Culture. She is currently working on a book about her maternal grandmother, who was selected as U.S. Mother of the Year in 1952. **Andrea Louie Supplemental References Attached**"
Winter/Spring 2023,tuesday-distinguished,Distinguished Lecture Series,2023-05-09,10:00 - 11:30am,The Other Gasses: The Politics of Short-Lived Climate Pollutants,Professor Barry Rabe,"J. Ira and Nicki Harris Family Professor of Public Policy, Gerald Ford School of Public Policy",University of Michigan,"Carbon dioxide dominates most discussions of climate change, a powerful greenhouse gas that remains potent in the atmosphere for long periods. However, its capacity for warming is compounded by a series of short-lived climate pollutants, such as methane, hydrofluorocarbons (HFCs), and black carbon. These contaminants do not last nearly as long in the atmosphere as carbon but have a far more intensive short-term impact. This presentation will examine the politics of reducing these gases, with a particular focus on methane and HFCs. It will examine major policy advances in the case of HFCs, including bipartisan legislation in the United States and a robust global regulatory system, in contrast with other short-lived climate pollutants.",,"Barry Rabe is the J. Ira and Nicki Harris Family Professor of Public Policy at the Gerald Ford School of Public Policy and the Arthur Thurnau Professor of Environmental Policy at the University of Michigan. He is also a non-resident senior fellow at the Brookings Institution and is an elected fellow of the National Academy of Public Administration. Rabe is a political scientist who examines the political feasibility of adopting and implementing environmental, energy and climate policies in federal systems such as the United States and Canada. His most recent books examine the politics of putting a price on carbon emissions and the limitations of climate policy reliant on executive branch action rather than legislation."
Winter/Spring 2023,thursday-series,Human Migration Through the Ages,2023-05-11,10:00 - 11:30am,Climate Change as a Driver of Migration: What We Know and Don’t Know,Dr. Elizabeth Ferris,,,"While there is a growing consensus that some people will move away from their communities because of the effects of climate change, the scale, time-frame, dynamics and directions of those movements are much less certain. This presentation will focus on what we do know about likely population movements caused either directly or indirectly by climate change and the many things we do not yet know.",Record sourced from OLLI announcement emails (BLC-012); not printed in any received catalog.; speaker taken from the name line under the lecture heading,"Elizabeth Ferris is research professor and director of the Institute for the Study of International Migration at Georgetown University’s School of Foreign Service. She worked for 20 years in the field of humanitarian assistance, for nine years as a senior fellow at the Brookings Institution, and has served as an advisor to various UN agencies. She has worked extensively on climate migration since 2010. Supplemental references for Elizabeth Ferris Attached"
Winter/Spring 2023,thursday-series,Human Migration Through the Ages,2023-05-18,10:00 - 11:30am,“Streets of Gold”: The Story of Immigrants to the US Based on Actual Data,Leah Boustan,,,"Professor Leah Boustan

Immigration is one of the most fraught topics in American politics, with much public conversation based on myth, not facts. This lecture uses ‘big data’ to provide new evidence on the American Dream. Immigrants to the US today move up the economic ladder and engage in cultural assimilation at the same pace as the Ellis Island generation. What’s more, the children of immigrants experience rapid social mobility, even if their parents hailed from poor countries.",Record sourced from OLLI announcement emails (BLC-012); not printed in any received catalog.; speaker taken from the bio paragraph (2022-era announcements print no Speaker line),"Leah Boustan is a professor of economics at Princeton University, where she serves as the director of the Industrial Relations Section. Professor Boustan is also the codirector of the Development of the American Economy Program at the National Bureau of Economic Research. Supplemental References Attached This Thursday Lecture Series was planned by Larry Imerman, Camille Orso, Katherine Woo, and Co-chairs: Jim MacBain and Avraham Eisbruch."
Winter/Spring 2023,special,Summer Lecture Series: Breathing Life Into Old Buildings,2023-06-01,10:00AM - 11:30AM,Detroit: From Ruins to Riches,Elisabeth Knibbe,"FAIA, Quinn Evans Principal Emeritus",,"As cities die with the abandonment of buildings, they come back to life one building at a time. This presentation follows the rebirth of Detroit from the early 1990s through today and shows how each project leads to the next. Even severely deteriorated historic buildings can revitalize urban areas. In Midtown, the rebirth of Detroit Cultural Center started with saving Orchestra Hall from demolition. In Downtown, the process started with adapting vacant retail buildings for use as residential lofts. The lecture tracks the steady improvement of Detroit. Elisabeth Knibbe, FAIA Quin Evans Principal Emeritus, is an award-winning architect who specializes in the adaptive use of historic buildings.

The Summer Lecture Series was planned by: Gerald Gardner, Will Hawk, Bette Michael, Marie Vitale, Katherine Woo, and Co-Chairs: Carol Levin & Al Paas.",Record sourced from OLLI announcement emails (BLC-012); not printed in any received catalog.; speaker taken from the name line under the lecture heading; also announced under the title 'Detroit: From Ruins to Riches',"Elisabeth Knibbe, FAIA Quin Evans Principal Emeritus, is an award-winning architect who specializes in the adaptive use of historic buildings. The Summer Lecture Series was planned by: Gerald Gardner, Will Hawk, Bette Michael, Marie Vitale, Katherine Woo, and Co-Chairs: Carol Levin & Al Paas."
Winter/Spring 2023,special,Summer Lecture Series: Breathing Life Into Old Buildings,2023-06-08,10:00AM - 11:30AM,Why Do I Like This Place? Creating Great Urban Spaces,Norman & Ilene Tyler,,,"What makes great urban spaces? Noteworthy historical precedents, such as Italy’s Piazza San Marco and the Galleria in Milan, mirror Ann Arbor’s own special places, such as Kerrytown and Nickels Arcade. Ilene and Norman Tyler will describe five key design elements that demonstrate how a city’s open spaces relate to its buildings, creating a well-balanced and people-friendly “image of a city.”",Record sourced from OLLI announcement emails (BLC-012); not printed in any received catalog.; speaker taken from the name line under the lecture heading,"Ilene R. Tyler, FAIA, FAPT is an architect and advocate for the built environment. During her 30 years at Quinn Evans Architects, her projects included restoration of the Nashville Parthenon, Old Courthouse in St. Louis, and Detroit Observatory in Ann Arbor. She taught Preservation Technology at Eastern Michigan University and co-authored Historic Preservation: An Introduction to Its History, Principles, and Practice.. She and her husband, Norman Tyler, live in the iconic Robert S. Wilson House. Professor Norman Tyler, FAICP is an architect and a nationally recognized professor (emeritus) of urban planning. He has authored books on city planning, historic preservation, the history of transportation, female travel trailblazers, Greek Revival architecture, the Peace Corps, and a Tyler family history. He and Irene live in their historic Greek Revival house in Ann Arbor and is a community activist who has served on the board of community and professional organizations. The Summer Lecture Series was planned by: Gerald Gardner, Will Hawk, Bette Michael, Marie Vitale, Katherine Woo, and Co-Chairs: Carol Levin & Al Paas. Link: https://wccnet-edu.zoom.us/j/88646330332 Take care,"
Winter/Spring 2023,tuesday-distinguished,Distinguished Lecture Series,2023-06-13,10:00 - 11:30am,Migration: The Complicated History of the United States,Professor Saeed Khan,"Associate Professor, Classical/Modern Lang/Culture Dept",Wayne State University,This lecture will explore the complex and often politicized history of migration and the United States. It will also locate this history within the broader discussions and debates about migration globally over the past decade.,,"Saeed A. Khan is an Associate Professor in the Classical/Modern Lang/Culture Dept at Wayne State University. He teaches Islamic and Middle East History, Politics and Culture and where he is also a Fellow at the Center for the Study of Citizenship. His primary area of research is the identity politics of Muslim Diaspora communities in the US, UK, and Europe. He is also Adjunct Professor of Islamic Studies at the University of Detroit-Mercy and at Rochester College, a panelist on CBC’s Turning Point and contributor to Detroit Today on Detroit Public Radio."
Winter/Spring 2023,special,Summer Lecture Series: Breathing Life Into Old Buildings,2023-06-15,10:00AM - 11:30AM,ZERO is a Positive Number: Building Greater Good,Carl Elefante,,,"Not included in the announcement email — the reminder-email format of this era lists only date, title, series, and venue.",Record sourced from OLLI announcement emails (BLC-012); not printed in any received catalog.; speaker taken from the name line under the lecture heading,"Carl Elefante, FAIA, FAPT is Principal Emeritus with Quinn Evans where he served as design principal for architecture, historic preservation, and community revitalization projects. Known for coining the phrase: “The greenest building is… one that is already built.” Carl writes and lectures internationally on historic preservation, sustainable design, climate change, and urban topics. Carl is a senior fellow with Architecture 2030 and sits on the board of the Climate Heritage Network (CHN).

The Summer Lecture Series was planned by: Gerald Gardner, Will Hawk, Bette Michael, Marie Vitale, Katherine Woo, and Co-Chairs: Carol Levin & Al Paas. Link: https://wccnet-edu.zoom.us/j/89896166070 Best regards,"
Fall 2023,tuesday-distinguished,Alfred Gourdji Distinguished Lecture Series,2023-09-12,10:00 - 11:30 am,Banning Books and Ideas: An Old Problem Brings Fresh Evils,Professor Leonard Niehoff,Professor from Practice at the University of Michigan Law School,University of Michigan,Professor Niehoff will discuss current trends in book banning and censorship and will explain why these efforts are even more worrisome than those we have seen in the past.,Sponsored by the Martin Family Foundation.,"Len Niehoff is a professor at the University of Michigan Law School and a practicing First Amendment and appellate litigator with the Honigman firm. He teaches courses in Civil Procedure, Ethics, Evidence, First Amendment, Media Law, Law & Theology, and Shakespeare & the Law. He is the author of more than 100 publications, including the book Free Speech: From Core Values to Current Debates (2022). He has represented media and other clients in dozens of First Amendment cases."
Fall 2023,special,Zekelman Holocaust Center's Special Lecture Series,2023-09-14,2:00 - 3:30pm,How Could This Happen?: Learning about the Holocaust,Harry Smith,Adult Education Specialist,Zekelman Holocaust Center,"The Holocaust was one of the darkest times in human history, and many wonder how this could have happened? The Holocaust was the culmination of years of hatred that spread and manifested itself into actions. Eventually, these actions became very violent on a large scale and were government-sponsored and organized. In this presentation, we will use artifacts and victim/survivor perspectives to discuss the escalation of hate from biased attitudes to bias-motivated violence during the Holocaust.",Online only ($12 day pass); facilitated by Zekelman Holocaust Center Education Department staff (individual presenter not named).; Description/bio enriched from OLLI announcement emails (BLC-012).,
Fall 2023,thursday-series,The Rise of China as a Global Superpower,2023-09-14,10:00-11:30am,The Influence of China’s Historical Evolution on U.S.-China Relations,Professor Tristan G. Brown,,,"Speaker will be presenting virtually- We highly encourage you to come in-person to WCC and watch as a group if feasible.

This talk will provide a brief overview of China’s historical evolution from 1800 to 1949 as background for a more detailed discussion of the political, cultural, and economic evolution led by its key historical figures during the tumultuous period of the People’s Republic of China since 1949. Based on these transformations, Professor Brown will reflect on contemporary Chinese leadership’s current governance, sense of national identity, and vision for its future.",Record sourced from OLLI announcement emails (BLC-012); not printed in any received catalog.,"Tristan G. Brown is a social and cultural historian of late imperial and modern China. His research focuses on the ways in which law, science, environment, and religion interacted in China from the seventeenth to early twentieth centuries. He has held research fellowships at St John’s College, Cambridge, and Stanford University. Professor Brown has conducted research in China, Taiwan, and Jordan with the support of grants and fellowships. He received his PhD from Columbia University."
Fall 2023,thursday-series,The Rise of China as a Global Superpower,2023-09-21,10:00-11:30am,China’s Military Transformation under Xi Jinping,Dr. Joel Wuthnow,,,"Speaker will be presenting virtually- We highly encourage you to come in-person to WCC and watch as a group if feasible.

This talk will provide an overview of Chinese military modernization and reform in the decade since Xi Jinping took office. It will focus not only on improvements in the People’s Liberation Army’s hardware, but also key changes in military strategy, organization, and personnel. This will set the stage for a consideration of China’s military approaches to Taiwan, encompassing its recent coercive campaigns and preparations for broader use of force. The talk will conclude with a discussion of options for the United States to improve deterrence and maintain stability in this critical region. Please see the attached document for supplemental readings. Dr. Joel Wuthnow is an accomplished scholar in the Center for the Study of Chinese Military Affairs within the US National Defense University. He also is an adjunct professor at Georgetown University’s School of Foreign Service. Wuthnow has made significant contributions to understanding China's military modernization, civil-military relations, and defense policy. Dr. Wuthnow was a China analyst at the think tank, CNA, a postdoctoral fellow at Princeton University and a pre-doctoral fellow at The Brookings Institution. His degrees include: A.B. (Princeton University), M.Phil. (Oxford University), and Ph.D (Columbia University).",Record sourced from OLLI announcement emails (BLC-012); not printed in any received catalog.,
Fall 2023,thursday-series,The Rise of China as a Global Superpower,2023-09-28,10:00-11:30am,Chinese Economy: Where is it Headed?,Professor Hanming Fang,,,"Speaker will be presenting virtually- We highly encourage you to come in-person to WCC and watch as a group if feasible.

Our speaker will help us to understand how and why China’s external geopolitical situation has profound influences on its economy, including its related domestic policies. Constraints on China's growth (e.g., aging demographics, investment, innovation, and climate/environment) will be discussed. Contrasts between U.S. capitalism vs. Chinese market control will be discussed as a framework for analyzing geopolitical tensions between our two countries, and implications for future relations. Please see the attached document for supplemental readings. Hanming Fang is Joseph M. Cohen Term Professor of Economics at the University of Pennsylvania, and in the Wharton School. He is an applied microeconomist with broad theoretical and empirical interests focusing on public economics. Professor Fang is currently working on issues related to insurance markets, particularly the interaction between the health insurance reform and the labor market, and the alternative health insurance reform proposals. He also studies the Chinese economy, particularly on issues related to political economy, population aging and social security. Professor Fang received his Ph.D. in Economics from the University of Pennsylvania in 2000. Before joining the Penn faculty, he held positions at Yale University and Duke University.",Record sourced from OLLI announcement emails (BLC-012); not printed in any received catalog.; not recorded per the presenter's request,
Fall 2023,thursday-series,The Rise of China as a Global Superpower,2023-10-05,10:00-11:30am,The Chinese Political Legal System from 3000 Years Ago to Yesterday,Professor Nicholas Howson,,,Speaker will be presenting in-person We highly encourage you to come in-person to WCC if feasible.,Record sourced from OLLI announcement emails (BLC-012); not printed in any received catalog.,"In this presentation, Professor Howson will situate the rapidly changing Chinese legal system as established after 1979 in the People’s Republic of China (PRC) in the far longer history of China’s imperial era (221 BCE to 1911 CE) political and governance systems, with specific attention to the character and uses of substantive “legal” norms, the operation and reception of political legal administrative organs of the state (or dynastic court), the battle between ambitions for an autonomous legal system and a governance system expressive of the reigning ideology (Confucius to Marx), an ever shifting discourse on individual and collective rights protected under law, and the significant effects of the mid-19th century encounter with the West (and a rising Japan) and the more recent engagement with the outside world (from human rights to the global capital markets) after the passing of Mao. While avoiding an argument that China and its contemporary legal system is an instance of “plus ça change,” the presentation will try to make sense of today’s political legal system in China through a much longer lens. Nicholas Howson is the Pao Li Tsiang Professor of Law at Michigan’s Law School. He served as the managing partner of a major New York law firm’s Asia Practice group based in Beijing. He has handled precedent-setting legal transactions for Chinese corporations and served as a consultant on Chinese law to the Ford Foundation, the UN Development Programme, and the Asian Development Bank. He has advised the Chinese government on amendments to its commercial laws. Professor Howson also serves as an arbitrator for the China International Economic and Trade Arbitration Commission. He received his BA from Williams College and his JD from Columbia Law School."
Fall 2023,tuesday-distinguished,Alfred Gourdji Distinguished Lecture Series,2023-10-10,10:00 - 11:30 am,Promoting Social Growth and Understanding Through Music,Matthew VanBesien,UMS President,University of Michigan,"Matthew VanBesien, President of the University Musical Society at the University of Michigan, and former President of the New York Philharmonic, will give a talk about the arts today in America, where we've been, how we're adapting to an ever-changing landscape, and the opportunities and challenges that lie ahead. Artists and arts organizations today face incredible volatility and uncertainty, but are finding creative and exciting ways to lean into the moment. Matthew will talk about ways the arts are striving to become an even more vital part of society today, and will look forward to an interactive Q&A portion that engages participants in a discussion about the state of the arts in our country.",Sponsored by University of Michigan Health Advantage.,"Matthew VanBesien has served as the president of the University Musical Society since 2017, becoming only the seventh president in UMS’s 144-year history. Before his role in Michigan, Matthew served as Executive Director and then President of the New York Philharmonic from 2012-2017. He served as Managing Director of the Melbourne Symphony Orchestra from 2010-2012, following positions at the Houston Symphony as Executive Director/CEO, and General Manager, from 2002-2009. A native of St. Louis, Missouri, Mr. VanBesien earned a Bachelor of Music degree in French horn performance from Indiana University and was the recipient of an Honorary Doctor of Musical Arts degree from Manhattan School of Music. He serves as the Secretary and Treasurer on the Board of the International Society for the Performing Arts, and as an Executive Committee member of the University of Michigan’s Presidential Arts Initiative."
Fall 2023,thursday-series,The Rise of China as a Global Superpower,2023-10-12,10:00-11:30am,How China Derailed its Peaceful Rise,Dr. Susan Shirk,,,"Speaker will be presenting via Zoom We highly encourage you to come in-person to WCC if feasible.

For decades, China’s rise to power was characterized by its reassurance that this rise would be peaceful. Then, even before Xi Jinping took over in 2012, Beijing became more aggressive in foreign policy and repressive in domestic policy. These trends have become even more acute under Xi and have triggered an equally selfdefeating overreaction from America. Shirk will open the black box of Chinese domestic politics to explain how we got to where we are today and how the United States should respond.",Record sourced from OLLI announcement emails (BLC-012); not printed in any received catalog.,"Dr. Susan Shirk is research professor and the founding chair of the 21st Century China Center of the School of Global Policy and Strategy, UC San Diego. Shirk is the author of China: Fragile Superpower and the Political Logic of Economic Reform in China. From 1997-2000 she served as Deputy Assistant Secretary of State in the Bureau of East Asia and Pacific Affairs, with responsibility for China, Taiwan, Hong Kong, and Mongolia."
Fall 2023,special,Zekelman Holocaust Center's Special Lecture Series,2023-10-12,2:00 - 3:30pm,The Holocaust and the Final Solution,Brennden Bernard,Adult Education Specialist,Zekelman Holocaust Center,"The Nazi regime murdered over six million Jews in the Holocaust, yet this event was not inevitable and did not have to happen. This disaster resulted from choices made by individual people who chose to be bystanders, upstanders, collaborators, and perpetrators. In this presentation, we will address the human story through explaining various types of camps that the Nazis sent the Jews to, why they were sent there, as well as testimony and artifacts from those who survived the camps.",Online only ($12 day pass); facilitated by Zekelman Holocaust Center Education Department staff (individual presenter not named).; Description/bio enriched from OLLI announcement emails (BLC-012).,
Fall 2023,thursday-series,The Rise of China as a Global Superpower,2023-10-19,10:00-11:30am,US-China Relations: Now What?,Professor Mary Gallagher,,,"Speaker will be presenting in-person We highly encourage you to come in-person to WCC if feasible.

This talk examines the current state of US-China Relations from a historical perspective and in the context of an increasingly complex geopolitical context. I argue that US-China Relations are now far beyond a simplistic engagement vs. containment policy; rather the United States needs to re-engage with the rest of the world in order to counter an ambitious and frustrated China more effectively.",Record sourced from OLLI announcement emails (BLC-012); not printed in any received catalog.,"Mary E. Gallagher is the Amy and Alan Lowenstein Professor of Democracy, Democratization, and Human Rights Professor at the University of Michigan where she is also the director of the International Institute. She was the director of the Kenneth G. Lieberthal and Richard H. Rogel Center for Chinese Studies from 20082020. Dr. Gallagher’s most recent book is Authoritarian Legality in China: Law, Workers and the State, published by Cambridge University Press in 2017. She is also the author or editor of several other books, including Contagious Capitalism: Globalization and the Politics of Labor in China (Princeton 2005). Dr. Gallagher was a foreign student in China in the fall of 1989 at Nanjing University at the Duke-inChina Program. She taught at Foreign Affairs College in Beijing from 1996-1997 as a member of the Princeton-in-Asia program. In 2023-25, Dr. Gallagher is a Fulbright Global Scholar on a new research project that examines attitudes toward China in the United States, Germany, Japan, and South Korea. In addition to her academic research, Dr. Gallagher has consulted with governments, international organizations, and corporations on China’s domestic politics, labor and workplace conditions, and urbanization policies. She received her Ph.D. in politics in 2001 from Princeton University and her B.A. from Smith College in 1991."
Fall 2023,thursday-series,"International Organizations and Agreements: Relevance, Challenges, Opportunities",2023-10-26,10:00-11:30am,The Capabilities and Limits of International Organizations,Professor Kristina Daugirdas,,,"Speaker will be presenting in-person We highly encourage you to come in-person to WCC if feasible.

International organizations are – or at least are expected to be – at the forefront of addressing the most serious global challenges, including climate change the war in Ukraine, and the global Covid-19 pandemic. This lecture will explain the ways that international organizations can add value and make it possible to achieve outcomes that governments couldn’t obtain on their own. It will also address why these organizations frequently all short of their ambitious goals. Kristina Daugirdas is a Professor of Law and the Associate Dean for Academic Programming at the University of Michigan Law School. Before joining the faculty, she served as an attorney-adviser in the Office of the Legal Adviser for the U.S. State Department. She is a member of the editorial board of the International Organizations Law Review and serves on the State Department’s Advisory Committee on International Law.",Record sourced from OLLI announcement emails (BLC-012); not printed in any received catalog.,
Fall 2023,thursday-series,"International Organizations and Agreements: Relevance, Challenges, Opportunities",2023-11-02,10:00 - 11:30am,International Economic Institutions: Their Role in the World Economy,Professor Alan Deardorff,,,"Speaker will be presenting in-person We highly encourage you to come in-person to Towsley auditorium in WCC’s Morris Lawrence Building if feasible.

The world economy took much of its current form at the end of World War II, when the major international economic organizations were formed: the International Monetary Fund, the World Bank, and the predecessor of today's World Trade Organization. Over subsequent decades, smaller groups of countries entered into numerous international economic agreements. This presentation will discuss the history of these institutions and the role that they continue to play in the world economy. Alan V. Deardorff was John W. Sweetland Professor of International Economics and Professor of Economics and Public Policy at the University of Michigan from 1970 until he retired June 2021 and became Emeritus. His Ph.D. in economics was from Cornell University in 1971. He chaired the Department of Economics from 1991 to 1995 and was Associate Dean of the Gerald R. Ford School of Public Policy from 2007 to 2015.",Record sourced from OLLI announcement emails (BLC-012); not printed in any received catalog.,
Fall 2023,thursday-series,"International Organizations and Agreements: Relevance, Challenges, Opportunities",2023-11-07,10:00 - 11:30am,International Economic Institutions: Can the United Nations Stop Wars and Protect Human Rights?,Professor Steven R. Ratner,,,"*Please note that you needed to pre-register to this lecture in order to participate in-person. The United Nations has seemed powerless in recent years to prevent new wars in Russia/Ukraine, Sudan, and elsewhere. And human rights violations continue globally, as seen in the aftermath of the Taliban's takeover in Afghanistan. Can the UN do anything to prevent or stop these atrocities? This talk will discuss how the UN's mechanisms work, their promises, and their limitations.",Record sourced from OLLI announcement emails (BLC-012); not printed in any received catalog.,"Bruno Simma Collegiate Professor of Law Steven R. Ratner began his legal career as an attorney-adviser at the US State Department's Office of the Legal Adviser. He was appointed by the UN Secretary-General to a three-person expert group in 1998–1999 to consider bringing the Khmer Rouge to justice. He was also a member of the UN's three-person Panel of Experts on Accountability in Sri Lanka in 20102011, which advised the secretary-general on human rights violations related to the end of the Sri Lankan civil war. In 2022, he was appointed to the UN Human Rights Council's three-member International Commission of Human Rights Experts on Ethiopia."
Fall 2023,special,Zekelman Holocaust Center's Special Lecture Series,2023-11-09,2:00 - 3:30pm,Resistance during the Holocaust,Christian Bozeman,Adult Education Specialist,Zekelman Holocaust Center,"While many people chose to perpetuate hate during the Holocaust, some people resisted the Nazi regime and its destructive ideology. Cultural/ spiritual resistance and physical/ armed resistance were both important types of opposition used to undermine Nazi power. Resistance of both kinds inspired hope among the persecuted Jews. This program will discuss these different types of resistance, through the use of artifacts, testimonies, and survivor art.",Online only ($12 day pass); facilitated by Zekelman Holocaust Center Education Department staff (individual presenter not named).; Description/bio enriched from OLLI announcement emails (BLC-012).,
Fall 2023,tuesday-distinguished,Alfred Gourdji Distinguished Lecture Series,2023-11-14,10:00 - 11:30am,The Transition to Renewable Energy: Truths and Consequences,Professor Adam Simon,"Arthur F. Thurnau Professor of Earth & Environmental Sciences; Faculty Director, Michigan Research & Discovery Scholars (MRADS) Living Learning Community",University of Michigan,"The green energy transition requires significantly increasing the extraction of resources including cobalt, copper, graphite, lithium, nickel, and many others to build battery electric vehicles, photovoltaic solar, wind turbines, and grid-scale battery storage. Where do these resources come from? Will they be available on the timescale we need? What are the economic, environmental and sociopolitical implications? Please join me for a presentation where I answer these questions and more.",,Adam C. Simon is Arthur F. Thurnau Professor of Earth & Environmental Sciences at the University of Michigan and the Faculty Director for the Michigan Research & Discovery Scholars (MRADS) Living Learning Community. His scholarly work focuses on the global flow of energy and mineral resources with an emphasis on the geologic availability of energy critical metals.
Fall 2023,thursday-series,"International Organizations and Agreements: Relevance, Challenges, Opportunities",2023-11-16,10:00 - 11:30am,Challenges Faced by the African Union in Peace Endeavors,Ambassador Susan D. Page,,,"Speaker will be presenting in-person We highly encourage you to come in-person to Towsley auditorium in WCC’s Morris Lawrence Building if feasible.

The African Union (AU) is a continental body of 55 member states, which has a history of engagement in mediation and peacekeeping efforts between African states but is rarely credited with success. The AU, for example, led international political efforts to deal with the crisis in the Darfur region of Sudan in 2003, long before the UN. But when AU leaders cautioned against a military intervention in Libya, their views were ignored in favor of the more interventionist approach pushed by powerful Western States and the Arab League. She will discuss some of the challenges faced by the African Union in its peace endeavors and whether the UN Security Council-authorized NATO intervention in Libya -- against the wishes of the AU -- helped lead to an ongoing disaster in Libya and to the present stalemate at the UN Security Council. Ambassador Susan D. Page is a professor of practice in international diplomacy at the Ford School of Public Policy’s Weiser Diplomacy Center and a professor from practice at the University of Michigan Law School. She has deep expertise in international relations, particularly in Africa. Her senior level roles have included being the first U.S. ambassador to South Sudan, U.S. Charge d’Affaires to the African Union, Deputy Assistant Secretary of State for African Affairs, and a UN representative to Haiti. She received a JD from Harvard Law School and an AB in English with high distinction from the University of Michigan.",Record sourced from OLLI announcement emails (BLC-012); not printed in any received catalog.,
Fall 2023,thursday-series,"International Organizations and Agreements: Relevance, Challenges, Opportunities",2023-11-28,10:00 - 11:30am,Negotiating and Implementing Multilateral Climate Agreements,Jennifer A. Haverkamp,,,"Speaker will be presenting in-person We highly encourage you to come in-person to Towsley auditorium in WCC’s Morris Lawrence Building if feasible.

The Paris Climate Agreement was celebrated when it was signed in 2015 but has since faced questions about its effectiveness and countries’ levels of commitment. Less well known climate agreements include the Montreal Protocol’s phasedown of hydrofluorocarbons and the UN’s agreement to limit global emissions from civil aviation. This lecture will explore the negotiating dynamics among wealthy and less-developed countries, how deals were reached, and the various agreements’ ongoing contributions to reducing global admissions. Jennifer A. Haverkamp directs the U-M’s Graham Sustainability Institute and is a professor from Practice at Michigan’s Law School and the Ford School of Public Policy. Previously she led climate negotiations as the US State Department’s Ambassador and Special Representative for Environment and Water Resources, directed EDF’s International Climate Program, and served as an assistant US trade representative. She holds degrees from Yale Law School, Oxford University, and the College of Wooster.",Record sourced from OLLI announcement emails (BLC-012); not printed in any received catalog.,"Jennifer A. Haverkamp directs the U-M’s Graham Sustainability Institute and is a professor from Practice at Michigan’s Law School and the Ford School of Public Policy. Previously she led climate negotiations as the US State Department’s Ambassador and Special Representative for Environment and Water Resources, directed EDF’s International Climate Program, and served as an assistant US trade representative. She holds degrees from Yale Law School, Oxford University, and the College of Wooster."
Fall 2023,thursday-series,"International Organizations and Agreements: Relevance, Challenges, Opportunities",2023-12-07,10:00 - 11:30am,"Diplomacy and Cybersecurity: Past, Present, and Future",Professor Javed Ali,,,"Speaker will be presenting on Zoom We highly encourage you to come in-person to Towsley auditorium in WCC’s Morris Lawrence Building if feasible.

Cybersecurity is a complex field that involves various elements of US national power--including diplomacy, law enforcement, intelligence, military force, homeland security, and financial and administrative regulations. The diplomatic aspect of the US approach on cybersecurity is relatively new, and unlike the Cold War-era where the US led various international arms control efforts through bodies like the UN, multilateral treaties, or bilaterally with the USSR, no such treaty or set of norms exist with respect to the use of cyber weapons by nation-states. The presentation will draw from historical Cold War arms control parallels, lay out the history of the US orientation on cyber diplomacy over the last decade, and highlight the current framework for how the US is postured to engage with respect to cyber diplomacy. Javed Ali, an associate professor of practice at the Ford School of Public Policy, is a former senior director for counterterrorism at the National Security Council, with over 20 years of professional experience in national security and intelligence issues. He served in the Defense Intelligence Agency, the Department of Homeland Security, and the Federal Bureau of Investigation, where he also held senior positions on joint duty assignments at the National Intelligence Council, the National Counterterrorism Center, and the National Security Council. Ali holds a BA in political science from the University of Michigan, a JD from the University of Detroit School of Law, and an MA in international relations from American University. Since leaving government in 2018, he teaches courses on counterterrorism, cybersecurity, and national security law at UM, and provides frequent commentary to national and international media across print, radio, and television interviews. He is a proud graduate of UM with a BA in Political Science and has a JD from the University of Detroit and a MA in International Relations from American University.",Record sourced from OLLI announcement emails (BLC-012); not printed in any received catalog.,
Fall 2023,tuesday-distinguished,Alfred Gourdji Distinguished Lecture Series,2023-12-12,10:00 - 11:30am,Artificial Intelligence: The Landscape of Promise and Peril,Deb Mukherjee,Retired IT professional; leads AI study groups and AI forums at OLLI,,"In this lecture, Deb Mukherjee will strive to unravel the complex world of Artificial Intelligence, shedding light on its vast possibilities and inherent threats. Designed for both the informed and the curious, this lecture will aim to provide a balanced understanding of AI's transformative and disruptive potential and the ethical quandaries facing humanity. Expect an engaging exploration that brings clarity to this important and ever-evolving topic.",,Deb Mukherjee is a retired IT professional with some (archaic) work experience in the field of AI. For the past two years Deb has been leading AI study groups and AI forums at OLLI.
Fall 2023,special,Zekelman Holocaust Center's Special Lecture Series,2023-12-14,2:00 - 3:30pm,Propaganda and the Holocaust,David Dehn,Adult Education Specialist,Zekelman Holocaust Center,"Many people chose to support the Nazi regime during the Holocaust, and propaganda played a significant role in their decision-making. Propaganda is false, or partly false, information intended to shape people’s opinions and actions that fulfill the propagandist’s intent. During the Holocaust, this intent meant the attempted annihilation of the Jews. This presentation will address the dangerous consequences of propaganda and antisemitism in the Holocaust by utilizing artifacts and survivor testimony.",Online only ($12 day pass); facilitated by Zekelman Holocaust Center Education Department staff (individual presenter not named).; Description/bio enriched from OLLI announcement emails (BLC-012).,
Fall 2023,tuesday-distinguished,Alfred Gourdji Distinguished Lecture Series,2024-01-09,10:00 - 11:30am,What's Wrong with the Banks (and with Their Regulation)?,Professor Jim Adams,"Shorey Peterson Professor of Industrial Organization and Corporate Finance; Arthur F. Thurnau Professor of Economics, School of Literature, Science, and the Arts",University of Michigan,Turbulence in the U.S. financial sector is as old as the U.S. itself. What causes this seemingly systemic instability? What has the government done about it? What should be done about it? Let's talk about it!,January 2024 lecture printed in the Fall 2023 edition.,"William J. (Jim) Adams is Shorey Peterson Professor of Industrial Organization and Corporate Finance, and Arthur F. Thurnau Professor of Economics, at UM’s School of Literature, Science, and the Arts. His research has ranged broadly, from public policies toward business in the United States to economic integration in Europe. His monograph, Restructuring the French Economy: Government and the Rise of Market Competition since World War II, is used by economists, historians, and political scientists on both sides of the Atlantic. Adams has advised the Federal Trade Commission, the U.S. Ambassador to France, and several foreign policy departments of the U.S. government. He’s a winner of the UM’s Golden Apple award for teaching."
Winter 2024,thursday-series,Big Science and Tech Explained!,2024-01-11,10:00 - 11:30am,Robotics in Medicine,Mark Draelos,"MD, PhD; Assistant Professor of Robotics and Ophthalmology; Director, Image-Guided Medical Robotics Laboratory",University of Michigan,"Modern robotics has transformed many fields and healthcare is no exception. In this lecture, I survey the leading applications of robotics in medicine, surgery, imaging, rehabilitation, and nursing with a focus on key innovations and patient outcomes. I conclude by discussing active research topics in medical robotics and the potential they hold for improving patient care in the future.",$12; speaker presenting in-person.,"Mark Draelos, MD, PhD, is a surgically trained physician and engineer who develops novel applications of medical robotics and imaging to improve patient care. After finishing Duke University’s Medical Scientist Training Program where he studied biomedical engineering under Prof. Joseph Izatt, Mark completed an internship in general surgery at Duke University Medical Center. Currently, he is an Assistant Professor of Robotics and Ophthalmology at the University of Michigan, where he directs the Image-Guided Medical Robotics Laboratory."
Winter 2024,special,Zekelman Holocaust Center's Special Lecture Series,2024-01-11,2:00 - 3:30pm,The Holocaust in the Context of World War II,Harry Smith,Adult Education Specialist,Zekelman Holocaust Center,"World War II shaped the Holocaust during its most lethal years. This presentation focuses on how the war impacted the pace, intensity and reach of the Holocaust, following the frontlines of the war in Europe. Drawing from survivor stories and artifacts, participants will explore the role of military personnel as both perpetrators and rescuers and the impact of their choices. Highlighting testimonies from Jewish military veterans of WWII shows another dimension of armed resistance to Nazi oppression.",Online only; facilitated by Zekelman Holocaust Center Education Department staff (individual presenter not named).; Description/bio enriched from OLLI announcement emails (BLC-012).,
Winter 2024,special,Virtual Art Tours,2024-01-16,10:00am,Art Tour: Virtual Trip to the Museum of Modern Art in New York,Julie Averbach,"Virtual tour guide, smARTee",,"Explore works by Van Gogh, Warhol, & more!",Virtual tour.,"Julie Averbach recently graduated from Yale University with a double major in History of Art and Psychology. Julie leads smARTee, a virtual arts enrichment program expanding museum access amid the COVID-19 pandemic. Website: www.smartee.biz"
Winter 2024,thursday-series,Big Science and Tech Explained!,2024-01-18,10:00 - 11:30am,The Genome Engineering and Therapeutic Revolution,Yan Zhang,Assistant Professor (CRISPR-Cas research group),University of Michigan,"This presentation includes an overview of the latest development in genetic engineering and human gene therapy. In particular, the CRISPR-Cas DNA scissor technology will be introduced followed by their real-world applications. Their enormous social impacts on research, agriculture, medicine and beyond, as well as ethical concerns, will also be discussed.",$12; speaker presenting in-person.,"Dr. Zhang received her B.S. in Biological Sciences from Peking University, China, and her PhD in Biomolecular Chemistry from University of Wisconsin-Madison. After completing postdoctoral training at Northwestern University and the UMass Chan Medical School, Dr. Zhang started her own research group as an Assistant Professor at the University of Michigan Ann Arbor. Her lab studies the CRISPR-Cas anti-viral defense system in bacteria and develops CRISPR technologies to advance human genome engineering."
Winter 2024,special,Virtual Art Tours,2024-01-23,10:00am,Art Tour: Virtual Trip to the Metropolitan Museum of Art in New York,Julie Averbach,"Virtual tour guide, smARTee",,"Explore works by Renoir, Michelangelo, & more!",Virtual tour.,"Julie Averbach recently graduated from Yale University with a double major in History of Art and Psychology. Julie leads smARTee, a virtual arts enrichment program expanding museum access amid the COVID-19 pandemic. Website: www.smartee.biz"
Winter 2024,thursday-series,Big Science and Tech Explained!,2024-01-25,10:00 - 11:30am,The Hubble and Webb Space Telescopes: A New Era of Discovery,Jennifer Wiseman,Senior astrophysicist; Senior Project Scientist for the Hubble Space Telescope,NASA Goddard Space Flight Center,"The Hubble Space Telescope is at its peak of scientific discovery, even 33 years into its illustrious mission. Now the Hubble and new Webb Space Telescopes, with complementary capabilities, are exploring deeper into the universe and unveiling more details in every astronomical realm including our own solar system, exoplanets, stellar nebulae, black holes, dark matter, and galaxies. This talk will explore what Hubble and other telescopes are showing us about the beauty and activity of our amazing universe.",$12; speaker presenting via Zoom.,"Dr. Jennifer Wiseman is a senior astrophysicist at the NASA Goddard Space Flight Center where she serves as the Senior Project Scientist for the Hubble Space Telescope. Previously, she headed Goddard’s Laboratory for Exoplanets and Stellar Astrophysics. Jennifer has also served as a Congressional Science Fellow, a Councilor of the American Astronomical Society, and the Director of the AAAS Dialogue on Science, Ethics, and Religion (DoSER). She loves nature and night skies."
Winter 2024,special,Virtual Art Tours,2024-01-30,10:00am,Art Tour: Virtual Trip to the Art Institute of Chicago,Julie Averbach,"Virtual tour guide, smARTee",,Explore iconic American artworks.,Virtual tour.,"Julie Averbach recently graduated from Yale University with a double major in History of Art and Psychology. Julie leads smARTee, a virtual arts enrichment program expanding museum access amid the COVID-19 pandemic. Website: www.smartee.biz"
Winter 2024,thursday-series,Big Science and Tech Explained!,2024-02-01,10:00 - 11:30am,Artificial Intelligence Enhanced Drug Discovery and Repurposing – From Benchside to Bedside,Jonny Sexton,"PhD; Faculty Director, UM Center for Drug Repurposing",University of Michigan,"The process of bringing a new drug to market has a high failure rate, a timeline of 10-15 years, and a cost of more than $1 billion. Artificial intelligence coupled with the use of patient-derived cells and tissues can be leveraged to perform personalized drug screening and enhance the success of drug discovery, especially for rare diseases.",$12; speaker presenting in-person.,"Jonny Sexton, PhD, earned his undergraduate degree in chemistry at UC Santa Barbara and his PhD in chemistry at UC Santa Barbara. He then did a postdoctoral fellowship at Stanford University with Nobel Laureate Roger Kornberg. In 2007, he took a faculty position at the University of North Carolina. Following that he was the director of Drug Discovery at the BRITE Institute. In 2018, he moved to the University of Michigan where he started a laboratory focusing on artificial intelligence enhanced drug discovery, particularly for chronic liver diseases. Currently he is the faculty director of the UM Center for Drug Repurposing."
Winter 2024,special,Virtual Art Tours,2024-02-06,10:00am,Art Tour: Parisian Art of the Belle Époque,Julie Averbach,"Virtual tour guide, smARTee",,"Explore Impressionist art, the Eiffel Tower, & more!",Virtual tour.,"Julie Averbach recently graduated from Yale University with a double major in History of Art and Psychology. Julie leads smARTee, a virtual arts enrichment program expanding museum access amid the COVID-19 pandemic. Website: www.smartee.biz"
Winter 2024,special,Zekelman Holocaust Center's Special Lecture Series,2024-02-08,2:00 - 3:30pm,Escaping Genocide: Jewish Refugees and Immigration During the Holocaust,Aliza Tick,Adult Education Specialist,Zekelman Holocaust Center,"During the Holocaust, thousands of Jewish refugees attempted to flee from Nazi-occupied Europe and find freedom and safety across borders. Their journeys were often made extremely difficult by political and practical obstacles. Learn more about the Holocaust survivors who immigrated to Michigan to build their lives after the war and about the upstanders who helped refugees escape.",Online only; facilitated by Zekelman Holocaust Center Education Department staff (individual presenter not named).; Description/bio enriched from OLLI announcement emails (BLC-012).,
Winter 2024,thursday-series,Big Science and Tech Explained!,2024-02-08,10:00 - 11:30am,Shaking Things Up: About Natural and Anthropogenic Earthquakes and Noise,Ben van der Pluijm,"Professor, Department of Earth & Environmental Sciences",University of Michigan,"Earthquake prediction? Yes and No. We discuss what earthquakes are, where they occur, and why. We explore earthquake forecasting and the value of modern shake alerts. We also look at human-induced ('Anthropogenic') earthquakes, primarily from explosions, fracking and waste fluid injection, and the surprising record of societal vibrations ('noise') from day-to-day human activity.",$12; speaker presenting in-person.,"Ben van der Pluijm has been Professor in the Dept of Earth & Environmental Sciences at the University of Michigan since 1985. His research areas are Structure and Tectonics, dealing with the geologic evolution of Earth’s crust, from minerals to mountains, and Hazards Geology and Societal Resilience, dealing with the challenges of planet-human interactions. He teaches and lectures about geology and resilience. His research has taken him around the world."
Winter 2024,tuesday-distinguished,Alfred Gourdji Distinguished Lecture Series,2024-02-13,10:00 - 11:30 am,Contested Terrain of Critical Race Theory,Professor Ronald C. Woods,Formerly first head (and until recently interim head) of the Department of African American Studies at EMU,Eastern Michigan University,"The presentation will situate this hotly debated, often mischaracterized subject, into a broader stream of cultural and political discourse involving race in America.",Jointly planned with OLLI-UM's DEI Committee.,"Professor Woods formerly served as the first head of the department of African American studies at EMU and, until recently, interim department head. He has also served as the Michael O. Sawyer visiting professor of constitutional law and politics at the Maxwell School of Citizenship and Public Affairs, Syracuse University and as a legal services attorney in Cincinnati, Ohio. Professor Woods previously was an interim president of the Michigan Council of Black Studies and has been a consultant to school systems on various aspects of desegregation and diversity enhancement. He is on the board of directors of the African American Culture and Historical Museum of Washtenaw County, and is a consultant to the Charles H. Wright Museum of African American History in Detroit. From 2002–2004, Professor Woods was the director of the Eastern Michigan Institute for the Study of Children, Families and Communities. A member of the board of directors of Wittenberg University, he has lectured internationally and has published articles on refugee policy in the horn of Africa and on African American vernacular English."
Winter 2024,thursday-series,Big Science and Tech Explained!,2024-02-15,10:00 - 11:30am,"Managing the Transition to EVs: Tales of Countries, Companies, and Engineers Trying to Create the Future",Bruce Belzowski,"Managing Director, Automotive Futures group",Automotive Futures,"The global automotive industry is in the process of dramatically changing how they develop, manufacture, and sell their products. It's not a small task to change what you've been doing for 100 years, and this talk will take you on a journey from where we are to where we think we want to be. It won't be easy, and in the end, it won't be pretty, but we are going to do it anyway, hopefully, for the good of the planet.",$12; speaker presenting in-person. 25 years at the University of Michigan Transportation Research Institute.,"Bruce M. Belzowski is the Managing Director of the Automotive Futures group. He received his B.A. and M.A. from the University of California, Berkeley, and the University of Michigan, respectively. His 25 years studying the global automotive industry at the University of Michigan Transportation Research Institute focused on a variety of automotive topics. His current research topics at Automotive Futures includes information technology, autonomous vehicles, powertrain strategies, and globalization of the automotive industry. These topics are addressed in Automotive Futures’ five annual conferences that have been held over the past twelve years at the University of Michigan."
Winter 2024,thursday-series,The Arts As Catalysts of Social Change,2024-02-22,10:00 - 11:30am,Racial Justice and Cultural Exchange Through the Arts,Dr. Anita Gonzalez,,,"Speaker will be presenting via Zoom. We highly encourage you to come in-person to WCC and watch the presentation as a group. Coffee and pastries will be served beginning at 9:00am. Please arrive no later than 9:45am to enjoy the refreshments, as food and beverages are not permitted in the auditorium.",Record sourced from OLLI announcement emails (BLC-012); not printed in any received catalog.,"Gonzalez, through her research center, The Woodshed Center for Art, Thought and Culture, collaborates with artists, scholars, and community members to develop engaged art projects. Her presentation profiles some of her recent projects: A community/scholar exchange in South Africa, Perspectivas Negras with Black artists in Puerto Rico, the development of the musical Zora on My Mind, a virtual reality project with the University of Michigan, and her “Cooking Up History” project on the Eastern Shore of Maryland. Dr. Anita Gonzalez is a professor of performing arts and African American studies at Georgetown University and a co-Founding Lead of their Racial Justice Institute. Her edited and authored books are Performance, Dance and Political Economy, Black Performance Theory, and Afro-Mexico: Dancing Between Myth and Reality. She is a member of ASTR. IFTR, the Academy of American Arts and Sciences, the Board of Directors of the Mid Atlantic Arts Foundation, and the Dramatists Guild."
Winter 2024,thursday-series,The Arts As Catalysts of Social Change,2024-02-29,10:00 - 11:30am,Museums Need to Be Braver,Christina Olsen,,,"Speaker will be presenting in-person at WCC and will also be live-streamed on Zoom. We highly encourage you to come in-person to WCC and watch the presentation as a group. Coffee and pastries will be served beginning at 9:00am. Please arrive no later than 9:45am to enjoy the refreshments, as food and beverages are not permitted in the auditorium. Campus art museums have a unique opportunity to shape social change. Christina Olsen, director of the University of Michigan Museum of Art (UMMA), will share five ways college and university museums can offer the sector at large a roadmap for reinvention. Detailing changes at UMMA, Olsen will call for a braver future for the museum field.",Record sourced from OLLI announcement emails (BLC-012); not printed in any received catalog.,"Christina Olsen is the director of the University of Michigan’s Museum of Art (UMMA) and cochair of the University of Michigan's arts initiative. Before coming to Michigan, she served as the Class of 1956 Director at the Williams College Museum of Art. Olsen has more than 25 years of leadership experience in museums and foundations, including positions at the San Francisco Museum of Modern Art, the J. Paul Getty Museum and Getty Foundation, and the Portland Art Museum. She lectures frequently on the topic of the future of art museums, and the history and evolution of campus-based museums. Olsen has curated and produced many exhibitions and programs, including most recently Abstraction, Color, and Politics in the Early 1970s, at UMMA. Olsen is on the board of the Association of Art Museum Directors and has taught at the University of Pennsylvania and Williams College. She received a BA in history of art, with honors, from the University of Chicago, and an MA and PhD in art history from the University of Pennsylvania."
Winter 2024,thursday-series,The Arts As Catalysts of Social Change,2024-03-07,10:00 - 11:30am,What is Black Song?,Dr. Louise Toppin,,,"Speaker will be presenting in-person at WCC and will also be live-streamed on Zoom. We highly encourage you to come in-person to WCC and watch the presentation as a group. Coffee and pastries will be served beginning at 9:00am. Please arrive no later than 9:45am to enjoy the refreshments. This presentation will discuss the history of Black music, who has the permission to perform it, and how its narratives provide a lens with which to examine the history of the United States. Louise Toppin has received critical acclaim for her operatic, orchestral, oratorio and recital performances world-wide. She has recorded more than eighteen compact disks and published 10 anthologies of songs by African American composers. Performances include: premiere of Julia Perry’s Frammenti dalla lettere with Akron Symphony Orchestra, concerts with Julia Bullock, a Black Music festival in Hamburg, Germany with Thomas Hampson and Larry Brownlee, a performance for Congress and President Obama at the U.S. Capitol; in Havana, Cuba with the women’s orchestra Camerata Romeu and the opening of the Smithsonian’s African American Heritage Museum. She has appeared on NPR’s All Things Considered, co-hosts the Minnesota Orchestra “Listening Project” concert, and hosts the show: Conversations in African American music. She is founder of the George Shirley Vocal Competition and the Africandiasporamusicproject.org. Currently a University Diversity and Social Transformation Professorship and Professor of Music (Voice) at The University of Michigan.",Record sourced from OLLI announcement emails (BLC-012); not printed in any received catalog.,
Winter 2024,tuesday-distinguished,Alfred Gourdji Distinguished Lecture Series,2024-03-11,5:00 - 8:00 pm,"Special Film Event: An Evening with Professor Robert Putnam, and the Documentary Film About His Work",Prof. Robert D. Putnam,Professor of Public Policy,Harvard University,"Professor Robert D. Putnam will host a showing of the documentary about his research, ""Join or Die,"" and answer questions afterward. The film, ""Join or Die"": In this feature documentary, follow the half-century story of America's civic unraveling through the journey of legendary social scientist Robert Putnam, whose groundbreaking ""Bowling Alone"" research into America's decades-long decline in community connections could hold the answers to our democracy's present crisis. Flanked by influential fans and scholars — from Hillary Clinton, Pete Buttigieg, and Surgeon General Vivek Murthy to Eddie Glaude Jr., Raj Chetty, and Priya Parker — as well as inspiring groups building community in neighborhoods across the country, join Professor Putnam as he explores three urgent civic questions: What makes democracy work? Why is American democracy in crisis? And, most importantly… What can we do about it?",Monday evening special film event; cost $12 extra; in-person only.,"Putnam is Professor of Public Policy at Harvard University. A member of the National Academy of Sciences and the British Academy, he received the Skytte Prize, the world’s highest accolade for a political scientist, and the National Humanities Medal, America’s highest honor in the humanities. He has written fifteen books, translated into twenty languages, including Making Democracy Work and Bowling Alone, both among the most cited (and bestselling) social science works in recent decades. He has been consulted by five US Presidents and half a dozen other world leaders, including Pope Francis."
Winter 2024,tuesday-distinguished,Alfred Gourdji Distinguished Lecture Series,2024-03-12,10:00 - 11:30 am,The Upswing: How America Came Together a Century Ago and How We Can Do it Again,Prof. Robert D. Putnam,Professor of Public Policy,Harvard University,"Deep inequality; unprecedented polarization; a fraying social fabric; extreme cultural narcissism—Americans today agree only that these are the worst of times. Similarly, during the Gilded Age 125 years ago, America was exceptionally individualistic, unequal, polarized, and self-centered. But then America turned a corner, becoming until the 1960s steadily more equal, cooperative, generous, and focused on our mutual obligations—a society on the upswing. What lessons can we learn from that period?",,"Robert D. Putnam is Professor of Public Policy at Harvard University. A member of the National Academy of Sciences and the British Academy, he received the Skytte Prize, the world’s highest accolade for a political scientist, and the National Humanities Medal, America’s highest honor in the humanities. He has written fifteen books, translated into twenty languages, including Making Democracy Work and Bowling Alone, both among the most cited (and bestselling) social science works in recent decades. He has been consulted by five US Presidents and half a dozen other world leaders, including Pope Francis."
Winter 2024,thursday-series,The Arts As Catalysts of Social Change,2024-03-14,10:00 - 11:30am,A Discussion with the Founders and Producing Artistic Directors of Detroit Public Theatre,"Leah Hill, Courtney Burkett, Sarah Clare Corporandy and Sarah Winkler",,,"Speaker(s) will be presenting in-person at WCC and will also be live-streamed on Zoom. We highly encourage you to come in-person to WCC and watch the presentation as a group. Coffee and pastries will be served beginning at 9:00am. Please arrive no later than 9:45am to enjoy the refreshments, as food and beverages are not permitted in the auditorium.

In a discussion lead by Leah Hill, founders Courtney Burkett, Sarah Clare Corporandy and Sarah Winkler will discuss the founding, philosophy, leadership model, and artistic process at Detroit Public Theatre. The conversation will include in depth discussion about DPT’s season selection process, community, and education programs - including DPT’s annual touring production of Dominique Morisseau’s play DETROIT ‘67, DPT’s renowned Shakespeare in Prison program, and discussions about inclusion and accessibility initiatives within the community. Courtney Burkett, Sarah Clare Corporandy and Sarah Winkler co-founded Detroit Public Theatre in 2015 to create extraordinary theatre of, by, and for Detroit and shine a spotlight on the artists and audiences of the region. Located in the heart of the city’s cultural district, the company has been a home for the work of Dominique Morisseau since season one, and in 2020 Dominique Morisseau became the Executive Artistic Producer of Detroit Public Theatre. Detroit Public Theatre strives to be an industry leader in producing bold, relevant work that is vital to our city and reflective of and responsive to the needs Detroit artists and audiences.",Record sourced from OLLI announcement emails (BLC-012); not printed in any received catalog.,
Winter 2024,special,Zekelman Holocaust Center's Special Lecture Series,2024-03-14,2:00 - 3:30pm,Women's Experiences During the Holocaust,Hannah Mills,Adult Education Specialist,Zekelman Holocaust Center,"The Holocaust was not gender neutral. Women experienced the Holocaust as women and were targeted differently as women. This presentation explores women's experiences under Nazi control, focusing on Jewish victims and survivors of the Holocaust as well as women who risked their lives to resist hatred and help others during one of the darkest times in human history. Centering the experiences of women provides a more nuanced understanding of the Holocaust and its impact.",Online only; facilitated by Zekelman Holocaust Center Education Department staff (individual presenter not named).; Description/bio enriched from OLLI announcement emails (BLC-012).,
Winter 2024,thursday-series,The Arts As Catalysts of Social Change,2024-03-21,10:00 - 11:30am,A Dance Critic Watches Sports: Is Soccer Star Megan Rapinoe a Dancer?,Professor Clare Croft,,,Speaker will be presenting in-person at WCC and will also be live-streamed on Zoom.,Record sourced from OLLI announcement emails (BLC-012); not printed in any received catalog.,
Winter 2024,thursday-series,The Arts As Catalysts of Social Change,2024-04-04,10:00 - 11:30am,"Using Arts and Culture as Catalysts for Healing, Justice, Education and Change",Rochelle Riley,,,"Zoom. We highly encourage you to come in-person to WCC and watch the presentation as a group. Coffee and pastries will be served beginning at 9:00am. Please arrive no later than 9:45am to enjoy the refreshments, as food and beverages are not permitted in the auditorium. The City of Detroit, historically a headquarters for transformative music, design and art, but also once the poster child for violence and decay, is transforming itself, using citywide beautification as a tool for progress, commerce and population growth. The city is documenting every mural on a Mural Map with artist bios so residents and tourists can digitally meet a creative workforce that is among the best in the country. The city is transforming streets with art and bike paths, which typically haven't existed in the auto capital of the country. And Mayor Mike Duggan’s Blight to Beauty campaign is tearing down ruin porn, commissioning hundreds more murals and activating arts alleys across the city. The Detroit that people think they know doesn't exist

anymore. Business brings people to cities, but it is art that makes them stay. (Sam White, director of Shakespeare in Detroit). Rochelle Riley, writer by trade, warrior by necessity, spent 19 years as anationally syndicated columnist and fierce advocate for children, women and accountable government before becoming the Cityof Detroit’s Director of Arts and Culture. Her first project was theUnited States’ first city-wide memorial to victims of Covid-19 https://www.fox2detroit.com/video/845921. She is author of “The Burden: African Americans and the Enduring Impact of Slavery” and “That They Lived: African Americans Who Changed The World.”",Record sourced from OLLI announcement emails (BLC-012); not printed in any received catalog.,
Winter 2024,tuesday-distinguished,Alfred Gourdji Distinguished Lecture Series,2024-04-09,10:00 - 11:30 am,"Diet, Exercise and Brain Health: Latest Research Findings",Prof. Eva L. Feldman,"James W. Abers Distinguished University Professor; Russell N. DeJong Professor of Neurology, Michigan Medicine",University of Michigan,"This talk will review scientific research findings on the effects of different diets on brain health and cognition. Second, the talk will address research findings on the effects of exercise, and how different types of exercise — including aerobic, high-intensity interval training, and resistance training — affect brain health and cognitive functioning.",,"Eva L. Feldman MD, PhD, is James W. Abers Distinguished University Professor, and the Russell N. DeJong Professor of Neurology at Michigan Medicine. She is a neurologist and neuroscientist who has devoted her career towards understanding the etiology of neurological disorders and developing new treatments. Dr. Feldman is Director of the University of Michigan ALS Center of Excellence, and the NeuroNetwork for Emerging Therapies. She is annually listed in Best Doctors in America, and a Past President of the Peripheral Nerve Society and the American Neurological Association (ANA). She is a member of the National Academy of Medicine Council, the Association of American Physicians, and a Fellow of the AAAS. Her work is internationally recognized, with more than 500 published articles, 70 book chapters, and greater than 55,000 citations."
Winter 2024,tuesday-distinguished,Alfred Gourdji Distinguished Lecture Series,2024-04-09,10:00 - 11:30am,The Neurologic Complications of Obesity: What to Know and What to do About it,Dr. Melissa Elafros,,,"streamed on Zoom.

Obesity has reached pandemic proportions and is having a disastrous impact on our health. While the links between obesity and heart disease, arthritis, and cancer are well known, the impact of obesity on the nervous system is often overlooked. This lecture will highlight the latest research on how obesity is changing brain and nerve health around the world. It will end with a discussion of potential therapeutic interventions, including ongoing research studies at Michigan Medicine.",Record sourced from OLLI announcement emails (BLC-012); not printed in any received catalog.,"Dr. Melissa Elafros is a neurologist and epidemiologist at the University of Michigan’s Michigan Medicine. She completed her MD/PhD at Michigan State University which was followed by neurology residency at Johns Hopkins University and fellowship in neuromuscular disorders at Michigan. As the Andrea and Lawrence A. Wolfe Research Professor, Dr. Elafros is working to understand the impact of metabolic diseases like obesity on brain and nerve health so that her team can design interventions to improve health. In addition to providing clinical care at the University of Michigan Hospital, she has ongoing research in Ann Arbor and Flint, Michigan as well as sub-Saharan Africa."
Winter 2024,thursday-series,"Artificial Intelligence (AI) (Did ""ChatGPT"" write the following paragraph?)",2024-04-11,10:00 - 11:30am,"Introduction to Artificial Intelligence: Past, Present, and Future",John Laird,,,"Zoom. We highly encourage you to come in-person to WCC and watch the presentation as a group. Coffee and pastries will be served beginning at 9:00am. Please arrive no later than 9:45am to enjoy the refreshments, as food and beverages are not permitted in the auditorium. This talk will use a historical perspective to explore the multiple influences, goals, challenges, approaches, and applications that define the field of Artificial Intelligence. The goal is to learn about the core concepts, theories, and approaches of AI to help you understand where the field has been, where it is, and where it could go in the future.",Record sourced from OLLI announcement emails (BLC-012); not printed in any received catalog.,"John Laird is co-director of the Center for Integrated Cognition and the John L. Tishman Professor Emeritus of engineering at the University of Michigan. He is a founder of Soar Technology and leads the development of the Soar cognitive architecture. Laird is a fellow of AAAI, ACM, AAAS, and the Cognitive Science Society. He is the co-winner of the Herbert A. Simon Prize for Advances in Cognitive Systems and winner of the Stephen S. Attwood, Excellence in Engineering Award."
Winter 2024,special,Zekelman Holocaust Center's Special Lecture Series,2024-04-11,2:00 - 3:30pm,Policing and the Holocaust,Jamie Wise,Adult Education Specialist,Zekelman Holocaust Center,"During the Holocaust, police forces in Germany and occupied countries were often ordered to conduct round-ups and violence against the Jewish community. Many obeyed the orders, but some heroically chose to defy them. This session focuses on the choices made by people in uniform to either commit or resist hate-based violence during the Holocaust, examining the factors that led some people to stray from their mission to protect and serve.",Online only; facilitated by Zekelman Holocaust Center Education Department staff (individual presenter not named).; Description/bio enriched from OLLI announcement emails (BLC-012).,
Winter 2024,thursday-series,"Artificial Intelligence (AI) (Did ""ChatGPT"" write the following paragraph?)",2024-04-18,10:00 - 11:30am,Artificial Intelligence and its Implications for Financial Markets and Beyond,Professor Michael P. Wellman,,,"live-streamed on Zoom. We highly encourage you to come in-person to WCC and watch the presentation as a group. Coffee and pastries will be served beginning at 9:00am. Please arrive no later than 9:45am to enjoy the refreshments, as food and beverages are not permitted in the auditorium. The rapid advancement of surprisingly capable AI is raising questions about AI’s impact on virtually all aspects of our economy and society. The nexus of AI and Finance is especially salient, building on the impact AI has already had on trading and other financial domains. New AI developments could exacerbate market manipulation, and otherwise create loopholes in regulatory regimes. We need improved ways to anticipate AI impacts and evaluate capabilities of advanced interactive AI.",Record sourced from OLLI announcement emails (BLC-012); not printed in any received catalog.,"Michael P. Wellman is professor and division chair of computer science & engineering at the University of Michigan. He received a PhD from the Massachusetts Institute of Technology in 1988. His research has focused on computational market mechanisms and game-theoretic reasoning methods, with applications in electronic commerce, finance, and cyber-security. Wellman is a fellow of the Association for the Advancement of Artificial Intelligence and the Association for Computing Machinery."
Winter 2024,thursday-series,"Artificial Intelligence (AI) (Did ""ChatGPT"" write the following paragraph?)",2024-04-25,10:00 - 11:30am,"AI in Health – Research Promises, Education Perils and Clinical Practice Impact",Professor Ivo Dinov,,,"Not included in the announcement email — the reminder-email format of this era lists only date, title, series, and venue.",Record sourced from OLLI announcement emails (BLC-012); not printed in any received catalog.,"Ivo Dinov is a professor of health behavior and biological sciences and computational medicine and bioinformatics at the University of Michigan, and chair of the Department of Systems, Populations, and Leadership. He directs the Statistics Online Computational Resource and codirects the Probability Distribution Initiative. Professor Dinov’s research is on foundational mathematical models of spacetime analytics and AI/ ML techniques for translational biomedical and health science applications. He is a member of AmStat, IASE, AMS, APS, AAAS, STTI, and ISI. This presentation will be recorded."
Winter 2024,thursday-series,"Artificial Intelligence (AI) (Did ""ChatGPT"" write the following paragraph?)",2024-05-02,10:00 - 11:30am,Safety Assessment for Highly Automated Vehicles,Dr. Henry Liu,,,"Zoom. We highly encourage you to come in-person to WCC and watch the presentation as a group. Coffee and pastries will be served beginning at 9:00am. Please arrive no later than 9:45am to enjoy the refreshments, as food and beverages are not permitted in the auditorium. Earning public trust in highly automated vehicles and greater understanding of how they operate, is paramount as automakers and their suppliers strive to put cars and trucks on the road that can safely operate without a driver. This talk will discuss the Mcity Safety Assessment Program for automated vehicles, which consists of two parts: the “Driver License Test” and “Driving Intelligence Test”. This two-part protocol is designed to assess the behavior competence of automated vehicles before their widespread use on public roads. Dr. Henry Liu is the Bruce D. Greenshields Collegiate Professor of Engineering and the director of Mcity at the University of Michigan, Ann Arbor. He is recognized for his foundational work in cyber-physical transportation systems, particularly on the development of smart traffic signal systems with connected vehicles, and testing/evaluation of autonomous vehicles. Liu’s work on safety validation of autonomous vehicles has been published in Nature and featured as the cover story.",Record sourced from OLLI announcement emails (BLC-012); not printed in any received catalog.,
Winter 2024,thursday-series,"Artificial Intelligence (AI) (Did ""ChatGPT"" write the following paragraph?)",2024-05-09,10:00 - 11:30am,Artificial Intelligence (AI): The Chat’s Out of the Bag: AI Governance and Regulation,Molly Kleinman,,,"on Zoom. We highly encourage you to come in-person to WCC and watch the presentation as a group. Coffee and pastries will be served beginning at 9:00am. Please arrive no later than 9:45am to enjoy the refreshments, as food and beverages are not permitted in the auditorium. Artificial intelligence and algorithmic tools touch all areas of modern life, from healthcare to hiring, from elections to education. In the U.S., the development and use of these tools has gone largely unregulated, and a growing chorus is raising concerns about the ways AI can reproduce historical biases towards marginalized communities, and the environmental impacts of their enormous energy consumption. This presentation will discuss how to regulate AI while harnessing its capacity for good.",Record sourced from OLLI announcement emails (BLC-012); not printed in any received catalog.,"Molly Kleinman serves as the managing director of the Science, Technology, and Public Policy program. In this role, Molly oversees and provides strategic direction for STPP, and has coauthored reports on generative AI, facial recognition, vaccine hesitancy, and equitable community partnerships. She also has an interest in urban and transportation policy and is a past chair of the Ann Arbor Transportation Commission. In addition, Kleinman is the current president of the Ann Arbor District Library Board of Trustees."
Winter 2024,special,Zekelman Holocaust Center's Special Lecture Series,2024-05-09,2:00 - 3:30pm,Returning to Life After the Holocaust,Aliza Tick,Adult Education Specialist *ONLINE ONLY*,Zekelman Holocaust Center,"The Holocaust was a catastrophic event. After this unthinkable horror, life did not immediately go back to normal. This presentation will address an overview of the Holocaust, while also talking about what happened after liberation and the lives that survivors went on to build. Using artifacts and testimony from survivors in our community here in Michigan, we will discuss the ongoing process of returning to life after the Holocaust and the importance from their personal stories.",Online only; facilitated by Zekelman Holocaust Center Education Department staff (individual presenter not named).; Description/bio enriched from OLLI announcement emails (BLC-012).,
Winter 2024,tuesday-distinguished,Alfred Gourdji Distinguished Lecture Series,2024-05-14,10:00 - 11:30 am,The Other Gases: The Politics of Short-Lived Climate Pollutants,Prof. Barry Rabe,"J. Ira and Nicki Harris Family Professor of Public Policy, Gerald Ford School of Public Policy",University of Michigan,"Carbon dioxide dominates most discussions of climate change, a powerful greenhouse gas that remains potent in the atmosphere for long periods. However, its capacity for warming is compounded by a series of short-lived climate pollutants, such as methane, hydrofluorocarbons (HFCs), and black carbon. These contaminants do not last nearly as long in the atmosphere as carbon but have a far more intensive short-term impact. This presentation will examine the politics of reducing these gases, with a particular focus on methane and HFCs. It will examine major policy advances in the case of HFCs, including bipartisan legislation in the United States and a robust global regulatory system, in contrast with other short-lived climate pollutants.",Repeat of the May 2023 Distinguished lecture topic by the same speaker.,"Barry Rabe is the J. Ira and Nicki Harris Family Professor of Public Policy at the Gerald Ford School of Public Policy and the Arthur Thurnau Professor of Environmental Policy at the University of Michigan. He is also a non-resident senior fellow at the Brookings Institution and is an elected fellow of the National Academy of Public Administration. Rabe is a political scientist who examines the political feasibility of adopting and implementing environmental, energy and climate policies in federal systems such as the United States and Canada. His most recent books examine the politics of putting a price on carbon emissions and the limitations of climate policy reliant on executive branch action rather than legislation."
Winter 2024,thursday-series,"Artificial Intelligence (AI) (Did ""ChatGPT"" write the following paragraph?)",2024-05-16,10:00 - 11:30am,The Era of Large Language Models: A New Chapter in AI,Professor Joyce Chai,,,"co-chair for several conferences – most recently ACL 2020. She is a recipient of the NSF Career Award and multiple paper awards with her students (e.g., the Best Long Paper Award at ACL 2010, Outstanding Paper Awards at EMNLP 2021 and ACL 2023). She is a fellow of ACL.",Record sourced from OLLI announcement emails (BLC-012); not printed in any received catalog.,
Winter 2024,thursday-series,Summer Lecture Series: Nature and the Garden,2024-06-06,10:00 - 11:30am,Rain Gardens – Keeping our Rivers Clean,Susan Bryan and Jason Frenzel,,,"live-streamed on Zoom. We highly encourage you to come in-person to WCC and watch the presentation as a group. Coffee and pastries will be served beginning at 9:00am. Please arrive no later than 9:45am to enjoy the refreshments, as food and beverages are not permitted in the auditorium.

Rain gardens are sprouting up everywhere. Let’s go on a tour with Susan’s top gardens – out of the 1,900 she has seen. What are the most spectacular and quirky rain gardens built so far? Jason will dig deep into the monstrous pollution problem these cute little gardens defeat. We can do it in our own backyard! Rain Gardens are a beautiful addition to any landscape - and keep our rivers, lakes, and streams clean. Susan Bryan (MLA UofM SEAS) created and teaches the Master Rain Gardener class at Washtenaw County Water Resources. The program she created grew to become a state-wide certification in 2015 and has spread to the Great Lakes western states including Ohio and to Canada. Over 1,900 rain gardens have been built by the industrious and energetic Master Rain Gardener volunteer ambassadors. Her Master Rain Gardener program earned the Environmental Protection Agency’s “Story of Success” in 2019.",Record sourced from OLLI announcement emails (BLC-012); not printed in any received catalog.,"Jason Frenzel is the Stewardship Coordinator at the Huron River Watershed Council, overseeing an array of volunteer programming related to ecological initiatives since 2001. He has worked at the City of Ann Arbor, served as a Councilmember 2016-2017, and led the Association of Leaders in Volunteer Engagement (ALIVE). Jason has his Certification in Volunteer Administration, an international accreditation for Volunteer Engagement Professionals."
Winter 2024,tuesday-distinguished,Alfred Gourdji Distinguished Lecture Series,2024-06-11,10:00 - 11:30 am,Will Drinking Coffee Help You Live Longer?: Improving the Rigor of Science,Prof. Pamela Davis-Kean,"Chair, Developmental Psychology Area, Psychology Department; Founding Director, Population, Neurodevelopment, and Genetics program, Institute for Social Research",University of Michigan,"Newspaper headlines are full of recommendations on nutrition, workouts, ways to increase productivity, and potential treatments for improving health outcomes. How rigorous is the science behind these headlines? In this talk, I will discuss the problems with science communication and how to be a critical reader of our daily headlines as well as the science behind them. I will highlight some of the problems with the poor incentives in generating research and what the scientific communities are doing to make sure that the science is rigorous and available to the broader community.",,"Dr. Davis-Kean is Chair of the Developmental Psychology Area of UM’s Psychology Department. Her research focuses on the various pathways that the socioeconomic status of parents relates to the cognitive/achievement outcomes of their children. She is the Founding Director of the Population, Neurodevelopment, and Genetics program at UM’s Institute for Social Research. The program examines the complex transactions of the brain, biology, and behavior as children and families develop over time. Prof. Davis-Kean is interested in how both the micro (brain and biology) and macro (family and socioeconomic conditions) aspects of development relate to cognitive changes in children across the lifespan."
Winter 2024,thursday-series,Summer Lecture Series: Nature and the Garden,2024-06-13,10:00 - 11:30am,Native Plants for a Healthier Landscape,Loris Damerow,,,"on Zoom. We highly encourage you to come in-person to WCC and watch the presentation as a group. Coffee and pastries will be served beginning at 9:00am. Please arrive no later than 9:45am to enjoy the refreshments, as food and beverages are not permitted in the auditorium.

This program will highlight the vital role native plants play in providing beauty and ecosystem service in home and community landscapes. Learn more about the specific ways insects interact with plants and the importance of creating habitat for birds and pollinators. Start in your yard for positive impact on the environmental health of the planet. Loris Damerow is a lifelong gardener and native plant enthusiast. She serves as the Ann Arbor Wild Ones Chapter Vice President and National Wild Ones President. Wild Ones is a not-forprofit education and advocacy organization promoting native plant landscapes for a healthy environment. A recent transplant to Michigan from Wisconsin, she engages in earth stewardship by tending her suburban yard.",Record sourced from OLLI announcement emails (BLC-012); not printed in any received catalog.,
Winter 2024,special,Zekelman Holocaust Center's Special Lecture Series,2024-06-20,2:00 - 3:30pm,Anti Semitism Since the Holocaust,Harry Smith,Adult Education Specialist,Zekelman Holocaust Center,Antisemitism did not begin or end with the Holocaust and it continues to persist today. This program addresses how to recognize antisemitism and how to stand up to it in our communities. This presentation will analyze contemporary manifestations of antisemitism and the scope and scale of antisemitism. This presentation will identify actions we can take in our own lives to recognize and actively respond to antisemitism and other forms of hate.,Online only; facilitated by Zekelman Holocaust Center Education Department staff (individual presenter not named).; Description/bio enriched from OLLI announcement emails (BLC-012).,
Winter 2024,thursday-series,Summer Lecture Series: Nature and the Garden,2024-06-20,10:00 - 11:30am,From “Placebased” to “Land-based:” Indigenous Futures and Sustainable Stewardship,Dr. Anthony Kolenic,,,"Not included in the announcement email — the reminder-email format of this era lists only date, title, series, and venue.",Record sourced from OLLI announcement emails (BLC-012); not printed in any received catalog.,"Dr. Anthony Kolenic serves as the Director of the University of Michigan’s Matthaei Botanical Gardens and Nichols Arboretum. Committed to advancing equity, justice, and sustainability, Dr. Kolenic drives meaningful connections with our natural world. In addition to his directorial role, he also contributes as a Faculty Associate in American Culture and as an Affiliate Faculty in the Institute for Research on Women and Gender, enriching interdisciplinary discourse on environmental stewardship and social responsibility."
Fall 2024,tuesday-distinguished,Alfred Gourdji Distinguished Lecture Series,2024-09-10,10:00 - 11:30 am,The Great American Songbook,Professor Brent Wagner,"Arthur Thurnau Emeritus Chair; Robertson Emeritus Professor of Musical Theatre, School of Music, Theatre & Dance",University of Michigan,"Irving Berlin, Rodgers and Hart, George Gershwin, Jerome Kern, Harold Arlen, Duke Ellington, and Cole Porter — these marvelous writers created so many lasting standards in the early 20th century that the era has been termed 'The Great American Songbook.' These songs have been recorded hundreds of times by pop singers, jazz artists, dance bands, and even opera singers, and new generations are constantly discovering and rediscovering the depth and artistry of these mini-masterpieces. But why have these songs lasted so long? What exactly makes them 'great'? Professor Wagner will explore the repertoire, detailing and demonstrating some of the characteristics that make these songs part of an enduring and rewarding legacy.",$12 Members | $20 Non-Members. Lecture series sponsored by the Martin Family Foundation.,"Brent Wagner is the Arthur Thurnau Emeritus Chair, and Robertson Emeritus Professor of Musical Theatre, UM’s School of Music, Theatre & Dance. He was chair of the Department of Musical Theatre for 32 years and is credited with building the department into one of the top musical theatre programs in the world. Before joining the Michigan faculty in 1984 he taught at Syracuse University. He has directed musicals and revues throughout North America, from off-Broadway in New York to the Banff Center in Canada. He has collaborated with Sheldon Harnick on numerous projects, including the world premiere of A Wonderful Life, and his recent musical Dragons, both of which were staged at the University of Michigan. Among many responsibilities, Mr. Wagner also directed the Senior Showcase, presented annually in New York City."
Fall 2024,special,Conversations,2024-09-17,11:00am - 12:30pm,"Sex, Intimacy & The Senior Citizen",Sara Zocher,Clinical social worker and AASECT certified sex therapist,,"Think seniors are trading in their libidos for knitting needles? Many health professionals have been pushing a PG-rated version of seniors as asexual. Today we're busting that myth wide open. Buckle up as we explore how Certified Sex Therapists are proving that when it comes to romance, age is just a number.",$12 Members | $20 Non-Members. In-person only. Please note the time change.,"Sara Zocher is a clinical social worker and an AASECT certified sex therapist. She obtained her MSW from the University of Michigan and has worked as a therapist in both mental health and sexual health. Sara is passionate about helping individuals on their path towards pleasure, joy, connection, and intimacy."
Fall 2024,thursday-series,Thursday Lecture Series: Dynamic Mexico,2024-09-19,10:00 - 11:30am,"Democracy in México: Race, Revolution, and Redemption",Dr. Carlos Hernandez,Assistant Professor of History; dual appointment at the Center for Latino/a and Latin American Studies,Wayne State University,"Today's keynote address, ""Democracy in México: Race, Revolution, and Redemption,"" offers a preview of Professor Hernández's next book project, provisionally titled the same as this lecture. The talk is the first in this year's speaker series on Mexico. In this lecture, Professor Hernández will examine the history of democracy — as an idea and as an institution — in Mexico, from the early nineteenth century to the present. What can Mexican history teach us about the relationship between revolution and democracy and about multiculturalism and the state, about the relationship between the past and present? Professor Hernández will walk us through the Mexican Independence War, Mexico's long nineteenth century, and the Mexican Revolution of 1910 (and its afterlives) to reflect on these questions.",$12 Members | $20 Non-Members. In-person and streamed live on Zoom.,"Dr. Carlos R. Hernández is an Assistant Professor of History at Wayne State University, where he maintains a dual appointment at the Center for Latino/a and Latin American Studies. A bilingual and binational historian of Mexico, Professor Hernández earned his Ph.D. in Latin American and Caribbean History from Yale University in May 2020. He joined the faculty of Wayne State in Fall 2022 after serving as the A. Kenneth Pye Visiting Assistant Professor of History at Southern Methodist University in Dallas, Texas. Professor Hernández also holds a M.A. in Latin American and Caribbean History from the University of Florida, and a B.A. in Political Science and English from Texas A&M University. His published scholarship has appeared in multiple flagship journals, and he is currently completing a book manuscript on the history of tourism and development in Cancún, Mexico."
Fall 2024,thursday-series,Thursday Lecture Series: Dynamic Mexico,2024-09-26,10:00 - 11:30am,Beyond the Border: The Evolution of Mexico-U.S. Migration in a Transnational Perspective,Prof. Lauren Duquette-Rury,"Professor researching international migration, vigilantism, democracy, and citizenship",,"Beyond the Border details the history of Mexican emigration to the U.S. and its social, economic, and political consequences for Mexican development and democracy. The talk will examine the causes of emigration over time, historical trends in border crossing and settlement patterns in North America, changes in the structural demand for immigrant labor and contemporary migratory challenges in the current political climate, including how criminal violence and vigilantism shape Central American migration through Mexico.",$12 Members | $20 Non-Members. In-person and streamed live on Zoom. Bio names her PhD (University of Chicago) but not her current institution.,"Professor Duquette-Rury’s research focuses on international migration, vigilantism, democracy, and citizenship. Her first book, Exit and Voice: The Paradox of Cross-Border Politics in Mexico explores how migrant remittances transform local democracy and development. Her second book, The Right to Remain: Naturalizing Under Threat in the Age of Immigration Enforcement, examines how the threat of deportation affects immigrants’ propensity to become citizens through naturalization in the US. She received her PhD from the University of Chicago."
Fall 2024,tuesday-distinguished,Alfred Gourdji Distinguished Lecture Series,2024-10-09,10:00 - 11:30 am,"Diet, Exercise, and Brain Health: Latest Research Findings",Professor Eva Feldman,"James W. Abers Distinguished University Professor; Russell N. DeJong Professor of Neurology, Michigan Medicine",University of Michigan,"This talk will review scientific research findings on the effects of different diets on brain health and cognition. Second, the talk will address research findings on the effects of exercise, and how different types of exercise — including aerobic, high-intensity interval training, and resistance training — affect brain health and cognitive functioning.",Wednesday (please note date change). $12 Members | $20 Non-Members. Sponsored by the Michigan Medicine-University of Michigan-Geriatric Center. Repeat of the April 2024 lecture topic.,"Eva L. Feldman MD, PhD is James W. Abers Distinguished University Professor, and Russell N. DeJong Professor of Neurology at Michigan Medicine. A neurologist and neuroscientist, she has devoted her career towards understanding the etiology of neurological disorders and developing new treatments. Dr. Feldman is Director of UM’s ALS Center of Excellence, and the NeuroNetwork for Emerging Therapies. She is annually listed in Best Doctors in America, and a Past President of the Peripheral Nerve Society and the American Neurological Association (ANA). She is a member of the National Academy of Medicine Council, the Association of American Physicians, and a Fellow of the AAAS. Her work is internationally recognized, with more than 500 published articles, 70 book chapters, and greater than 55,000 citations."
Fall 2024,thursday-series,Thursday Lecture Series: Dynamic Mexico,2024-10-10,10:00 - 11:30am,Mexico in the Global Economy,Prof. Christy Thornton,Associate Professor of History,New York University,"How does Mexico fit into North America today, and into the global economy more broadly? This lecture will cover the recent history of Mexican trade and investment with special emphasis on the relationship between Mexico and the United States. It will trace how questions of security, markets, and labor have changed in recent decades, and pay close attention to the connections between the licit and illicit economies that bind North America together.",$12 Members | $20 Non-Members. Zoom only.,"Christy Thornton is an Associate Professor of History at New York University. She was previously tenured in the Department of Sociology at Johns Hopkins University, where she was also the Co-Chair of the Program in Latin American, Caribbean, and Latinx Studies. She is the author of Revolution in Development: Mexico and the Governance of the Global Economy (University of California Press, 2021)."
Fall 2024,thursday-series,Thursday Lecture Series: Dynamic Mexico,2024-10-17,11:00am - 12:30pm,Clientelism in Mexican Elections,Dr. Joy Langston,"Professor of Political Science, Center for International Studies",Colegio de México,"Clientelism, the exchange of goods and services for political support, has always mattered in Mexican elections, but has become more noticeable with democratization in 2000. In many ways, Mexican clientelism has become a complex mobilization operation that continues after the electoral cycle ends. The governing Morena party has been able to centralize some of its clientelist operations.",$12 Members | $20 Non-Members. Zoom only. Please note the time change.,"Dr. Joy Langston, a Professor of Political Science at Colegio de México’s Center for International Studies, focuses on political parties, clientelism, electoral violence, and federalism within the Mexican political landscape. Her book, Democratization and Authoritarian Party Survival, explores how the former hegemonic PRI party survived democratization. She has published extensively on Mexican politics and is currently researching how clientelism has evolved over the past 70 years. She earned her Ph.D. from Duke."
Fall 2024,special,Conversations,2024-10-18,10:00 - 11:30am,Swarm and Destroy: How Cheap Killer Drones and Their Reliance on Artificial Intelligence are Revolutionizing Warfare and Rewriting the Rules of Engagement,"Frederic S. Pearson, Ph.D. and Ahmed Nabil","Pearson: professor of political science, former director of the Center for Peace and Conflict Studies; Nabil: Ph.D. candidate, former Egyptian diplomat",Wayne State University,"Prepare to navigate the treacherous waters of modern warfare as we explore the rise of drone swarms. This interview lifts the curtain on these controversial weapons, revealing both their tactical allure and chilling potential. We'll grapple with the moral minefield of deploying these automated hunters and examine the thin line between innovation and Pandora's box. Can we halt these relentless aerial armies, or are we locked in a high-stakes arms race? Brace yourself as we learn about battlefields of tiny, cheap, yet lethally intelligent machines. The face of war is changing - are we ready for the consequences?",$12 Members | $20 Non-Members. In-person only. Two interviewees appearing together.,"Frederic S. Pearson, Ph.D., is a professor of political science and former director of the Center for Peace, and Conflict Studies at Wayne State University. A native Detroiter who spent 20 years teaching at the University of Missouri in St. Louis, Dr. Pearson received his Ph.D. from the University of Michigan, having done his undergraduate work at Oakland University. In 2000 Dr. Pearson was designated a conflict resolution consultant to the U.S. Commission on National Security/21st Century in Washington. In 2007 he lectured to the UN staff on global conflict and to an EU seminar on arms and civil war; and in 2014 presented a peacemaking workshop to joint Palestinian-Israeli trauma treatment professionals in Jerusalem. Dr. Pearson has twice hosted Middle East Partnership Initiatives with undergraduate students from across the Arab world for training in civic engagement. Ahmed Nabil is a Ph.D. Candidate, and Former Egyptian Diplomat. He is broadly interested in regional security theories, especially in the Middle East, civil wars, diplomacy, and military technology. Ahmed has gained professional experience as a diplomat for 12 years. He has served in different interesting positions such as in Libya (2009-2012) and was an eyewitness of the first Libyan civil war, and in Washington D.C. (2014-2018). Ahmed examines in his dissertation the impact of UAVs on civil wars, military and political dynamics."
Fall 2024,thursday-series,Thursday Lecture Series: Dynamic Mexico,2024-10-24,10:00 - 11:30am,Emotional Architecture,Prof. Yojairo Lomeli,"Faculty, Taubman College of Architecture and Urban Planning",University of Michigan,"The presentation will lay out the complex architectural landscape and connection to the arts given its history with colonialism as Mexico's leading architects, past and present, seek to find an architectural language that most deeply embodies the place and culture of Mexico.",$12 Members | $20 Non-Members. In-person and streamed live on Zoom.,"Yojairo Lomeli is a Mexican-American producer of architecture, drawings, welds, models, photographs, thoughts, sketches and furniture. From Detroit, Michigan, Yojairo studied at the University of Michigan in Ann Arbor and earned a Master of Architecture in 2015. Yojairo began his teaching career joining the faculty at the University of Michigan’s Taubman College of Architecture and Urban Planning. He was awarded the Donna M. Salzer Award for Teaching Excellence in 2017 and 2018 and again in 2021 and 2024."
Fall 2024,tuesday-distinguished,Alfred Gourdji Distinguished Lecture Series,2024-11-12,10:00 - 11:30 am,"What Happened on November 5, 2024",Professor Michael Traugott,"Professor Emeritus of Political Science; Research Professor Emeritus, Center for Political Studies, Institute for Social Research",University of Michigan,"This lecture will summarize the results, the key voting patterns and voter rationale for the November 5, 2024 U.S. Presidential election.",$12 Members | $20 Non-Members.,"Michael Traugott, Ph.D., is Professor Emeritus of Political Science at the University of Michigan, and Research Professor Emeritus, Center for Political Studies, at UM’s Institute for Social Research. Prof. Traugott studies campaigns, elections, voting behavior, the use of polls to construct news, and survey methodology. He is active in the American Association for Public Opinion Research (AAPOR) and the World Association for Public Opinion Research (WAPOR), having served as president of both organizations. Professor Traugott is a frequent resource for journalists interested in discussing American political campaigns and government operations, and he’s given several excellent OLLI-UM lectures in past years."
Fall 2024,special,Conversations,2024-11-19,10:00 - 11:30am,"Insidious Influences: The Effects of PACS, SUPERPACS and Lobbying in Government Today","Richard L. Hall, Ph.D.","Distinguished professor of political science and public policy, Ford School",University of Michigan,"Examine with us the world of lobbyists, billionaires, and corporations as PACS and SUPERPACS funnel money into campaigns drowning out the voices of individual citizens. Steady yourself for the shocking truth how ""Dark Money"" manipulates elections and government policy from the shadows. Think your vote matters? Think again.",$12 Members | $20 Non-Members. In-person only.,"Richard L. Hall, Ph.D., is a distinguished professor of political science and public policy, renowned for his expertise in American national politics. His extensive research encompasses topics such as congressional participation, campaign finance reform, and health policy. He is currently authoring a book on interest group lobbying’s impact on Congressional policy making. He’s revered for his seminal work “Participation in Congress” (1996) which won the Richard F. Fenno Prize. Honored with the 2020 Barbara Sinclair Award, among others. Professor Hall brings a wealth of experience from Capitol Hill to his role at the Ford School."
Fall 2024,tuesday-distinguished,Alfred Gourdji Distinguished Lecture Series,2024-12-10,10:00 - 11:30 am,Ann Arbor and Dexter Bicentennials: Two Cities Bound By History and Circumstance,Russ Collins,"Executive Director/CEO, Marquee Arts (Michigan Theater and State Theatre)",Marquee Arts,"In February 1824, the site for ""Annarbour"" was staked out by two scoundrels: John Allen and Elisha Rumsey. That same year Samuel Dexter, an impressive individual from a prominent early-American family, also settled land on the Huron River. Both Ann Arbor and Dexter sought to be the home of the University of Michigan. Now, in the 21st Century, Dexter and Ann Arbor are wonderful places to live and work. My talk will relate this surprising tale of two cities for the bicentennial.",$12 Members | $20 Non-Members.,"Russ Collins has served for over 40 years as the Executive Director/CEO of the non-profit organization, now known as Marquee Arts, which restored and operates Ann Arbor’s treasured Michigan Theater and State Theatre. In 2008 Collins founded a national association for independent cinemas – the Art House Convergence. In 2012 he started Ann Arbor’s Cinetopia Film Festival. Collins was raised and educated in Ann Arbor. His honors include recognition for “Outstanding Contributions to Historic Theater Preservation” by the League of Historic American Theatres. Collins is on the air locally as co-host of Cinema Chat on WEMU radio."
Winter/Spring 2025,thursday-series,Thursday Lecture Series: Innovative Research and Treatments Impacting Mental Health in the U.S.,2025-01-30,10:00 - 11:30 am,"Youth Mental Health in the 21st Century: What is happening, and what can we do?",Dr. Emily Laird Bilek,"Board-certified clinical psychologist; Clinical Associate Professor, Department of Psychiatry",University of Michigan,"This presentation will explore the current state of youth mental health. First, we will review symptoms of common mental health concerns (e.g., anxiety and depressive disorders), along with effective treatments. Next, we'll examine recent trends in youth mental health and explore potential factors contributing to these changes. Finally, we will discuss how concerned family, friends, and community members can support these youth.",$12 Members | $20 Non-Members. In-person and streamed live on Zoom.,"Dr. Emily Laird Bilek is a board-certified clinical psychologist, and a Clinical Associate Professor in the Department of Psychiatry at the University of Michigan. Dr. Bilek’s clinical expertise centers on evidence-based psychotherapy for youth anxiety, depressive, and related disorders. Dr. Bilek is also committed to clinical research focused on developing, refining, and improving access to these treatments."
Winter/Spring 2025,tuesday-distinguished,Alfred Gourdji Distinguished Lecture Series,2025-02-04,10:00 - 11:30 am,Is Business Education Serving Society? It's Time to Rejuvenate the Intellectual and Moral Training of Future Business Leaders,Prof. Andrew Hoffman,"Holcim (US) Professor of Sustainable Enterprise, Ross Business School and School for Environment and Sustainability (SEAS)",University of Michigan,"Today's business schools were designed for a world that no longer exists. Capitalism raised the standard of living for billions of people over the past 150 years, but is now facing systemic challenges, which it is both causing and unable to address: Most notably, climate change and inequality. And yet, business schools continue to teach ideas that are making these problems worse. Business schools cannot simply drop an elective into their curriculum to address these challenges. We must rethink their foundations.",$12 Members | $20 Non-Members. (Note: new date.),"Andrew J. Hoffman is the Holcim (US) Professor of Sustainable Enterprise, jointly appointed in UM’s Ross Business School, and School for Environment and Sustainability (SEAS). His research uses organizational behavior theories to understand the cultural and institutional aspects of environmental issues. He has published over 100 articles/book chapters, and 18 books, which have been translated into six languages. His latest book, Business School and the Noble Purpose of the Market, will be published in May by Stanford University Press. Prof. Hoffman has received many awards for his research and teaching. His work has been covered in the New York Times, Scientific American, Time, Wall Street Journal, National Geographic, and NPR."
Winter/Spring 2025,thursday-series,Thursday Lecture Series: Innovative Research and Treatments Impacting Mental Health in the U.S.,2025-02-06,10:00 - 11:30 am,"Make it Fast: Ketamine, TMS, and Other Rapid Acting Agents to Conquer Depression",Dr. Sagar V. Parikh,"M.D., FRCPC; Professor of Psychiatry, Michigan Medicine; Professor of Health Management and Policy",University of Michigan,"More new treatments for depression have emerged in the last 5 years than in the previous 30 years, working on different targets and using different strategies than before. Most of these are new medications such as ketamine and psilocybin; others are newer brain stimulation methods like transcranial magnetic stimulation or TMS. They work much faster than older treatments. This talk will provide an overview of these innovations.",$12 Members | $20 Non-Members. In-person and streamed live on Zoom.,"Sagar V. Parikh, M.D., FRCPC is Professor of Psychiatry, Michigan Medicine and Professor of Health Management and Policy at the University of Michigan. Dr. Parikh is the author/editor of three books and over 200 peer-reviewed articles and book chapters. His research includes clinical trials of medication and psychotherapy in bipolar disorder and major depression, biomarkers of response, ketamine, digital tools, health services research, and pharmacogenomics. He has won multiple awards for research and teaching."
Winter/Spring 2025,thursday-series,Thursday Lecture Series: Innovative Research and Treatments Impacting Mental Health in the U.S.,2025-02-13,10:00 - 11:30 am,Mindfulness and MBSR as Integrative Treatment for Mental Health and Chronic Illnesses,Dr. Anup Bhandiwad,"Assistant professor and clinical provider, Department of Family Medicine – Integrative Medicine, Michigan Medicine",University of Michigan,"Mindfulness and Mindfulness-Based Stress Reduction (MBSR) have shown promise as integrative treatments for conditions like mental health disorders (eg. anxiety, depression, post-traumatic stress disorder) and chronic health issues including chronic pain. These techniques are designed to help individuals focus on the present moment with acceptance and non-judgment, which can alleviate stress, anxiety, and other emotional challenges that exacerbate both mental and physical health conditions. Dr. Bhandiwad will define and expand on the concept of mindfulness. He will discuss how mindfulness and MBSR are being used at the University of Michigan.",$12 Members | $20 Non-Members. In-person and streamed live on Zoom.,"Dr. Anup Bhandiwad graduated from the Wayne State School of Medicine in 2016. Currently, Dr. Bhandiwad is an assistant professor and clinical provider in the Department of Family Medicine – Integrative Medicine at Michigan Medicine. His clinical focuses include lifestyle medicine, patient-centered care, and management of chronic diseases. Within that, he has focused on mindfulness becoming a Level 1 Certified Mindfulness Based Stress Reduction (MBSR) instructor."
Winter/Spring 2025,special,Conversations,2025-02-18,11:00am - 12:30pm,Searching for Anti-Aging Drugs - Are We There Yet and Why Not?,Dr. Richard A. Miller,"Professor of Pathology; Director, UM Glenn Center for Biology of Aging",University of Michigan,"This interview will include a synopsis of research work on drugs that slow aging, discuss prospects for getting these to help improve human health, and test members of the audience for possible gerontologiphobia.",$12 Members | $20 Non-Members. In-person only.,"Rich Miller has worked on the biology of aging since 1982 and moved to Michigan in 1990. He is a Professor of Pathology and directs the UM Glenn Center for Biology of Aging. The lab has helped to discover mutations, diets, and drugs that slow aging in mice, and is trying to figure out how they work, towards the goal of finding drugs that can extend healthy lifespan in people."
Winter/Spring 2025,thursday-series,Thursday Lecture Series: Innovative Research and Treatments Impacting Mental Health in the U.S.,2025-02-20,10:00 - 11:30 am,Using Brain Imaging and Neuromodulation to Improve the Diagnostic and Treatment of Mental Health Disorders,Dr. Alex Iordan,"Assistant Professor, Department of Psychiatry",University of Michigan,"The lecture explores the potential of brain imaging and neuromodulation to enhance diagnosis and treatment of mental health disorders. Brain imaging techniques, such as fMRI and EEG, provide insights into neural activity patterns associated with mental health conditions. Neuromodulation methods, including transcranial electrical and magnetic stimulation, offer targeted interventions to alter dysfunctional brain circuits. Together, these tools hold promise for developing more personalized, precise approaches to mental health care.",$12 Members | $20 Non-Members. In-person and streamed live through Zoom.,"Professor Alexandru Iordan earned his Ph.D. in Neuroscience from the University of Illinois at Urbana-Champaign. He joined the University of Michigan in 2016 as a Postdoctoral Fellow, becoming an Assistant Research Scientist in 2020. His work focuses on cognitive neuroscience, aging, cognitive training, and network neuroscience. In 2020, he received an Alzheimer’s Association Research Fellowship. He is currently an Assistant Professor in the Department of Psychiatry at the University of Michigan."
Winter/Spring 2025,thursday-series,Thursday Lecture Series: Innovative Research and Treatments Impacting Mental Health in the U.S.,2025-02-27,10:00 - 11:30 am,Bridging the Mental Health Treatment Access Gap through Community Engagement and Technology,Prof. Addie Weaver,"Associate Professor, School of Social Work; Associate Director, Vivian A. and James L. Curtis Center for Health Equity",University of Michigan,"This presentation introduces an innovative approach for increasing access to mental health treatment in underserved, under-resourced communities by partnering with existing, preferred community resources and using technology to support service delivery. The presenter will describe an online depression treatment program delivered in rural churches that was developed and evaluated in Michigan with promising results. Discussion will focus on developing mental health service delivery models that are acceptable, accessible, and sustainable in underserved communities.",$12 Members | $20 Non-Members. In-person and streamed live through Zoom.,"Addie Weaver, PhD, is an Associate Professor at the University of Michigan School of Social Work and Associate Director of the Vivian A. and James L. Curtis Center for Health Equity. Dr. Weaver partners with communities and leverages technology to improve access to mental health treatment in underserved, under-resourced communities. Dr. Weaver leads projects evaluating delivery of tailored, entertaining, technology-assisted depression treatment in rural churches, WIC program, Head Start programs, and school settings."
Winter/Spring 2025,tuesday-distinguished,Alfred Gourdji Distinguished Lecture Series,2025-03-11,10:00 - 11:30 am,Tax Follies,Prof. Joel Slemrod,"Paul McCracken Collegiate Professor of Business Economics and Public Policy, Ross Business School; David Bradford Distinguished University Professor, Economics Department",University of Michigan,"Governments have always struggled to tax in ways that are effective and tolerably fair. In this talk, Prof. Slemrod will provide a fun tour through preposterous and dramatic historical tax episodes, drawing lessons for today's contentious tax debates. He will argue that yesterday's tax systems have more in common with ours than we may think. Georgian England's window tax now seems quaint but was an ingenious way of judging wealth unobtrusively. And Tsar Peter the Great's tax on beards aimed to induce the nobility to shave, much like today's carbon taxes aim to slow global warming.","$12 Members | $20 Non-Members. Based on his book Rebellion, Rascals, and Revenue: Tax Follies and Wisdom through the Ages.","Joel Slemrod is the Paul McCracken Collegiate Professor of Business Economics and Public Policy at UM’s Ross Business School, and David Bradford Distinguished University Professor in UM’s Economics Department. He’s also Director of Ross’ Office of Tax Policy Research. Prof. Slemrod studies and writes about tax policy. He served as Senior Staff Economist in the President’s Council of Economic Advisers, and was a consultant to the U.S. Department of the Treasury, and other government agencies. Prof. Slemrod has received many awards for his research and teaching. His talk will be based on his new book, Rebellion, Rascals, and Revenue: Tax Follies and Wisdom through the Ages, published by Princeton University Press."
Winter/Spring 2025,thursday-series,Final Thursday Lecture Series: Celebrating the Beauty and Power of the Arts,2025-03-13,10:00 - 11:30am,Understanding Jazz,Professor Ken Prouty,,,"be live-streamed on Zoom. We highly encourage you to come in-person to WCC and watch the presentation as a group. Coffee and pastries will be served beginning at 9:00am. Please arrive no later than 9:45am to enjoy the refreshments, as food and beverages are limited and not permitted in the auditorium.

Jazz is a music that is full of paradoxes. It is “America’s Classical Music,” but has long been difficult to precisely define. It emerged primarily from African American communities but has been embraced by communities around the world. It is both an affirmation and critique of the American experience. In this lecture, we will examine these ideas, to gain a greater appreciation for the different and diverse ways that jazz can be understood and appreciated.",Record sourced from OLLI announcement emails (BLC-012); not printed in any received catalog.,"Ken Prouty is Professor of Musicology and Jazz Studies at Michigan State University. His work has appeared in numerous journals, and he is the author of two books, Knowing Jazz: Community, Pedagogy, and Canon in the Information Age, and Learning Jazz: Jazz Education, History, and Public Pedagogy, both from the University Press of Mississippi. He holds a Ph.D. (ethnomusicology) from the University of Pittsburgh, and an M.M. (jazz studies) from the University of North Texas."
Winter/Spring 2025,thursday-series,Final Thursday Lecture Series: Celebrating the Beauty and Power of the Arts,2025-03-20,10:00 - 11:30am,Actively Appreciating Theatre Arts,Professor Wallace Bridges,,,"also be live-streamed on Zoom. We highly encourage you to come in-person to WCC and watch the presentation as a group. Coffee and pastries will be served beginning at 9:00am. Please arrive no later than 9:45am to enjoy the refreshments, as food and beverages are limited and not permitted in the auditorium.

To appreciate a theatrical performance, I will explore the idea that we engage in theatrerelated activities often in our everyday lives and that they are natural human behaviors. Theatre taps into our desire to tell stories, express emotions, and connect through our behaviors. Audiences can absorb what the theatre offers by paying attention to themes and messages, character development and interaction, the actors’ delivery, stage design, sound, and lighting. Examples from select plays may be presented so the audience can experience some of the noted human behaviors. Audience members may actively participate by reading aloud dialogue from play scripts.",Record sourced from OLLI announcement emails (BLC-012); not printed in any received catalog.,"For three decades Professor Wallace Bridges has been teaching and directing theatre at EMU. He won the Fulbright U. S. Scholar award to teach and direct A Raisin in the Sun at the University of Ghana. Bridges is a member of Actors’ Equity Association and Screen Actors Guild-American Federation of Television and Radio Artists. He appears as Rudy in the film, No Sudden Move, and originated Johnny in the play, A Jukebox for the Algonquin."
Winter/Spring 2025,thursday-series,Final Thursday Lecture Series: Celebrating the Beauty and Power of the Arts,2025-03-27,10:00 - 11:30am,Learning to Love a Poem,Professor Linda Gregerson,,,"live-streamed on Zoom. We highly encourage you to come in-person to WCC and watch the presentation as a group. Coffee and pastries will be served beginning at 9:00am. Please arrive no later than 9:45am to enjoy the refreshments, as food and beverages are limited and not permitted in the auditorium.

What is it like to encounter a poem for the first time? What does the poem ask us to bring to this encounter? What can we ask of the poem? If the poem is not immediately transparent, where do we look for welcome? I plan to talk about the one indispensable part of the process: pleasure. Linda Gregerson’s seventh book of poetry, Canopy, was published by Ecco/HarperCollins in 2022. Her honors include awards and fellowships from the American Academy of Arts and Letters, the Poetry Society of America, the Modern Poetry Association, the Institute for Advanced Study, the National Humanities Center, the National Endowment for the Arts, the Guggenheim, Mellon, and Rockefeller Foundations. A fellow of the American Academy of Arts and Sciences and former Chancellor of the Academy of American Poets, Gregerson is a Distinguished University Professor at the University of Michigan. Linda Gregerson’s books are available for purchase at Literati Bookstore in Ann Arbor: Canopy (Ecco/HarperCollins, 2022) Prodigal (Mariner/Houghton Mifflin Harcourt, 2015)",Record sourced from OLLI announcement emails (BLC-012); not printed in any received catalog.,
Winter/Spring 2025,special,Conversations,2025-03-28,10:00 - 11:30am,"Gods, Bots, and Beasts: Where is Our Moral Frontier?",Prof. Webb Keane,Socio-cultural and linguistic anthropologist,,"New technologies like AI and robots seem to pose utterly unfamiliar questions: if they interact with us like humans, can we also expect them to be moral? Should we feel ethical duties towards them in turn? In fact, the human record suggests some of these problems are quite old. Humans have long treated some non-humans as intelligent or even moral beings in all sorts of ways. What can we learn from this history? What insights into the challenges of new technology does the record offer us?",$12 Members | $20 Non-Members. In-person only. Bio does not state his current institution.,"Webb Keane is a socio-cultural and linguistic anthropologist, who has carried out extensive research in Southeast Asia and elsewhere. His books include Christian Moderns: Freedom and Fetish in the Mission Encounter and Ethical Life: Its Social and Natural Histories. His newest book, published in 2024, is Animals, Robots, Gods: Adventures in the Moral Imagination."
Winter/Spring 2025,thursday-series,Final Thursday Lecture Series: Celebrating the Beauty and Power of the Arts,2025-04-03,10:00 - 11:30am,Museum Education in the 21st Century,David Figiel,Manager of Gallery Teaching at the Detroit Institute of Arts,,"presenting in-person at WCC and will also be live-streamed on Zoom. We highly encourage you to come in-person to WCC and watch the presentation as a group. Coffee and pastries will be served beginning at 9:00am. Please arrive no later than 9:45am to enjoy the refreshments, as food and beverages are limited and not permitted in the auditorium.

Come learn how education in art museums has changed over the last 30 years. Demonstrating VTS (Visual Thinking Strategies) and other constructivist teaching models, David Figiel will discuss how art museums have become more visitor centered in order to remain relevant in the 21st century. David Figiel received a B.A. in Art History from Wayne State University and him M.A. in Art history from the University of Virginia. He has over 25 years of experience as a museum educator and has served in many roles at The MET Cloisters, the Brooklyn Museum, and the Museum of Fine Arts in Boston. David is passionate about gallery teaching and has worked with docents and gallery teachers for over 15 years. In his role as the Manager of Gallery Teaching at the DIA, David oversees a team of eleven gallery educators who lead tours for students.",Record sourced from OLLI announcement emails (BLC-012); not printed in any received catalog.,
Winter/Spring 2025,tuesday-distinguished,Alfred Gourdji Distinguished Lecture Series,2025-04-08,10:00 - 11:30 am,"Is the Sun Setting on the West? Gaza, BRICS and Other Tipping Points",Prof. Saeed Kahn,"Associate Professor of Near East & Asian Studies and Global Studies; Director, Center for the Study of Citizenship",Wayne State University,"This lecture will explore whether Western reactions to the Gaza and Ukraine conflicts, along with the rise of the so-called BRICS nations (Brazil, Russia, India, China, South Africa, Iran, Egypt, Ethiopia and the UAE), signal a turning point in the preeminence of Western nations and the economic and political systems they have created and commandeered since World War II.",$12 Members | $20 Non-Members. Catalog header spells 'Kahn'; the bio spells 'Khan' (same speaker as the June 2023 Distinguished lecture).,"Saeed Khan is Associate Professor of Near East & Asian Studies and Global Studies at Wayne State University, where he is also Director of the Center for the Study of Citizenship. He is Co-founder and Senior Research Fellow at the Institute for Social Policy and Understanding in Washington, DC. He specializes in Middle Eastern and Islamic history, politics and culture, and global issues. For several years, Prof. Khan and Howard Lupovitch, Professor of History at Wayne State, have collaborated on talks and media interviews about the Israeli-Palestinian conflict. Prof. Kahn’s latest books include Global Studies: A Reader on Issues and Institutions and What’s Going On Here? US Experiences of Islamophobia Between Obama and Trump."
Winter/Spring 2025,special,Conversations,2025-04-15,10:00 - 11:30am,Epidemic Diseases and their Impact on Civilizations throughout History,"Prof. H. Kazanjian, MD, PhD","Professor and Chief, Division of Infectious Diseases; Professor, Department of History",University of Michigan,"From antiquity to today, epidemic diseases have devastated nations and their populations. Repeatedly, they have triggered broad ranging consequences for societies—in the economic, social, cultural, religious, and governmental realms. We will use selected epidemics throughout history to illustrate the extent of this epidemic impact and reveal how civilizations not only become vulnerable to epidemics, but also refractory to human efforts to eradicate them.",$12 Members | $20 Non-Members. In-person only. Bio gives full name Powel Kazanjian.,"Powel Kazanjian is an infectious diseases doctor and medical historian. He has degrees from the University of Pennsylvania, Harvard, Tufts, and at the University of Michigan, where he is Professor and Chief of the Division of Infectious Diseases and Professor in the Department of History. His medical background and historical training have provided a multidisciplinary approach to his teaching and scholarship. His courses on the “History of Epidemics” and “Sexually Transmitted Diseases” offer students a comprehensive lens to view the impact that infectious diseases have had on societies throughout history."
Winter/Spring 2025,tuesday-distinguished,Alfred Gourdji Distinguished Lecture Series,2025-05-13,10:00 - 11:30 am,Managing Your Emotions So They Don't Manage You,Prof. Ethan Kross,"Professor, Psychology Department and Ross Business School; Director, Emotion & Self-Control Lab",University of Michigan,"This talk—based on Prof. Kross' recently published book—addresses the timeless question of how to manage our emotional lives. Whether it's anxiety about going to the doctor, boiling rage when we're stuck in traffic, or devastation after a painful break-up, we often face situations that send us emotionally spiraling. Are there ways to make our emotions work for us rather than against us? Based on recent research findings, this talk will dispel some common myths—e.g., that avoidance is always toxic or that we should always strive to live in the moment—and provide a framework and tools for shifting our emotions to help us be healthier and happier.",$12 Members | $20 Non-Members.,"Ethan Kross, Ph.D., is a Professor in UM’s Psychology Department and Ross Business School. He is the director of the Emotion & Self-Control Lab. His research examines how people can control their thoughts, feelings and behaviors to improve their lives, focusing on adult, child and clinical populations. His approach draws on multiple disciplines within psychology including social, personality, clinical, developmental, and neuroscience. Prof. Kross has authored numerous books, book chapters, and articles. His research has been reported in The New York Times, Wall Street Journal, New Yorker, Forbes, Time, and The Atlantic."
Fall 2025,tuesday-distinguished,Alfred Gourdji Distinguished Lecture Series,2025-09-09,10:00 - 11:30 am,The Increasing Costs of Natural Disasters Fueled by Climate Change: Who Pays?,"Sharon M. Gourdji, Ph.D.","Environmental scientist; Associate Director, Modeling & Analytics",Moody's Corporation,"Climate change is increasing the frequency and intensity of natural disasters such as hurricanes, wildfires, droughts and flood events, and slower-moving disasters like sea level rise and land subsidence. Adapting to ongoing climate change is a costly endeavor. Some of these costs involve immediate disaster response, but longer-term investments are also needed to climate-proof homes and infrastructure like roads, bridges, water and waste systems and electricity and natural gas networks. These costs will be shared by federal, state, and local governments, but also the private sector, including our health systems and financial institutions, and the public at large. This lecture will discuss the extent of these costs in the U.S. and the longer-term battle to distribute them in a proactive, equitable and cost-effective way.",$15 Member | $25 Non-Member. In-person and streamed live through Zoom.,"Dr. Sharon M. Gourdji is an environmental scientist with a background in economics, and expertise in climate change, agriculture, and natural disaster modeling. She was awarded a National Aeronautics and Space Administration (NASA) Earth System Science Fellowship during her Ph.D. studies at the University of Michigan. She has since led the Climate and Crop Modeling Group of the International Center for Tropical Agriculture (CIAT) in Cali, Colombia, and was previously an environmental engineer for the National Institute of Standards & Technology. She is currently Associate Director, Modeling & Analytics, of Moody’s Corporation."
Fall 2025,thursday-series,Thursday Lecture Series: India Unveiled,2025-09-11,11 am - 12:30 pm,The Public Face of India's Religions,Prof. Elaine M. Fisher,"Associate Professor of Hinduism, Department of Religious Studies",Stanford University,"India, like the United States, is generally considered a secular democratic nation. And yet, religion in India has been and remains a publicly tangible phenomenon, shaped by vividly sensory performances that enliven public urban space. To understand how religion manifests in cultural life in India today, and to understand how religious conflict can contribute to political controversy, we need to look more closely at how Indian religions are situated in public space and public discourse.",$15 Member | $25 Non-Member. Zoom only. NEW TIME.,"Elaine M. Fisher is Associate Professor of Hinduism in the Department of Religious Studies at Stanford University. She holds an MA from the University of Chicago Divinity School and a PhD from Columbia University. Her first book, Hindu Pluralism: Religion in the Public Sphere in Early Modern South India, rethinks the origins of sectarianism in Hindu traditions to shed new light on the place of religion in public space and discourse in early modern India."
Fall 2025,thursday-series,Thursday Lecture Series: India Unveiled,2025-09-18,10:00 - 11:30 am,What to Expect for US-India Relations in Trump 2.0: Convergences and Complications,Michael D. Kugelman,Leading specialist on South Asia; founding director of the South Asia Institute at the Wilson Center (2022-2025),,This talk will focus on the likely trajectory of US-India ties in the second Trump administration. It will take stock of the relationship over the administration's first nine months and highlight likely areas of cooperation along with challenges moving forward. It will also identify some factors that could impact the trajectory of the relationship over the next few years.,$15 Member | $25 Non-Member. Zoom only. Bio lists only his former Wilson Center roles (through 2025); current institution not stated.,"Michael D. Kugelman is a leading specialist on South Asia, with expertise on India, Pakistan, Bangladesh, and Afghanistan. He was founding director of the South Asia Institute at the Wilson Center from 2022 to 2025, and he managed the Center’s South Asia portfolio from 2007 to 2025."
Fall 2025,thursday-series,Thursday Lecture Series: India Unveiled,2025-09-25,10:00 - 11:30 am,Overview of Business and Economics in India,Prof. Aneel Karnani,"Faculty member, Strategy group, Ross School of Business",University of Michigan,"Since Independence in 1947, India's record of economic growth has not been great, but it has been getting better in recent years; we will discuss the positives and the negative factors affecting India's future prospects. We will highlight some of the contrasts in India: high income inequality, world class companies and a large informal sector, some highly educated and talented people and significant illiteracy, Corporate Social Responsibility (CSR) is mandatory by law and widespread irresponsibility.",$15 Members | $25 Non-Members. In-person and streamed live on Zoom.,"Professor Aneel Karnani is a faculty member of the Strategy group at the Ross School of Business, The University of Michigan. Professor Karnani’s interests are focused on three topics: strategies for growth, global competition, and the role of business in society. His recent research has focused on how society can strike the appropriate balance between private profits and public welfare in tackling major societal challenges. Karnani is the author of the book Fighting Poverty Together."
Fall 2025,special,Conversations,2025-09-30,10:00 - 11:30 am,The Future of Education: What will Pre-k through 12 learning look like in 2050?,"Elizabeth Birr Moje, Ph.D.","Dean, Marsal Family School of Education; George Herbert Mead Collegiate Professor and Arthur F. Thurnau Professor",University of Michigan,"In 2050, what will classrooms look like? How will students learn, and teachers teach? Join us for a captivating interview with the esteemed Dean of the University of Michigan's Marsal Family School of Education as we explore the radical transformations awaiting curriculum design, instruction, and learning environments. Discover how learning sciences, technologies, and engaged communities will reshape education. Don't miss this essential glimpse into the future of pre-K-12 education.",$15 Member | $25 Non-Member. In-person only.,"Dean Elizabeth Birr Moje, a leading voice in education, and the George Herbert Mead Collegiate Professor and Arthur F. Thurnau Professor at the University of Michigan’s Marsal Family School of Education. She was recognized by Crain’s Detroit as a Notable Leader in Higher Education in 2023. With 5 books and numerous journal articles, she studies literacy and learning. Dean Moje champions innovative programs like the Marygrove Learning Community: Detroit P-20 Partnership, a cradle-to-career public education system in northwest Detroit."
Fall 2025,thursday-series,Thursday Lecture Series: India Unveiled,2025-10-09,10:00 - 11:30 am,Making Sense of India's Political Landscape,Prof. Adam Ziegfeld,Associate Professor of Political Science,Temple University,"In India's 2024 national election, more than 30 political parties won seats in the country's parliament, and today 15 different parties lead state-level governments. At the same time, India's governing party, the Bharatiya Janata Party (BJP), is often described as the country's dominant political party. This presentation explains how we can make sense of a political landscape that is simultaneously dominated by one party and among the world's most fragmented.",$15 Member | $25 Non-Member. Zoom only.,"Adam Ziegfeld is an Associate Professor of Political Science at Temple University. He is the author of the 2016 book Why Regional Parties? Clientelism, Elites, and the Indian Party System, published by Cambridge University Press. In addition, he has published numerous journal articles on a range of topics related to elections in India. He received his PhD in Political Science from MIT."
Fall 2025,tuesday-distinguished,Alfred Gourdji Distinguished Lecture Series,2025-10-14,10:00 - 11:30am,Growing Up in the Real River City,Dr. Penelope (Penny) Fischer,"Professional flutist and college music educator; principal flutist emeritus, Ann Arbor Symphony Orchestra and Detroit Chamber Winds and Strings",,"Dr. Fischer grew up in the real River City – Mason City, Iowa – the hometown that inspired The Music Man, the Broadway hit by Meredith Willson who also grew up there. Mr. Willson wrote the script, lyrics, and music of The Music Man, which became one of the five longest running musicals in Broadway history and won several prestigious awards. Fischer will talk about the actual places and events that gave Mr. Willson many of the ideas for the musical, and how they differ from what was depicted in the Broadway show and movie. Although two generations apart, Meredith and Penny, both flutists, knew each other and played together. She will also talk about Willson's stellar career in Sousa's Band and the NY Philharmonic, as music director on national radio shows, and composer for Hollywood movies.",$15 Member | $25 Non-Member. In-person and streamed live through Zoom. Sponsorship: United Health Care Government Programs.,"Dr. Penelope (Penny) Fischer is a professional flutist and college music educator. She is principal flutist emeritus of the Ann Arbor Symphony Orchestra and the Detroit Chamber Winds and Strings. She has taught flute and chamber music at several universities including George Washington University, University of Michigan, Eastern Michigan University, and Interlochen. She can be heard on recordings on the Naxos, CRI, Crystal, and Koch labels. She has performed in Portugal, Spain, France, Belgium, Germany, Austria, Russia, Japan, and China and around the US, and is winner of several professional competitions."
Fall 2025,thursday-series,Thursday Lecture Series: India Unveiled,2025-10-16,10:00 - 11:30 am,"Sight, Sound, and Scent: Collecting and Presenting South Asian Art at the Detroit Institute of Arts",Katherine Kasdorf,Curator for Arts of Asia and the Islamic World,Detroit Institute of Arts,"In recent years, the Detroit Institute of Arts has seen a renewed focus on art from the Indian subcontinent. In this lecture, DIA curator Katherine Kasdorf will discuss the museum's multisensory presentation of South Asian art in the permanent-collection galleries; recent acquisitions; and an upcoming exhibition that will bring together a group of now-dispersed goddess sculptures from Tamil Nadu (southeastern India), exploring their many transformations over a 1000-year history.",$15 Member | $25 Non-Member. In-person and streamed live through Zoom. Followed by the India Unveiled luncheon.,"Katherine Kasdorf is a Curator for Arts of Asia and the Islamic World at the Detroit Institute of Arts. She curated The Art of Dining: Food Culture in the Islamic World (2024–25, adapted from the Los Angeles County Museum of Art) and co-led the reinstallation of the DIA’s Asian art collection (2017–18). She holds a Ph.D. in South Asian art history from Columbia University and previously held a Wieler-Mellon Postdoctoral Curatorial Fellowship at the Walters Art Museum, Baltimore."
Fall 2025,special,Conversations,2025-10-21,10:00 - 11:30 am,"The Thucydides Trap: How 2,500-Year-Old Greek Wisdom Could Save America and China from War","James Morrow, Ph.D.",Distinguished political scientist; member of the American Academy of Arts and Sciences; former president of the Peace Science Society,,"In this riveting interview, we will delve into history's deadliest pattern - The Thucydides Trap. Beginning with Athens and Sparta, hear how 12 of 16 historical superpower transitions erupted in devastating conflict. We'll ask renowned political scientist James Morrow whether humanity stands at the edge of a catastrophe. As China's meteoric rise challenges American hegemony, ancient patterns documented by Thucydides 2,500 years ago suggest a collision course towards conflict. Can diplomatic maneuvers and economic interdependence overcome the gravitational pull of great power competition, or have we already crossed the threshold where historical forces make confrontation inevitable. The stakes couldn't be higher - peace in our time or tragedy of another unnecessary war.",$15 Member | $25 Non-Member. In-person only. Bio does not state his current institution.,"Distinguished political scientist, James Morrow, Ph.D. brings exceptional credentials to this exploration of the Thucydides Trap. A member of the American Academy of Arts and Sciences and Karl Deutsch award recipient, Morrow has authored three influential books and over 60 scholarly publications on power transitions, crisis bargaining and war causation. Having served as president of the Peace Science Society and on the National Science Foundation Advisory Panel, his pioneering application of game theory to international relations provides viewers with authoritative insights into whether US-China competition is destined for catastrophic conflict."
Fall 2025,thursday-series,Thursday Lecture Series: Does the United States Have a Health Care System?,2025-10-23,10:00 - 11:30 am,Challenges facing the U.S. Health Care System: How Did We Get Here and Where are We Going?,Prof. Sarah Miller,"Associate professor, Ross School of Business",University of Michigan,"The U.S. spends substantially more per capita on health care than other wealthy nations while faring poorly on outcomes like longevity and infant mortality. This talk examines how the last 30 years of government policies--such as anti-trust enforcement and the Affordable Care Act--have shaped hospital and insurance markets and public health. Dr. Miller will also discuss what's ahead, and how our current policy choices stand to alter the system of health care in the United States over the next decade.",$15 Member | $25 Non-Member. In-person and streamed live on Zoom.,"Sarah Miller is an associate professor at the Ross School of Business at the University of Michigan. She received a Ph.D. in Economics from the University of Illinois at Urbana-Champaign in 2012. Dr. Miller’s research interests are in health economics and the short-term and long-term effects of public policies that expand health insurance coverage, and in the effects of income on health and well-being. In 2022, Dr. Miller was awarded the ASHEcon Medal, given by the American Society of Health Economists to an economist aged 40 or younger who has made the most significant contributions to the field of health economics. She is also a co-editor for the Journal of Public Economics. Her work has been published in the American Economic Review, the Quarterly Journal of Economics, the New England Journal of Medicine, American Economic Journal: Economic Policy, the Journal of Public Economics, and the Review of Economics and Statistics, among other journals, and has been cited in outlets such as the New York Times, Wall Street Journal, the Washington Post, and the Economic Report of the President."
Fall 2025,thursday-series,Thursday Lecture Series: Does the United States Have a Health Care System?,2025-10-30,10:00 - 11:30 am,Issues in Child Health Policy: Putting it in Perspective,Dr. Gary Freed,Over 30 years in children's health services research; founded the first pediatric health services research centers in the U.S. and Australia,,"There has been, and will continue to be, tremendous change and turmoil in the U.S. healthcare system. Understanding these changes and how they impact children's health in America and other nations will be the focus of this presentation.",$15 Member | $25 Non-Member. In-person and streamed live on Zoom. Bio does not state his current institution.,"Dr. Freed has over 30 years of experience in children’s health services research. He founded the first pediatric health services research centers in the U.S. and Australia. He has been the principal investigator of numerous grants on child health policy and health economics, immunizations, healthcare quality measurement, health inequities, physician behavior and the medical workforce. He is past president of the Society for Pediatric Research, the largest research society in child health, and past chair of the U.S. National Vaccine Advisory Committee."
Fall 2025,thursday-series,Thursday Lecture Series: Does the United States Have a Health Care System?,2025-11-06,10:00 - 11:30 am,Primary Care in the U.S. Healthcare System – Challenges and Opportunities,"Julie Phillips, MD, MPH","Professor and Chair of Family Medicine, College of Human Medicine",Michigan State University,"Primary care is the foundation of a high-functioning health system—yet in the U.S., it faces growing strain. This presentation will explore the evidence behind primary care's value, examine how current policies and events are shaping its future, and highlight emerging models of innovation. Attendees will gain a clearer understanding of primary care's critical role and leave better equipped to navigate both primary and specialty care within the evolving U.S. healthcare landscape.",$15 Member | $25 Non-Member. In-person and streamed live on Zoom.,"Julie Phillips, MD, MPH (she/hers) is Professor and Chair of Family Medicine at Michigan State University College of Human Medicine. She leads a statewide department focused on community-engaged education, care, and research. A national leader in medical education research, Dr. Phillips’ interests include primary care workforce development, narrative medicine, and size-inclusive care. She practices Family Medicine in East Lansing, Michigan."
Fall 2025,tuesday-distinguished,Alfred Gourdji Distinguished Lecture Series,2025-11-11,10:00 - 11:30am,What Does Putin Want?,Prof. Ronald Suny,William Sewell Distinguished University Professor Emeritus of History; Professor Emeritus of Political Science,University of Michigan,"Everyone has ideas about who Vladimir Putin is and what he wants. As a long-time researcher, analyst, and teacher of Soviet and Russian history and politics, Prof. Suny will discuss the various ways Putin is imagined, and provide his interpretation of the Russian president's views and policies, particularly as regards the war in Ukraine.",$15 Member | $25 Non-Member. In-person and streamed live through Zoom.,"Ronald G. Suny, Ph.D. is the William Sewell Distinguished University Professor Emeritus of History and Professor Emeritus of Political Science at the University of Michigan, and Emeritus Professor of Political Science and History at the University of Chicago. His research has centered on Russia and the former Soviet Union, including the non-Russian nationalities of the Russian Empire. He has authored numerous scholarly books and articles. Professor Suny has twice been a fellow at the Center for Advanced Study in the Behavioral Sciences at Stanford University and has received both a National Endowment for the Humanities Grant and a John Simon Guggenheim Memorial Fellowship."
Fall 2025,thursday-series,Thursday Lecture Series: Does the United States Have a Health Care System?,2025-11-13,10:00 - 11:30 am,The Affordable Care Act at 15: What Has It Accomplished & What Lies Ahead?,"John Z. Ayanian, MD, MPP","Inaugural Director, U-M Institute for Healthcare Policy and Innovation",University of Michigan,"This presentation will review how the Affordable Care Act (ACA) has evolved since 2010, presenting how it has influenced coverage, access, and health outcomes with a focus on Medicaid expansion in Michigan. The presentation will also discuss changes to the ACA implemented by the President and Congress in 2025 and consider their implications for patients, healthcare providers, and the U.S. healthcare system.",$15 Member | $25 Non-Member. In-person and streamed live on Zoom.,"Dr. Ayanian is the inaugural Director of the U-M Institute for Healthcare Policy and Innovation which includes 760 faculty across the University. His research focuses on access to care and quality of care, and he led a U-M team evaluating the Medicaid expansion in Michigan. He earned his AB degree from Duke University and MD and MPP degrees from Harvard University and completed his internal medicine residency at Brigham and Women’s Hospital."
Fall 2025,special,Conversations,2025-11-18,10:00 - 11:30 am,From Hubble to Webb and Beyond: How 40 Years of Cosmic Exploration Are Bringing Fermi's Paradox to a Crucial Test,Michael R. Meyer Ph.D.,"Astronomer; formerly Chair of Star and Planet Formation at ETH Zürich (2009-2016) and Professor/Astronomer, University of Arizona (2000-2009)",,"Fermi's Paradox stands as a cornerstone inquiry in astrobiology and cosmology, encapsulating a profound mystery given the following premises: the universe is staggeringly vast, containing billions of galaxies; there are trillions of planets that could potentially support life; the universe is approximately 13.8 billion years old; life emerged relatively swiftly on Earth; and many stars in the galaxy are significantly older than our Sun. Why, then, have we not detected any signs of extraterrestrial intelligence? This paradox, first articulated by physicist Enrico Fermi in 1950, highlights the contradiction between the high probability of extraterrestrial civilizations and the complete lack of evidence for their existence. Despite the vast number of potentially habitable planets and the age of the universe, we have yet to observe any definitive signs of alien life. This absence of evidence raises fundamental questions about the nature of life in the cosmos and our place within it.",$15 Member | $25 Non-Member. In-person only. Bio lists only past positions; current institution not stated.,"Michael R. Meyer (born 1967, A.B. Physics, Washington University in St. Louis, M.S. in Physics, University of Missouri, PhD in Astronomy, University of Massachusetts) was Chair of Star and Planet Formation at the ETH in Zürich (2009-2016) and was formerly a Professor/Astronomer at the Department of Astronomy/Steward Observatory of the University of Arizona (2000-2009). He was a Hubble Fellow at the University of Arizona (1997-2000) and did a post-doc at the Max-Planck-Institute for Astronomy (1995-1997). He has more than 25 years of international scientific research experience, in the fields of galactic and infrared astronomy, as well as the formation, evolution, and characterization of planetary systems (and associated implications on the prospects for life in the Universe)."
Fall 2025,thursday-series,Thursday Lecture Series: Does the United States Have a Health Care System?,2025-11-20,10:00 - 11:30 am,Improving Health and Healthcare in Michigan through Collaboration,Dr. Michael Englesbe,Abdominal transplant surgeon; leads the Blue Cross and Blue Shield of Michigan funded statewide quality Collaboratives,University of Michigan,This presentation will be about the unique partnership between Blue Cross and Blue Shield of Michigan and the physicians across the state. Dr. Englesbe will talk about how a community of collaboration and trust among physicians within Michigan has led to remarkable improvements and healthcare quality and value.,$15 Member | $25 Non-Member. In-person and streamed live on Zoom.,"Dr. Englesbe performs abdominal transplant surgery on children and adults. He leads the Blue Cross and Blue Shield of Michigan funded statewide quality Collaboratives. He has been at the University of Michigan since 1997. He proudly has two daughters who are undergraduates at Michigan, and a younger son who aspires to be."
Fall 2025,thursday-series,PitchLine: Assisted Living,2025-12-04,10:00 - 11:30am,(#1) Managing Medications in Assisted Living Residences,Dr. Erickson,,,"Medication management can be a complex task. Dr. Erickson will discuss characteristics of older persons and persons with disabilities who take medications and their risk factors for medication related problems. Living in a non-medical residence can also have an impact on their medication risks. Steven Erickson is a professor and clinical pharmacist at the University of Michigan College of Pharmacy. For the past 14 years his mission is to ensure the safe and effective use of medications taken by people who have disabilities, working with support and advocacy agencies along with research colleagues to better understand the medicationrelated issues. He directs a course, “Health and Disability,” that increases health professional students’ understanding of the lived experiences of persons with disabilities. Please see the attached document and links below for supplemental material. Caregiver’s Guide to Medications and Aging The Ultimate Guide to Medications: How to Safely Manage Your Health with the Right Prescription

Osher Lifelong Learning Institute | Michigan Medicine Office hours: Monday - Friday, 9:00 am - 5:00 pm",Record sourced from OLLI announcement emails (BLC-012); not printed in any received catalog.,
Fall 2025,tuesday-distinguished,Alfred Gourdji Distinguished Lecture Series,2025-12-09,10:00 - 11:30 am,"""Miles to Go Before We Sleep"": Cutting Edge Treatments and Technologies in Sleep Health",Prof. Cathy Goldstein,"M.D.; Professor of Neurology, Sleep Disorders Center",University of Michigan,"Prof. Goldstein will present the latest research findings on treating insomnia, obstructive sleep apnea, restless legs syndrome, and circadian rhythm sleep-wake disorders.",$15 Member | $25 Non-Member. In-person and streamed live through Zoom. Sponsorship: University of Michigan Health Victors Care.,"Cathy Goldstein, M.D is Professor of Neurology at the University of Michigan Sleep Disorders Center, and faculty lead at UM’s Eisenberg Depression Center Mobile Technologies Core and the UM Mobile Technology Research Innovation Collaborative (MeTRIC). Professor Goldstein’s research uses sleep tracking devices and mathematical modeling to assess sleep patterns and circadian rhythms to determine their role in health and disease (including women’s reproductive health, multiple sclerosis, and gastrointestinal conditions). Her international expertise in sleep tracking technology is highlighted by her role as a lead author of the ‘State of the Science and Recommendations for Using Wearable Technology in Sleep and Circadian Research’ from the Sleep Research Society, and as a member of the task force on Consumer Sleep Tracker Guidelines of the World Sleep Society."
Winter 2026,special,Conversations,2026-01-20,10:00 - 11:30 am,"Presidential Power Unleashed: Trump, The Unitary Executive, and What Comes Next","Mitchel Sollenberger, Ph.D.",Professor of Political Science; Associate Provost for Undergraduate Education and Student Success,University of Michigan-Dearborn,"When a President proclaims that he may ‘do whatever he wants,’ one must ask: what becomes of the delicate balance that the Framers sought to establish? Political scientist Mitchel Sollenberger invites us to interrogate the core of American constitutional government by asking whether the doctrine of the unitary executive has shifted from interpretive theory into a partisan instrument of political power. In an era in which the presidency under Donald Trump is redefining the breadth of executive reach, the essential question is no longer simply what powers the President holds, but rather what meaningful powers remain for Congress, the courts, and, ultimately, the citizenry.",$15 Member | $25 Non-Member. In-person only.,"Mitchel A. Sollenberger, Ph.D stands out as a scholar-administrator whose intellectual rigor and public spirit illuminate the contours of American constitutional order. As Professor of Political Science at UM-Dearborn and Associate Provost for Undergraduate Education and Student Success, he blends deep academic expertise with institutional leadership. His award-winning research—books like The Unitary Executive Theory: A Danger to Constitutional Government and The President’s Czars—and his prolific writings in top journals show unflinching clarity in confronting how executive power is expanding."
Winter 2026,thursday-series,"Thursday Lecture Series: Biomedical Research and Technology: Creation, Development and Applications",2026-01-29,10:00 - 11:30 am,Cyborgs: The Future is Now,Dr. Paul Cederna,Robert Oneal Professor of Plastic Surgery; Professor of Biomedical Engineering,"Michigan Medicine, Department of Plastic Surgery","It has been 40 years since Luke Skywalker received a prosthetic hand controlled by his peripheral nerves. Unfortunately, this peripheral nerve interface has not been achieved yet. Our UM research group has developed the regenerative peripheral nerve interface (RPNI), which amplifies the peripheral nerve signals and makes it possible to control an arm or leg naturally. In addition, the RPNI’s can be used as a peripheral nerve interface strategy to provide sensory feedback. In this presentation, Dr. Cederna will discuss the future of this exciting and innovative technology.",$15 Member | $25 Non-Member. In-person and streamed live through Zoom.,"Paul S. Cederna, M.D., is the Robert Oneal Professor of Plastic Surgery and Professor in the Department of Biomedical Engineering at the University of Michigan. Academically, Dr. Cederna has authored over 425 manuscripts, published 31 chapters, and presented his work over 900 times at national and international meetings. He has been a Visiting Professor at National and International Universities over 70 times. He has won over 80 national and international research awards. Dr. Cederna has been the Chairman of the American Board of Plastic Surgery, Chairman of the Plastic Surgery Research Council, President of the American Society for Peripheral Nerve, and President for the Plastic Surgery Foundation. He is currently President of the American Association of Plastic Surgeons."
Winter 2026,thursday-series,"Thursday Lecture Series: Biomedical Research and Technology: Creation, Development and Applications",2026-02-05,10:00 - 11:30 am,Advances in Cancer Immunotherapy: How Can we Reprogram our Own Immune System to Fight Cancer,Prof. Maria Castro,Professor of Neurosurgery and Cell and Developmental Biology,Michigan Medicine Neuroscience Institute,"Recent findings from the Castro-Lowenstein Team at the University of Michigan Medical School and the ongoing results of their clinical trial, which was recently completed at the University of Michigan, highlight the importance of harnessing the patient’s own immune system to elicit effective anti-cancer therapies. Recent exciting data related to immunotherapies and their use in treating incurable cancers will also be shared. Maria and Pedro have devoted more than two decades to pursuing the immune-mediated genetic treatment of cancer – medicine’s “ultimate frontier.” This gene-therapy strategy enables the human body to fight malignant brain cancer (and potentially other solid cancers) by employing genetically engineered viruses (vectors) to kill the tumor cells and elicit an anti-tumor immune response. Maria will also discuss the Phase I clinical trial at the University of Michigan and exciting developments that have revolutionized the treatment for lung cancer and melanoma.",$15 Member | $25 Non-Member. In-person and streamed live through Zoom.,"Prof. Castro completed her PhD from the National University of La Plata, Argentina. And her post-doctoral training from the National Institutes of Health, Bethesda, MD. She is currently Professor of Neurosurgery and Cell and Developmental Biology, University of Michigan Medical School. Her program is developing immunotherapies that block brain tumor growth and recurrence, which led to an exciting Phase 1 trial (NCT01811992) for malignant gliomas, completed in 2023. A second trial for pediatric and young adult patients with recurrent brain tumors (UMCC 2024.064) has been approved by the FDA and will begin in 2025."
Winter 2026,tuesday-distinguished,Alfred Gourdji Distinguished Lecture Series,2026-02-10,10:00 - 11:30 am,LAWLESS – A Critical Analysis of the U.S. Supreme Court,Prof. Leah Litman,Professor of Law,University of Michigan,"Prof. Litman will explain how the current Supreme Court is not ruling based on law, but instead based on vibes—the feelings of the justices and the political zeitgeist of the Republican Party. Among the worst of the bad vibes are the notion of conservative grievance and a commitment to minority rule. She will argue that the Court’s recent decisions reveal these influences, and how several cases the Court is currently hearing do as well.",$15 Member | $25 Non-Member. In-person and streamed live through Zoom.,"Leah H. Litman, JD is a Professor of Law at University of Michigan, co-host and co-creator of the podcast “Strict Scrutiny,” about the Supreme Court, and author of the New York Times bestseller LAWLESS: How the Supreme Court Runs on Conservative Grievance, Fringe Theories, and Bad Vibes. She has received several awards for both teaching and research and scholarship."
Winter 2026,thursday-series,"Thursday Lecture Series: Biomedical Research and Technology: Creation, Development and Applications",2026-02-12,10:00 - 11:30 am,Groundbreaking Advancements in the Robert H. Bartlett Extracorporeal Life Support Laboratory,Prof. Joseph Potkay,Research Associate Professor in Surgery,University of Michigan / VA Ann Arbor Healthcare System,"Dr. Potkay’s presentation will cover groundbreaking advancements developed in or in collaboration with the Robert H. Bartlett Extracorporeal Life Support Laboratory. These advancements include the long-term support of living hearts outside the body, the development of an artificial placenta to support extremely premature infants, biomaterial development toward enabling life support without anticoagulation, and pioneering work in microfluidic artificial lungs and smart artificial lung systems.",$15 Member | $25 Non-Member. In-person and streamed live through Zoom.,"Since receiving his PhD in electrical engineering from the University of Michigan under microsystems pioneer Ken Wise in 2006, Dr. Potkay has dedicated his career to harnessing the latest advancements in electronic circuits, microsystems, and microfluidics to advance medicine, with a strong focus on rehabilitation from lung disease. Dr. Potkay is currently a Research Associate Professor in Surgery at the University of Michigan and a Research Biomedical Engineer at the VA Ann Arbor Healthcare System. He is Head of Biomedical Engineering for the Robert H. Bartlett Extracorporeal Life Support Laboratory at the University of Michigan. His artificial lung research has been continually funded through VA and NIH awards since 2007 and has received international attention and news coverage, including at the highest levels of the U.S. Department of Veterans Affairs."
Winter 2026,thursday-series,"Thursday Lecture Series: Biomedical Research and Technology: Creation, Development and Applications",2026-02-19,10:00 - 11:30 am,The Weil Institute and the Commercialization of Critical Care Technology,Dr. Kevin Ward,"Professor of Emergency Medicine and Biomedical Engineering; Executive Director, Max Harry Weil Institute for Critical Care Research and Innovation",Michigan Medicine,"Death from critical illness and injury such as those from trauma, sepsis, traumatic brain injury, cardiac arrest and others exceed that of cancer and heart disease. Due to the complexity of these diseases, little progress has been made in developing technologies that could improve outcomes. The Weil Institute is a transdisciplinary research enterprise composed of clinicians, basic scientists, and engineers dedicated to researching solutions combined with entrepreneurship that accelerate the potential for moving new discoveries to the bedside. Examples of successes, failures, and barriers will be presented and discussed.",$15 Member | $25 Non-Member. In-person and streamed live through Zoom.,Dr. Ward is Professor of Emergency Medicine and Biomedical Engineering and the Executive Director of the Max Harry Weil Institute for Critical Care Research and Innovation at the University of Michigan.
Winter 2026,thursday-series,"Thursday Lecture Series: Biomedical Research and Technology: Creation, Development and Applications",2026-02-26,10:00 - 11:30 am,Tiny Bubbles: Harnessing Their Power in Medicine,Prof. J. Brian Fowlkes,"Professor, Radiology and Biomedical Engineering",Michigan Medicine,"When we think of tiny bubbles like those in a glass of beer, we might never expect the power such a small object could produce given the right conditions. From the erosion of ship propellers to industrial cleaning to breaking of kidney stones and liquification of tissue, we will explore a few of the many ways bubbles can be used to affect their surroundings and be engineered to provide diagnostic and therapeutic tools in medicine.",$15 Member | $25 Non-Member. In-person and streamed live through Zoom.,"Dr. Fowlkes conducts research on diagnostic and therapeutic ultrasound including quantitative imaging such as volumetric blood flow for OB/GYN and traumatic brain injury and bubble production for drug release and high intensity ultrasound including histotripsy. He is a Fellow of the American Institute of Ultrasound in Medicine, the American Institute of Medical and Biomedical Engineering, the Acoustical Society of America, the American Association of Physicists in Medicine and the Institute for Electrical and Electronics Engineers."
Winter 2026,tuesday-distinguished,Alfred Gourdji Distinguished Lecture Series,2026-03-10,10:00 - 11:30 am,Did State-Socialism Really Fail?,"Brian Porter-Szűcs, Ph.D.",Arthur F. Thurnau Professor of History,University of Michigan,"Though it’s become a truism that the economic system of the USSR and its allies failed, the actual record is more nuanced. State socialism did not bring the grand achievements that its founders had hoped for, but neither did it leave these countries worse off than they were beforehand. In fact, most Soviet countries did better overall under socialism than under capitalism. Once we recognize this, we face a puzzle: Why did so many economists within the Soviet Bloc come to believe that they were working within a catastrophically dysfunctional economic system? And why, when presented with a crisis in the late 1980s, were they so quick to embrace capitalism?",$15 Member | $25 Non-Member. In-person and streamed live through Zoom.,"Brian Porter-Szűcs, Ph.D. is Arthur F. Thurnau Professor of History at the University of Michigan-Ann Arbor, and the History Department’s Director of Undergraduate Studies. He teaches classes on the history of the economy, the intellectual history of capitalism and socialism, the history of Roman Catholicism, and the history of Poland. Prof. Porter-Szucs has won many awards, including a Michigan Humanities Award, the John Dewey Award for Outstanding Teaching from UM’s College of Literature, Science, and the Arts, and an Excellence in Education Award from L.S.& A. He’s authored numerous journal articles and books, including Commodified Communism: Socialist Values and Capitalist Prices in the Polish People’s Republic, and Faith and Fatherland: Catholicism, Modernity, and Poland, both published by Oxford University Press."
Winter 2026,thursday-series,Thursday Lecture Series: Diverse Dimensions of Art,2026-03-12,10:00 - 11:30 am,Moving Target: Photography Between Modern and Contemporary Art,Dr. Brendan Fay,"Associate Professor of Art History, School of Art and Design",Eastern Michigan University,"Photographs hang in museums, and art schools train photographers. It seems clear that photography has claimed a permanent place in art and art history—but the story is, in some ways, a recent one, unfolding during a period of radical changes in art itself. From the G.I. Bill to the present, this presentation traces photography’s winding path through a rapidly shifting era.",$15 Member | $25 Non-Member. In-person and streamed live through Zoom.,"Brendan Fay is an associate professor of art history in the School of Art and Design at Eastern Michigan University. He is the author and curator of Photography as a Way of Life: Minor White, Aaron Siskind, and Harry Callahan, a book and exhibition about teaching, learning, and living photography in the postwar United States (forthcoming April 2026)."
Winter 2026,special,Conversations,2026-03-17,10:00 - 11:30 am,When Good Intentions Go Wrong: Campus Activism vs. Academic Freedom,"Jeffrey Veidlinger, Ph.D.","Joseph Brodsky Collegiate Professor of History and Judaic Studies; inaugural director, Raoul Wallenberg Institute",University of Michigan,"When do the noblest intentions betray the very freedoms they endeavor to safeguard? In this interview, we will probe the tension between zeal and expression, between cause and constraint. Can activism that aspires to justice become a form of silence? Join us in exploring the paradox inherent in protecting vulnerable communities while preserving open scholarly discourse.",$15 Member | $25 Non-Member. In-person only.,"Jeffrey Veidlinger, Ph.D., the inaugural director of the Raoul Wallenberg Institute at the University of Michigan, is a distinguished scholar whose work bridges history, culture, and human rights. As the Joseph Brodsky Collegiate Professor of History and Judaic Studies, he has authored acclaimed books such as In the Midst of Civilized Europe, which examines the pogroms of 1918–1921 and their role in the onset of the Holocaust."
Winter 2026,thursday-series,Thursday Lecture Series: Diverse Dimensions of Art,2026-03-19,10:00 - 11:30 am,Piecing Together a Movement: Art Quilts and the Fabric of Change,"Leslie C. Levy, JD",Ardis & Robert James Director,International Quilt Museum,"An introduction to the Art Quilt movement, including the visionary artists who created the genre, their individual styles and examples of their work, and how art quilts changed traditional notions of what constitutes a quilt.",$15 Member | $25 Non-Member. Speaker will be presenting on Zoom only.,"Leslie C. Levy was named the Ardis & Robert James director at the International Quilt Museum in 2014. After earning her Juris Doctor from the University of Nebraska’s College of Law, Ms. Levy worked in both private and public services, including two international non-profits and 12 years as the Chief of the Consumer Protection & Antitrust Division for the Nebraska Department of Justice."
Winter 2026,thursday-series,Thursday Lecture Series: Diverse Dimensions of Art,2026-03-26,10:00 - 11:30 am,Michigan’s Mystery Relics: Fact or Fraud?,Prof. Lisa C. Young,Teaching Professor in Anthropology,University of Michigan,"Over a century ago, tablets with ancient writing were discovered in Michigan. Some argued they were relics of a lost civilization, while experts identified them as fake artifacts. Interest in these relics continues to this day. This lecture explores questions about the evidence used to identify the authenticity of ancient artifacts, why these relics continue to intrigue people, and the ramifications of archaeological frauds.",$15 Member | $25 Non-Member. In-person and streamed live through Zoom.,"Lisa C. Young is a Teaching Professor in anthropology at the University of Michigan. Her archaeological research examines changes in community organization and foodways of small-scale farming communities in the American Southwest. She also researches the histories of museum collections to explore the changing relationships between anthropologists, museums, and communities of origin. Public outreach and community engagement with diverse stakeholders, including Indigenous communities, are an integral part of her work."
Winter 2026,thursday-series,Thursday Lecture Series: Diverse Dimensions of Art,2026-04-02,10:00 - 11:30 am,“Tell Me What You Eat”: Literary Perspectives on Food and Culture,Prof. Supriya M. Nair,"Professor, Department of English Language and Literature",University of Michigan,"“One cannot think well, love well, sleep well, if one has not dined well,"" notes the narrator in Virginia Woolf’s A Room of One’s Own. Amidst an increasing focus on gut health, sustainable food systems, food sovereignty, food (in)security, and other social (and social media) topics, the place of food in literature and culture has come in for renewed interest in scholarship that goes beyond the gustatory text. How do a range of literary forms (fiction, nonfiction, cookbooks) and visual media help us imagine the significant ways in which food relates to our lived experience? If food has power, as Anthony Bourdain insists in Kitchen Confidential, how does literature reveal its power?",$15 Member | $25 Non-Member. In-person and streamed live through Zoom.,"Supriya M. Nair is a Professor in the Department of English Language and Literature at the University of Michigan-Ann Arbor. She is the author of two monographs, Caliban’s Curse: George Lamming and the Revisioning of History and Pathologies of Paradise: Caribbean Detours. She is also co-editor of Postcolonialisms: An Anthology of Cultural Theory and Criticism and editor of Teaching Anglophone Caribbean Literature. She regularly teaches courses on Food and Culture at the University of Michigan."
Winter 2026,thursday-series,Thursday Lecture Series: Diverse Dimensions of Art,2026-04-09,10:00 - 11:30 am,Screenwriting: The Hero’s Journey in 3 Acts,R. J. Fox,"Writer, filmmaker, and teacher of English and film","Huron High School, Ann Arbor","The speaker will demonstrate how just about every movie – from Hollywood blockbuster or to small, indie film – follows the same story structure, divided by three acts and 12 steps along the “the Hero’s Journey.” In addition to providing examples of story structure in popular films, Fox will also touch upon screenplay formatting. There will also be an interactive component in which participants can explore these concepts through their favorite films.",$15 Member | $25 Non-Member. In-person and streamed live through Zoom.,"R.J. Fox is the award-winning writer of three published books, several short stories, plays, poems, a memoir, and 15 feature-length screenplays. He is also the writer/director/editor of several award-winning short films. He teaches English and film at Huron High School in Ann Arbor, MI. His movie Love & Vodka (based on his book of the same name) premiered at the 2024 Cinetopia Film festival."
Winter 2026,tuesday-distinguished,Alfred Gourdji Distinguished Lecture Series,2026-04-14,10:00 - 11:30 am,What Does the Success of New Obesity Medications Tell Us about How Our Body Weight is Regulated?,"Dr. Randy Seeley, Ph.D.",Henry K. Ransom Endowed Professor of Surgery,University of Michigan School of Medicine,GLP-1 receptor agonists like semaglutide and tirzepatide have revolutionized how we treat individuals with obesity. Should it also change how we think about body weight and how it is regulated? Dr. Seeley will discuss body weight regulation and how these drugs work to help individuals lose weight.,$15 Member | $25 Non-Member. In-person and streamed live through Zoom. NOTE: the catalog's printed speaker line reads 'Prof. Ronald Suny' — an apparent misprint; the description and printed biography both identify Dr. Randy Seeley as the lecturer.,"Dr. Randy Seeley, Ph.D. is the Henry K. Ransom Endowed Professor of Surgery at the University of Michigan School of Medicine. He also serves as the director of the NIH-funded Michigan Nutrition Obesity Research Center (MNORC). His scientific work has focused on the gut-brain axis and its role in regulating energy balance and metabolism, emphasizing new treatment strategies for obesity and diabetes. Dr. Seeley has published over 400 peer-reviewed articles, and he has received numerous awards including the 2009 Outstanding Scientific Achievement Award from the American Diabetes Association."
Winter 2026,special,Conversations,2026-04-21,10:00 - 11:30 am,Healing the Mind: Must We Accept Cognitive Decline? The Role of Psychedelics (Psilocybin) in Treatments,"Omar Ahmed, Ph.D.","Associate Professor of Psychology, Neuroscience, and Biomedical Engineering",University of Michigan,"What if the path to healing the mind isn’t just about suppressing symptoms, but about rewiring the brain itself? Dr. Omar J. Ahmed’s research challenges conventional wisdom by demonstrating that psychedelics can induce lasting neuroplasticity, even in regions previously thought unaffected. His work invites us to reconsider: Could a single dose of a psychedelic compound be the key to unlocking long-term relief from Alzheimer’s, Dementia, Depression, and possible other cognitive disabilities, reshaping our understanding of mental health treatment?",$15 Member | $25 Non-Member. In-person only.,"Dr. Omar J. Ahmed is an Associate Professor at the University of Michigan, specializing in Psychology, Neuroscience, and Biomedical Engineering. His lab, OmarLab, investigates how neural circuits, particularly in the retrosplenial cortex, encode space, time, and speed."
Winter 2026,tuesday-distinguished,Alfred Gourdji Distinguished Lecture Series,2026-05-12,10:00 - 11:30 am,Digital Privacy in the Age of AI: Risks and Protections,Prof. Florian Schaub,Associate Professor of Information and of Electrical Engineering and Computer Science,University of Michigan,"Advances in Artificial Intelligence have led to innovations from AI chat-bots to smarter phones, cars, and homes. But with these developments also come new risks to your privacy: Is data about you used to assist or manipulate you? What if your private data is part of a data breach? How is AI used by cybercriminals to scam consumers? This talk will answer these questions, as well as discuss research advances that can lead to better privacy protections and policy, and what you can do now to protect yourself.",$15 Member | $25 Non-Member. In-person and streamed live through Zoom.,"Dr. Florian Schaub is Associate Professor of Information and of Electrical Engineering and Computer Science at the University of Michigan. His interdisciplinary research combines privacy, human-computer interaction, emerging technologies, and public policy. Dr. Schaub holds a PhD in Computer Science from the University of Ulm and was a postdoctoral fellow in Carnegie Mellon University’s School of Computer Science. His research has been honored with best paper awards at leading cybersecurity and human-computer interaction conferences. Dr. Schaub is an ACM Distinguished Member. His research has directly impacted industry practice and public policy."
Fall 2026,tuesday-distinguished,Alfred Gourdji Distinguished Lecture Series,2026-09-15,10:00 - 11:30 am,Regulating Business in America: A Long-Term Perspective,Prof. William James (Jim) Adams,"Arthur F. Thurnau Professor Emeritus, Professor Emeritus of Economics, and former Peterson Professor of Industrial Organization",University of Michigan,"Since the Civil War, the United States has experienced periodic waves of regulatory and deregulatory fervor. The pro-regulation tendency is associated with the Progressive agendas of the two Roosevelts (Teddy and Franklin), while the anti-regulation tendency is associated with the Supreme Courts of the late-nineteenth and late-twentieth centuries. Drawing on the regulation of business in different types of markets (labor markets, industrial markets, public utilities) and different types of regulatory institution (legislatures, administrative agencies), this lecture will explore the economic and legal ideas, as well as the economic realities, that shaped these turns in American regulatory history.","$15 member | $25 non-member. In-person (Washtenaw Community College, Morris Lawrence Building, Towsley Auditorium) and online via Zoom. Sponsorship: Aetna.","Dr. William James (Jim) Adams is Arthur F. Thurnau Professor Emeritus, Professor Emeritus of Economics, and the former Peterson Professor of Industrial Organization at the University of Michigan. His research has ranged broadly, from public policies toward business in the United States to economic integration in Europe. His monograph, Restructuring the French Economy: Government and the Rise of Market Competition since World War II, has been called “one of the most penetrating [and] comprehensive analyses of French contemporary economic reality.” Adams has advised the Federal Trade Commission, the U.S. Ambassador to France, and several foreign policy departments of the U.S. government. He is a winner of a Golden Apple, awarded each year by students to the best teacher at the University of Michigan."
Fall 2026,thursday-series,"Thursday Lecture Series: The 2026 Midterm Elections: Process, Policy and Consequences",2026-09-17,10:00 - 11:30 am,How to Think About Midterm Elections Like an Expert,Dr. Eric Gonzalez Juenke,"Professor, Department of Political Science",Michigan State University,"We will introduce the midterms as a crucial U.S. election institution that provides a check on power. We will look at how these elections can alter the direction and makeup of the federal and state governments. We will discuss what polls, campaigns and other information can tell us about what will happen on Election Day. We will discuss how different voting blocs may affect the election results, both in terms of turnout and vote choice.",$15 member | $25 non-member. In-person and online.,"Dr. Eric Gonzalez Juenke is a Professor in the Department of Political Science at Michigan State University. He specializes in racial and ethnic politics, U.S. federal, state, and local elections, legislative representation, and immigration politics. His recent book The Presidency and Immigration Policy: Rhetoric and Reality examines how U.S. Presidents talk about immigration. His current research focuses on the election of racial and ethnic minority candidates to state legislative office in the United States."
Fall 2026,special,Conversations,2026-09-22,10:00 - 11:30 am,The Pursuit of Happiness,"Elizabeth Anderson, Ph.D.","MacArthur Fellow, Fellow of the British Academy, and John Dewey Distinguished University Professor of Philosophy and Women’s Studies",University of Michigan,"John Locke wrote that people possess the rights of life, liberty, and property. Jefferson took that idea and changed a single word. In the Declaration of Independence, property became the pursuit of happiness, a deliberate shift meant to protect people from arbitrary domination, not guarantee personal success. Elizabeth Anderson applies that principle to the modern workplace. A boss who controls your speech, movement, and livelihood without accountability exercises the same kind of unchecked authority Jefferson opposed. Anderson isn’t putting words in his mouth; she’s carrying his argument to its logical conclusion.",$15 member | $25 non-member. In-person only. Anderson also gave the January 2023 Gourdji lecture on the work ethic (see Fall 2022 / Winter-Spring 2023 editions).,"Elizabeth Anderson, Ph.D., is a MacArthur Fellow, Fellow of the British Academy, and John Dewey Distinguished University Professor of Philosophy and Women’s Studies at the University of Michigan. One of America’s leading public philosophers, she has spent four decades examining equality, democracy, workplace power, and the conditions necessary for human flourishing. Her work explores the enduring gap between America’s democratic ideals and lived reality."
Fall 2026,thursday-series,"Thursday Lecture Series: The 2026 Midterm Elections: Process, Policy and Consequences",2026-09-24,10:00 - 11:30 am,The Impact of Social Media on U.S. Elections,Prof. Yanna Krupnikov,Professor of Communication and Media,University of Michigan,"This presentation will focus on the role of social media – and other sources – in the way people understand campaigns and politics. In particular, the presentation will consider why people may turn to social media for information and the role of social media platforms in political expression. Ultimately, the presentation will consider what we gain and what we lose when we rely on social media for political information.",$15 member | $25 non-member. In-person and online.,"Yanna Krupnikov is Professor of Communication and Media at the University of Michigan. Her research focuses on political communication and political expression. She is the co-author of books, Independent Politics (2016), The Other Divide (2022) and Partisan Hostility and American Democracy (2024). Her current work focuses on the role of the news in people’s everyday lives."
Fall 2026,thursday-series,"Thursday Lecture Series: The 2026 Midterm Elections: Process, Policy and Consequences",2026-10-01,10:00 - 11:30 am,Why Policymaking Success Leads to Electoral Failure,Matt Grossmann,Director of the Institute for Public Policy and Social Research and Professor of Political Science,Michigan State University,"Are policymakers rewarded in elections when they succeed in moving public policy in their ideological direction? Or do they face a thermostatic backlash, as citizens judge their policy moves as too hot or too cold? My analysis of Congressional election outcomes since 1948 adds information on Congressional policy actions to traditional election models emphasizing the surge and decline of presidential support and referendums based on presidential approval and the economy. I find that the electorate reacts against the ideological direction of policy, voting against parties that pushes policy further to the left or to the right in both midterm and presidential years. Even after accounting for policy and traditional explanations, however, there remains a large midterm penalty for the president’s party.",$15 member | $25 non-member. In-person and online. Sponsorship: United Health Care.,"Matt Grossmann is Director of the Institute for Public Policy and Social Research and Professor of Political Science at Michigan State University. He also serves as a Senior Fellow at the Niskanen Center and host of the Science of Politics podcast. He is an author of The Not-So-Special Interests, Artists of the Possible, Asymmetric Politics (with David Hopkins), Red State Blues, How Social Science Got Better, and Polarized by Degrees (also with David). He is co-owner of Hooked (a bookstore/cafe). His forthcoming book is Policymaking for Realists."
Fall 2026,thursday-series,"Thursday Lecture Series: The 2026 Midterm Elections: Process, Policy and Consequences",2026-10-08,10:00 - 11:30 am,Presidential Power and Democratic Resilience: Institutional Change and the 2026 Midterms,Dr. Mitchel A. Sollenberger,Professor of Political Science,University of Michigan–Dearborn,"Dr. Sollenberger examines how the expansion of presidential power is shaping American politics in ways that are increasingly visible in the lead-up to the 2026 midterm elections. Focusing on key governing norms, he looks at how changes in government institutions, law enforcement, media, and election rules affect what citizens see, believe, and ultimately how they vote. The lecture considers what these developments mean for the role of midterm elections as a check on presidential power in contemporary American democracy.",$15 member | $25 non-member. In-person and online.,"Dr. Mitchel A. Sollenberger is a Professor of political science at the University of Michigan–Dearborn and a former analyst at the Congressional Research Service. His research centers on presidential power, constitutional law, and executive authority. He is the author or coauthor of several books, including The President Shall Nominate, Executive Privilege, and The Unitary Executive Theory, as well as numerous scholarly articles examining the modern presidency and separation of powers."
Fall 2026,tuesday-distinguished,Alfred Gourdji Distinguished Lecture Series,2026-10-13,10:00 - 11:30 am,America’s First Medical Experiments in the Wilds of Northern Michigan: A 19th Century Physician’s 33-Year Study of Digestion via a Fur Trader’s Abdominal Shotgun Wound,Prof. Joel D. Howell,"Elizabeth Farrand Professor Emeritus, Departments of Internal Medicine and History",University of Michigan,"In 1822 the fur trader Alexis St. Martin suffered a shotgun wound on Mackinaw Island. He was attended by the physician William Beaumont. The blast left a hole in St. Martin’s abdomen, and for the next 33 years Beaumont did experiments through that opening. We will explore their travels together through the wilderness of the early republic, discuss how the experiments led to our current understanding of gastrointestinal physiology, and question the ethics of how Beaumont chose to experiment on St. Martin.","$15 member | $25 non-member. In-person (Washtenaw Community College, Morris Lawrence Building, Towsley Auditorium) and online via Zoom. Sponsorship: UM Victors Care.","Dr. Joel D. Howell is the Elizabeth Farrand Professor Emeritus in the University of Michigan Departments of Internal Medicine and History. He obtained his MD at the University of Chicago and his PhD in History and Sociology of Science from the University of Pennsylvania. His career has included clinical care and studying medical history, trying to understand why (and when) we came to believe so strongly in the value of science for guiding patient care. Author of many books and articles, Howell’s publications have appeared widely in medical and historical literature. His research has been supported both by federal grants and by foundations. His awards include the Robert Wood Johnson Foundation Investigator Award in Health Policy Research and the Burroughs Wellcome Award in the History of Medicine. Prof. Howell is a Master of the American College of Physicians and Fellow of the Royal College of Physicians."
Fall 2026,thursday-series,"Thursday Lecture Series: The 2026 Midterm Elections: Process, Policy and Consequences",2026-10-15,10:00 - 11:30 am,The 2026 Midterms: What the Data Tells Us,Professor David Dulio,Distinguished Professor of Political Science and Director of the Center for Civic Engagement,Oakland University,Dulio will examine the most recent data about what to expect in the 2026 election cycle. He will also examine the major races in Michigan including the U.S. Senate contest and the race for governor.,$15 member | $25 non-member. In-person and online.,"Professor David Dulio is a Distinguished Professor of Political Science and Director of the Center for Civic Engagement at Oakland University. He teaches courses on campaigns and elections, Congress, political parties, and interest groups. Dulio has published sixteen books, with two of his most recent being Congress and Religion: The Intersection of Faith and Politics and Campaigns and Elections American Style: The Changing Landscape of Political Campaigns, and has written extensively on U.S. elections, campaign finance, and political consultants. He also served as an APSA Congressional Fellow in the U.S. House."
Fall 2026,special,Conversations,2026-10-20,10:00 - 11:30 am,The Founders Warning: Did They Predict a Crisis?,"Don Herzog, Ph.D.",Edson R. Sunderland Professor of Law and Professor of Political Science,University of Michigan,"James Madison famously observed, “If men were angels, no government would be necessary.” His point was not cynicism, but a clear-eyed understanding of power, human nature, and the institutions required to preserve a republic. Two hundred and fifty years later, democratic institutions face mounting pressures that the Founders anticipated and sought to constrain. This conversation examines whether the challenges confronting American democracy today reflect the very vulnerabilities Madison warned could threaten the survival of self-government.",$15 member | $25 non-member. In-person only.,"Don Herzog, Ph.D., is the Edson R. Sunderland Professor of Law and Professor of Political Science at the University of Michigan. A graduate of Cornell University and Harvard University, he has spent more than four decades studying the foundations of democratic government, political authority, and constitutional order. An award-winning teacher and distinguished scholar, Herzog is the author of influential works on sovereignty, legitimacy, and republican government. His scholarship explores the enduring challenges the Founders recognized in preserving democratic self-government."
Fall 2026,thursday-series,Thursday Lecture Series: What’s Happening in the Arctic—and Why Should We Care?,2026-10-22,10:00 - 11:30 am,The Arctic Region in the Context of European Geopolitics and Security,Dr. Gabriella Gricius,Associate Professor of Strategy,Norwegian Military Academy,"Although it may seem as though the Arctic has just entered the collective consciousness with renewed American interest in Greenland, the region has long been of importance for climate scientists, military planners, and naturally individuals living in the Arctic region itself. This presentation will provide an overview of the region’s importance, stretching from Alaska, to Europe, to Russia – showing how changes in European geopolitics and security have direct implications for the future of the region.",$15 member | $25 non-member. Speaker presented live on Zoom.,Dr. Gabriella Gricius is an Associate Professor of Strategy at the Norwegian Military Academy and a Fellow with the North American and Arctic Defense and Security Network (NAADSN). She is also a Senior Fellow at the Arctic Institute. She is currently working on a project covering Nordic security community formation and hybrid threats in the European Arctic region.
Fall 2026,thursday-series,Thursday Lecture Series: What’s Happening in the Arctic—and Why Should We Care?,2026-10-29,10:00 - 11:30 am,Four Ages of the North: The Broad Contours of Arctic History,Dr. John McCannon,Historian of Russia and the polar regions,,"Often conceived of by outsiders as primordial and timeless, the Arctic in fact moves through history like any other region on earth. This presentation will examine key themes in Arctic history—both human and environmental—tracing change and continuity over four broad time periods: indigenous, colonial, industrial, and contemporary.",$15 member | $25 non-member. Speaker presented live on Zoom. Bio lists only past academic posts (currently a guide and lecturer for Viking Cruises); current institution not stated.,"Dr. John McCannon is a historian of Russia and the polar regions. He was educated at Yale University (BA) and the University of Chicago (MA/PhD). He taught history for 30 years, most recently at the University of Saskatchewan and Southern New Hampshire University. His publications include Red Arctic (1998); A History of the Arctic (2012); and Nicholas Roerich: The Artist Who Would Be King (2022). He currently works as a guide and lecturer for Viking Cruises."
Fall 2026,thursday-series,Thursday Lecture Series: What’s Happening in the Arctic—and Why Should We Care?,2026-11-05,10:00 - 11:30 am,The North American Arctic: Myths and Realities,Dr. Jennifer Spence,"Director, Arctic Initiative, Belfer Center for Science and International Affairs",Harvard University,"The North American Arctic — spanning Alaska, Northern Canada, and Greenland — is often portrayed through simplified narratives: a frozen wilderness, a geopolitical battleground, or a region of untapped opportunity. The realities are far more complex. This talk explores common myths, examining how climate change, Indigenous leadership, geopolitics, science, and economic pressures are reshaping the region. Drawing on current events and policy experience, the presentation offers a more grounded understanding of a rapidly changing Arctic.",$15 member | $25 non-member. Speaker presented live on Zoom.,"Dr. Jennifer Spence is Director of Harvard’s Arctic Initiative at the Belfer Center for Science and International Affairs. A specialist in Arctic governance and public policy, her work focuses on sustainable development, international cooperation, and the challenges facing Northern communities. She previously served as Executive Secretary of the Arctic Council’s Sustainable Development Working Group and has held senior roles with the Government of Canada."
Fall 2026,tuesday-distinguished,Alfred Gourdji Distinguished Lecture Series,2026-11-11,10:00 - 11:30 am,The U.S. Midterm Elections: What Happened Last Week,Prof. Josh Pasek,"Professor of Communication & Media and Political Science; Research Professor, Center for Political Studies (I.S.R.); core faculty, Michigan Institute for Data Science",University of Michigan,"The November 3rd, 2026, U.S. midterm elections at once serve as a test of American democracy, a referendum on the Trump presidency, a decision point for the future of the country, and an opportunity to assess how the parties are jockeying for and perhaps cheating in their desire to lead the nation in very different directions. This talk will examine what we know so far about what happened in 2026 and what those results are likely to portend.","$15 member | $25 non-member. Online only; printed ""NOTE DATE CHANGE"" — held Wednesday, November 11 (not the series' usual 2nd Tuesday), the week after the November 3, 2026 midterm elections. Sponsorship: DTE Energy.","Dr. Josh Pasek is Professor of Communication & Media and Political Science, Research Professor at the Center for Political Studies at I.S.R., and core faculty at the Michigan Institute for Data Science at U. of M. His research explores how social media and psychological processes shape political attitudes, public opinion, and political behaviors. He also studies ways to improve the predictive accuracy of public opinion surveys. Prof. Pasek’s current research explores how political information might influence public opinion and voter decision-making and evaluates how use of online social networking sites such as Facebook and Twitter might be changing the political information environment. He is the author of two books about American elections, Words that Matter and Democracy Amid Crises. His work has been published in Public Opinion Quarterly, Political Communication, and Political Psychology, among other outlets."
Fall 2026,thursday-series,Thursday Lecture Series: What’s Happening in the Arctic—and Why Should We Care?,2026-11-12,10:00 - 11:30 am,Environmental Changes in the Arctic: Local and Global Impacts,Professor George Kling,Professor of Ecology and Evolutionary Biology,University of Michigan,"Environmental changes are occurring rapidly throughout the Arctic region, including melting sea ice and glaciers, rising temperatures, loss of snow cover and absorption of solar heat, thawing permafrost and the release of greenhouse gases, and increases in severity of wildfires, precipitation, and storms. These changes and their interactions are disrupting the function of ecosystems as well as the livelihoods and cultures of resident populations. Additionally, the changes are now having impacts outside the Arctic and are altering global weather patterns and amplifying global warming.",$15 member | $25 non-member. Speaker presented in-person at WCC; in-person and online.,"Professor George Kling is a Professor of Ecology and Evolutionary Biology at the University of Michigan. A limnologist (the study of lakes) and Arctic researcher, he primarily studies ecosystem ecology and how water, nutrients, and greenhouse gases are transferred between land, surface waters, and the atmosphere. Professor Kling is a Fellow of the American Association for the Advancement of Science and has received numerous awards for his research on the impact of climate change on aquatic ecosystems from the Arctic to the tropics."
Fall 2026,special,Conversations,2026-11-17,10:00 - 11:30 am,Democracy in the Age of Algorithms,"Ben Green, Ph.D.","Assistant Professor, School of Information and Ford School of Public Policy",University of Michigan,"Ben Green’s work sits at the intersection of technology, ethics, and democratic governance. As a scholar of government algorithms, he asks a deceptively simple question: when machines make decisions that affect people’s lives — in courtrooms, in city halls, in public institutions — who is actually in control? His research examines algorithmic fairness, the limits of human oversight, and what it means to regulate artificial intelligence in a democracy.",$15 member | $25 non-member. In-person only.,"Ben Green, Ph.D., is an Assistant Professor in the School of Information and the Ford School of Public Policy at the University of Michigan and a Faculty Associate at Harvard University’s Berkman Klein Center for Internet & Society. Trained as an applied mathematician, his research examines how algorithms and data-driven systems shape democratic institutions and public life. He is the author of The Smart Enough City, and his forthcoming MIT Press book, Algorithmic Realism, arrives this fall."
Fall 2026,thursday-series,Thursday Lecture Series: What’s Happening in the Arctic—and Why Should We Care?,2026-11-19,10:00 - 11:30 am,"Russian Arctic Policy, Security Strategy and International Cooperation",Pavel Devyatkin,Non-resident Fellow,Quincy Institute and The Arctic Institute,"What are Russia’s policy objectives in Arctic security, governance and international cooperation? How does Moscow perceive the current situation of ‘low engagement’ with the West in the Arctic, the volatility around President Trump’s rhetoric on Greenland, and the Russia-China relationship in the region?","$15 member | $25 non-member. Speaker presented live on Zoom. Printed bio reads ""has published Arctic militarization, ..."" — an apparent missing ""on"", kept as printed. Followed by the ticketed Arctic Buffet Lunch (11:30 am - 1:30 pm, $20).","Pavel Devyatkin, a non-resident fellow of both the Quincy Institute in Washington, D.C. and The Arctic Institute, has published Arctic militarization, nuclear weapons and arms control, great power competition and regional cooperation. His writing has been published by the U.S. Department of Defense, Strategic Analysis, Polar Journal, Italian Institute for International Political Studies, and other outlets. He provides consultations to academic institutions, diplomats and businesses on Arctic affairs. A graduate of the London School of Economics and University College London, Pavel is an American of Russian ancestry."
Fall 2026,tuesday-distinguished,Alfred Gourdji Distinguished Lecture Series,2026-12-08,10:00 - 11:30 am,“Every Person for Themselves?” How Artificial Intelligence (AI) Will Reshape the American Economy and Impact the Quality of Life,Prof. Jerry Davis,"Gilbert and Ruth Whitaker Professor of Business Administration and Professor of Sociology, Ross School of Business",University of Michigan,"Every national economy has a distinct character — a mix of laws, norms, and habits that shape which kinds of businesses flourish. America’s tilt is toward markets: Outsourcing over in-house production, contractors over employees. AI will amplify these tendencies, using algorithms to set wages, negotiate contracts, and price goods. Left unguided, the result is an atomized economy where everyone fends for themselves, thus negatively impacting the quality of life. But smart public policy can change that.","$15 member | $25 non-member. In-person (Washtenaw Community College, Morris Lawrence Building, Towsley Auditorium) and online via Zoom. Sponsorship: Michigan Medicine-UM-Geriatrics Center. The Fall 2026 Gourdji series was planned by Bernard Banet, Ron Bogdasarian, Ron Frisch, Judy Gourdji, Frances Schultz, Katherine Woo and co-chairs Gerald Gardner and Marie Vitale.","Dr. Jerry Davis is the Gilbert and Ruth Whitaker Professor of Business Administration and Professor of Sociology at the University of Michigan’s Ross School of Business. He has spent his career studying the corporation as a social and economic force — how finance reshaped America, why large corporations are vanishing, and how to tame corporate power. His six books include Managed by the Markets and The Vanishing American Corporation. His current work examines how AI is transforming economic organization. Prof. Davis has received many awards for his research and teaching, including the George R. Terry Book Award for “Outstanding Contribution to the Advancement of Management Knowledge,” the Award for Teaching Excellence, Ross Business School, and Fellow in the Center for Advanced Study in the Behavioral Sciences at Stanford University."
