edition,series_type,series_name,date,time,title,speaker,speaker_title,institution,description,notes,speaker_bio
Fall 2018,tuesday-distinguished,Distinguished Lecture Series,2018-09-18,10:00 - 11:30 a.m.,European Populism: Similarities and Differences with the Past,Andrei S. Markovits,Karl W. Deutsch Collegiate Professor of Comparative Politics and German Studies; Arthur F. Thurnau Professor,University of Michigan,"Not printed in this edition — the Fall 2018 catalog lists only date, title, and speaker credentials for each Distinguished lecture.",Andrei S. Markovits dedicates this lecture to the memory of Joan Badgley Innes.,
Fall 2018,tuesday-distinguished,Distinguished Lecture Series,2018-10-09,10:00 - 11:30 a.m.,How Legal “Ethics” Kept An Innocent Man In Prison for 26 Years,Berl Falbaum,Political reporter for The Detroit News and administrative aide to Michigan’s Lieutenant Governor,,"Not printed in this edition — the Fall 2018 catalog lists only date, title, and speaker credentials for each Distinguished lecture.",,
Fall 2018,tuesday-distinguished,Distinguished Lecture Series,2018-11-20,10:00 - 11:30 a.m.,What Happened in November 2018 Elections,"Michael Traugott, Ph.D.","Research Professor, Center for Political Studies, Institute for Social Research",University of Michigan,"Not printed in this edition — the Fall 2018 catalog lists only date, title, and speaker credentials for each Distinguished lecture.",,
Fall 2018,tuesday-distinguished,Distinguished Lecture Series,2018-12-11,10:00 - 11:30 a.m.,The Trump Administration and the Middle East: Dissecting the Chaos,Saeed A. Khan,Senior Lecturer in the Departments of Near East & Asian Studies and Global Studies,Wayne State University,"Not printed in this edition — the Fall 2018 catalog lists only date, title, and speaker credentials for each Distinguished lecture.",,
Fall 2018,tuesday-distinguished,Distinguished Lecture Series,2019-01-08,10:00 - 11:30 a.m.,What to Expect in Health Policy After the 2018 Election,"John Z. Ayanian, MD, MPP",Professor of Internal Medicine and Public Policy; Director of the Institute for Healthcare Policy & Innovation (IHPI),University of Michigan,"Not printed in this edition — the Fall 2018 catalog lists only date, title, and speaker credentials for each Distinguished lecture.",,
Fall 2020,tuesday-distinguished,Distinguished Lecture Series,2020-09-08,10:00-11:30am,Democracy and Debate,Michael Barr,Joan and Samuel Weill Dean of Public Policy at the Gerald R. Ford School,University of Michigan,"The speaker will explore the critical issues facing the country during the Fall 2020 election, including the COVID-19 pandemic and the economic crisis.",All Fall 2020 programs offered online (COVID-19).,"Michael S. Barr is the Joan and Samuel Weill Dean of Public Policy at the Gerald R. Ford School, the Frank Murphy Collegiate Professor of Public Policy, the Roy F. and Jean Humphrey Proffit Professor of Law, and Faculty of the Center on Finance, Law and Policy at the University of Michigan. He served from 2009-2010 as the U.S. Department of the Treasury’s Assistant Secretary for Financial Institutions, and was a key architect of the Dodd Frank Wall Street Reform and Consumer Protection Act of 2010. He received his J.D. from Yale Law School; his Ph.D. in International Relations from Magdalen College, Oxford University, as a Rhodes Scholar, and his B.A. summa cum laude, with Honors in History from Yale University."
Fall 2020,tuesday-distinguished,Distinguished Lecture Series,2020-10-13,10:00-11:30am,Efforts by the Chronic Pain and Fatigue Research Center,Daniel Clauw,"Professor, Anesthesiology Medicine (Rheumatology) and Psychiatry",University of Michigan,"Dr. Clauw will speak on the work done by the Chronic Pain Research Center. He will highlight accomplishments of the past, as well as plans for the future.",,Daniel Clauw is a professor of anesthesiology medicine (rheumatology) and psychiatry at the University of Michigan. He serves as Director of the Chronic Pain and Fatigue Research Center. The Research Center is a multidisciplinary center committed to improving the understanding and management of disorders distinguished by symptoms of chronic pain and fatigue. Until January 2009 he also served as the first Associate Dean for Clinical and Transitional Research at the University of Michigan Medical School.
Fall 2020,tuesday-distinguished,Distinguished Lecture Series,2020-11-10,10:00-11:30am,What Happened Last Tuesday,Michael Traugott,"Research Professor Emeritus, Center for Political Studies",University of Michigan,"The presidential election of 2020 will be the most critical and challenging in recent memory. Results will determine the composition of the U.S. Senate and House of Representatives and influence the future composition of the US Supreme Court. It will undoubtedly change the face of both major political parties. Professor Emeritus Michael Traugott will talk about the November election outcomes, including the campaigns, primaries, and caucuses.",,"Prof. Traugott has studied mass media impact on American policies. He has a particular interest in the use of surveys and polls and how they are used to cover campaign and elections. Retired from the University of Michigan, he is now Professor Emeritus of Communication Studies and Professor Emeritus of Political Science in the College of Literature, Science and Arts as well as Research Professor Emeritus of Political Science in the Institute of Social Research."
Fall 2020,tuesday-distinguished,Distinguished Lecture Series,2020-12-08,10:00-11:30am,Women in American Soccer and European Football: Different Roads to Shared Glory on the Field and in Society,Andrei S. Marcovits,Karl W. Deutsch Collegiate Professor of Comparative Politics,University of Michigan,"The lecture will highlight the opposite paths that women have traversed in the game of Associated Football on both sides of the Atlantic. Whereas the women in North America entered the field that was virtually open for them since men busily covered the playing fields and cultural space of hegemonic team sports of baseball, football (American and Canadian), basketball, and ice hockey; their European counterparts were forced to contest what has arguably been the most male-dominated space in European public life throughout much of the 20th century. Both of these roads harbored immense obstacles. Both entailed challenges of their own that these pioneering women had to overcome. However, spurred by the massively important and popular World Cup tournaments, the last three decades have led to a rapprochement on both sides of the Atlantic by catapulting women’s soccer onto hitherto unexpected, maybe even unimaginable, heights.",Surname printed “Marcovits” in this catalog; the Fall 2018 catalog spells it “Markovits”.,"Andrei S. Marcovits is the Karl W. Deutsch Collegiate Professor of Comparative Politics and an Arthur F. Thurnau Professor at the University of Michigan where he has taught for more than 20 years. In addition to being a multiple-award winning teacher, his many books and articles on a range of topics—from European social democracy, labor and social movements to German-Jewish relations; and from comparative sports cultures to dog rescue—have appeared in 15 languages. His two latest books are Women in American Soccer and European Football; Different Roads to Shared Glory published in 2019; and The Boundaries of Pluralism; The World of The University of Michigan’s Jewish Students in 1897-1945, co-authored with Kenneth Garner and published in 2020."
Fall 2020,tuesday-distinguished,Distinguished Lecture Series,2021-01-12,10:00-11:30am,Stress and Brain Health from Biology to Social Context,Huda Akil,"Professor of Neurosciences, The Molecular & Behavioral Neuroscience Institute",University of Michigan,"Dr. Akil and her colleagues have provided the first psychological evidence of endorphins, and showed that endorphins are activated by stress and inhibit pain. In investigations of the mechanism underlying stress activity in anxiety and depression, she demonstrated that social defeat in rodents activates unique neural pathways resembling those alerted in human depression. Her team has also focused on the role of specific genes in the pathology of mood disorders.",Also pointed to (as a sponsored 1/12 lecture) in the Winter/Spring 2021 catalog’s Distinguished preamble.,"Dr. Huda Akil is a graduate of the University of California, University of Iowa and the American University of Beirut. She is the Gardner Quarton Distinguished University Professor of Neurosciences at The Molecular & Behavioral Neuroscience Institute at the University of Michigan. She has made unique contributions to the understanding of the brain biology of emotions, including pain, anxiety, depression and substance abuse. She is the author of over 500 original scientific papers and has been elected to the American Academy of Arts and Science."
Fall 2020,special,Election 2020,2020-09-11,10:00-11:30am,Voting During COVID-19: Nonpartisan Strategies on Campus,Edie Goldenberg (moderator) with a panel of four students,Professor of Political Science and Public Policy,University of Michigan,"Many efforts are underway to increase college student voting. This panel of college students will discuss what is happening at U-M, statewide, and nationally to get students registered to vote and committed to voting. The panel will also discuss what motivated them to get involved with these efforts, what they have learned along the way, and how the pandemic has impacted their work. The panel will be moderated by Edie Goldenberg, PhD, Professor of Political Science and Public Policy at University of Michigan.",,"Edie N. Goldenberg is Professor of Political Science and Public Policy at the University of Michigan. She is currently the faculty advisor of Turn Up Turnout (TUT), a student organization on campus that works in a nonpartisan way to increase student voting at UM. TUT also works with other universities in the Big Ten Conference, with colleges around the state of Michigan, with more than 50 other universities across the country, and with a number of national organizations. Previously, Dr. Goldenberg served as founder and faculty director of the Michigan in Washington Program (2004-16), Dean of the College of Literature, Science and the Arts (1989-98), and Director of the Gerald R. Ford School of Public Policy (1987-89)."
Fall 2020,special,Election 2020,2020-09-21,10:00-11:30am,Citizen Activism: Driver of A Healthy Democracy,"Roddy Wares, Lisa Wozniak, and Branden Snyder; Karen Bantel, moderator",,,"Citizen participation is the crucial process through which private individuals and groups work to influence public decisions as part of the democratic process. Organizations ranging from national issue-oriented groups to local broad-based grass roots groups work to enhance citizen participation. This “bottom up” activity may include advocacy, lobbying, protests, strikes, petition drives, ballot proposals, lawsuits and political campaigning. Citizen activism driven by real community needs and desires can be a powerful transformative force. Our panelists will help us understand how the organizations that they represent aid individuals in understanding ideas about citizenship, politics, government and the issues important to their communities and specific organizations.","Panel: League of Women Voters, Michigan League of Conservation Voters, Detroit Action.","Roddy Wares has been an active member of the League of Women Voters in the Ann Arbor area since 2016. She leads the committee that registered students in almost all of the Washtenaw County high schools as well as WCC for the past three years and also leads the LWVAAA effort to register seniors. Currently she is working with Voting Access for All Coalition.    Lisa Wozniak’s career spans over two decades of environmental and conservation advocacy in the political arena. She is a nationally recognized expert in non-profit growth and management and a leader in Great Lakes protections. Lisa is a three-time graduate from the University of Michigan. Before becoming Executive Director in 2006, Wozniak was a member of the Michigan LCV Board.    Born and raised on Detroit’s East Side, Branden Snyder, executive director of Detroit Action, has been involved in electoral and community organizing projects throughout the U.S. for 10 years. Previously, he was the Deputy Organizing Director in charge of Youth Voting for the Hillary for Michigan 2016 presidential campaign and Director of Organizing for Michigan United.    Karen Bantel, Ph.D., was formerly a professor of business strategy and entrepreneurship at the University of Michigan and Wayne State University, and consulted in those areas for many years. She has facilitated and moderated a number of OLLI offerings."
Fall 2020,special,Election 2020,2020-10-07,10:00-11:00 am,"Safe, Secure and Accessible Elections for All",Jocelyn Benson,Michigan Secretary of State,,"Secretary Benson will discuss the many options voters have to cast their ballots safely this year, and the work to support clerks and voters to ensure all ballots are counted and kept secure.",FREE to the public; co-sponsored by the Alumni Association of University of Michigan.,"Jocelyn Benson is Michigan’s 43rd Secretary of State. In this role she is focused on ensuring elections are secure and accessible, and dramatically improving customer experiences for all who interact with our offices. Benson is the author of State Secretaries of State: Guardians of the Democratic Process, the first major book on the role of the secretary of state in enforcing election and campaign finance laws. A graduate of Harvard Law School and expert on civil rights law, education law and election law, Benson served as dean of Wayne State University Law School in Detroit. When she was appointed dean at age 36, she became the youngest woman in U.S. history to lead a top-100, accredited law school. Prior to her election, she served as CEO of the Ross Initiative in Sports for Equality (RISE)."
Fall 2020,special,Election 2020,2020-10-12,10:00-11:30am,Michigan and Other Battleground States,"Stephen Henderson (moderator), Riley Beggin, and Tim Alberta",,,"Michigan is one of a group of swing states that have had close, competitive races in recent presidential campaigns and down ballot contests. A panel of journalists explores how Michigan and other current battleground states are faring and impacting the 2020 campaigns and election. They will examine what causes battleground states to swing and what effect they have on political parties or candidates’ choices of issues to emphasize.",,"Stephen Henderson is host of Detroit Today on WDET, co-host of One Detroit on Detroit Public Television, project executive for BridgeDetroit and a Pulitzer Prize-winning journalist. A native of Detroit, Henderson is a graduate of University of Detroit High School and the University of Michigan. His resume includes stints at the Detroit Free Press, the Chicago Tribune, the Baltimore Sun, and four years covering the Supreme Court for Knight Ridder’s Washington Bureau.    Riley Beggin is a Capitol reporter covering Michigan politics, including legislative, gubernatorial and other statewide elections. She joined Bridge in January 2018 after working at KPCC, Los Angeles’ NPR member station. She also holds a Master’s Degree in investigative journalism from the University of Missouri.    Tim Alberta is chief political correspondent for POLITICO, where his longer form work is often published in the publication’s magazine. He co-moderated the final Democratic presidential primary debate in 2019 hosted by PBS Newshour and POLITICO. Based in Michigan and tasked with roving widely across battleground states, Alberta writes a regular “Letter to Washington.”"
Fall 2020,special,Election 2020,2020-10-26,10:00-11:30am,A Survivor’s Guide to Election 2020,Robert Yoon,"UM Visiting Professor and Associate Director, Knight-Wallace Fellowship for Journalists",University of Michigan,"Presidential election years are known for their dramatic twists and turns, but 2020 takes the cake. This year, the race for the White House has been completely redefined by a pandemic that has upended every aspect of daily life, and a widespread social movement that has forced a national conversation on race and justice. As a result, candidates as well as the news media have had to adapt to an ever-evolving landscape. As the campaign enters its final week, we’ll explore how the extraordinary events of 2020 have shaped the presidential campaign thus far and identify what to watch for on Election Night.",,"Robert Yoon is a visiting professor of journalism and the associate director of the Knight-Wallace Fellowship for Journalists at the University of Michigan, as well as a political analyst for Inside Elections. As a journalist, he is covering his sixth presidential campaign cycle and has helped prepare moderators from multiple news organizations for more than 30 presidential debates. As CNN’s Director of Political Research for more than 17 years, his contributions to the network’s election coverage have earned him two Emmy Awards, five total Emmy nominations, a Peabody Award, and a National Headliner Award. In 2016, he was named by Mediaite as one of the most influential people in the news media."
Fall 2020,special,Election 2020,2020-12-09,10:00-11:30am,How Do We Heal the Widening Divide?,"Kevin Deegan-Krause, Vincent Hutchings, and Jennifer Silva",,,"This panel will explore how the US has become so polarized, and discuss our present racial, class, and urban/rural divides and their impact on the election, and our lives generally. With the election behind us when this discussion takes place, the panel will focus on how we return to American ideals, heal, and move forward.","Printed as “Monday, December 9” — December 9, 2020 was a Wednesday; recorded as printed.","Kevin Deegan-Krause is an Associate Professor of Political Science at Wayne State University. He received his undergraduate degree in Economics from Georgetown University in 1990 and his doctorate in Government from the University of Notre Dame in 2000. His latest book is The New Party Challenge: Changing Cycles of Party Birth and Death in Central Europe and Beyond (Oxford University Press, 2020).    Vincent Hutchings is the Hanes Walton Jr. Collegiate Professor of Political Science at UM and a Research Professor at the UM Institute for Social Research. His research examines the ways in which political campaigns and the media frame information about racial issues.    Jennifer Silva joined the O’Neill School of Public and Environmental Affairs at Indiana University in 2019. Previously, Silva taught sociology at Bucknell University. Silva’s latest book is We’re Still Here: Pain and Politics in the Heart of America (Oxford University Press, 2019)."
Fall 2020,special,The Lasting Impact of COVID-19,2020-09-15,10:00-11:30am,Health Perspectives on COVID-19,"Preeti N. Malani, Joy Ensor, and Jimena Loveluck",,,Three “essential” medical professionals share their unique observations and experiences about caring for Covid-19 patients.,,"Preeti N. Malani, M.D., MSJ, as chief health officer, serves as an adviser to the President on matters of health and well-being of the university community. Dr. Malani is a graduate of UM. She received her MD degree from Wayne State University School of Medicine. She is the director of the National Poll on Healthy Aging and an Associate Editor of the Journal of the American Medical Association (JAMA).    Joy Wolfe Ensor, Ph.D., is a licensed psychologist whose career has included public sector service, private practice, and adjunct faculty appointments at Wayne State and Eastern Michigan Universities. Dr. Ensor is a Fellow of the Michigan Psychological Association, received its Distinguished Psychologist Award in 2017, and is currently serving as its President.    Jimena Loveluck is the health officer of the Washtenaw County Health Department where she has served since 2017. She has a Master’s Degree focused in Social Work; Community Organization/Social Policy and Planning from Boston College. Loveluck is the first Latinx and first bilingual health officer for Washtenaw County."
Fall 2020,special,The Lasting Impact of COVID-19,2020-10-20,10:00-11:30am,Mitigating the Impact of COVID-19 on Underserved Communities: Lessons Learned from Flint and Implications for Reducing Health Disparities Beyond the COVID-19 Pandemic,Debra Furr-Holden and Lawrence Reynolds,,,"There have been tremendous racial, ethnic, economic, and geographic disparities in COVID-19 cases and outcomes. There are multiple causes of health disparities that pre-dated COVID-19 that have been amplified during the pandemic. We have learned multiple lessons in Flint to better understand the sources of health disparities and strategies to prevent and reduce the inequitable impact of COVID-19 on socially vulnerable communities. These lessons provide valuable insights on longer-term strategies to address health inequities beyond COVID-19.",,"Debra Furr-Holden, Ph.D., is the Associate Dean for Public Health Integration and Director of the Flint Center for Health Equity Solutions and MSU Co-Director of the Healthy Flint Research Coordinating Center. She is an epidemiologist and classically trained public health professional with expertise in drug and alcohol dependence epidemiology, psychiatric epidemiology, and prevention science.    Lawrence Reynolds, M.D., a pediatrician for 41 years, has been deeply involved in health and health advocacy, especially for underserved parts of the Flint community, for most of his career. He was president and CEO of the Mott Children’s Health Center. During the Flint water crisis, he was a member of then-Gov. Rick Snyder’s Flint Water Advisory Task Force. He is a graduate of Howard University College of Medicine."
Fall 2020,special,The Lasting Impact of COVID-19,2020-11-17,10:00-11:30am,"Pandemic Update: Vaccines, Testing and Treatments",Dr. Emily Toth Martin,"Faculty of Epidemiology, School of Public Health",University of Michigan,"In her follow-up to her talk to OLLI in May, Dr. Martin will explore what we’ve learned during the first nine months of the COVID-19 epidemic and how recent scientific advances have impacted the vaccine and antiviral landscape.",,"Dr. Emily Toth Martin is on the faculty of Epidemiology at the University of Michigan School of Public Health. Her research focuses on building a greater understanding of the epidemiology of viral respiratory diseases (including RSV, bocavirus, and influenza) through the use of molecular epidemiology. In particular, her work aims to identify strategies to reduce infections, particularly in individuals with chronic comorbidities and in hospital infectious environments (including MRSA / VRE coinfection)."
Fall 2020,special,The Lasting Impact of COVID-19,2020-12-15,10:00-11:30am,Joy in the Time of COVID-19,"Victor J. Strecher, Ph.D., MPH","Professor, Health Behavior & Health Education",University of Michigan,"This presentation will cover purpose in life, posttraumatic growth during and after our experience with COVID-19 and positive consequences from this pandemic.",,"An innovative teacher and researcher, in 1995 Professor Victor Strecher founded the UM Center for Health Communications Research, studying the future of digitally tailored health communications when fewer than 15% of Americans had Internet access. He’s also an entrepreneur, founding HealthMedia, a digital health coaching company that was sold to Johnson & Johnson in 2010. More recently, he created Kumanu, a digital platform designed to help individuals and organizations live more purposefully. In 2010, he won the University of Michigan’s Distinguished Innovator Award."
Winter/Spring 2021,tuesday-distinguished,Distinguished Lecture Series,2021-02-09,10:00-11:30am,How to Win the Game… and Keep Winning,John Branch,Co-Director of the Yaffe Digital Media Initiative,University of Michigan,"It seems ironic that in a business which is increasingly competitive, most managers fail to appreciate the basic nature of competition. And more important they do not know how to win the game ……. Or keep on winning. The purpose of this presentation is therefore to explore the nature of competition, and thereby the methods to win the game ….and keep on winning.",All Winter/Spring 2021 programs offered online (COVID-19).,"John Branch currently teaches a variety of marketing and international business courses at the undergraduate, MBA and executive levels at the Stephen M. Ross School of Business at the University of Michigan and serves as Co-Director of the Yaffe Digital Media Initiative. Previously he was Academic Director of the School’s weekend and evening MBA programs. In addition, he serves as Director of Educational Outreach at the University’s William Davidson Institute. He also holds an appointment at the University’s Center for Russian, East European and Eurasian studies."
Winter/Spring 2021,tuesday-distinguished,Distinguished Lecture Series,2021-03-09,10:00-11:30am,The Political Power of Optimism,Sandra R. Levitsky,Arthur F. Thurnau Professor and Associate Professor of Sociology,University of Michigan,We are in a historical moment when longstanding social problems have taken on new urgency. The Black Lives movement and the MeToo movement emerged out of decade-long frustrations with the persistence of deep racial and gender inequalities. How do we understand the political possibilities for overcoming durable forms of social inequalities? The talk draws on core ideas from sociology to consider the political power of optimism and voice in driving social reform efforts.,,"Sandra R. Levitsky is an Arthur F. Thurnau Professor and Associate Professor of Sociology. She holds a Ph.D. in Sociology from the University of Wisconsin and a J.D. from the University of Minnesota. Her research focuses on American social policy, political mobilization, and relationship between law and social change. Her book, Caring for our Own: Why There is No Political Demand for New American Social Welfare Rights, examines the politics of long-term care. Her current research examines the changing legal environment around Title IX and campus sexual assault."
Winter/Spring 2021,tuesday-distinguished,Distinguished Lecture Series,2021-04-13,10:00-11:30am,What the First Amendment Really Means,Don Herzog,Edson R. Sunderland Professor of Law,University of Michigan,"The First Amendment protects several basic liberties - freedom of religion, speech, press, petition, and assembly. Speaker will address some popular misconceptions about the First Amendment - both the speech and religion clauses - and then examine some high profile disputes.",,"He is the Edson R. Sunderland Professor of Law. His main teaching interests are political, moral, legal, and social theory; constitutional interpretation; torts and the First Amendment. Professor Herzog holds an AB from Cornell University and PhD from Harvard University. He joined the Political Science Department at the University of Michigan in 1983 and holds a joint appointment in that department and the Law School. In 2011 Professor Herzog was selected by the U of M student body to receive its coveted Golden Apple. He is the first law professor to receive a Golden Apple in the Award’s 20-year history."
Winter/Spring 2021,tuesday-distinguished,Distinguished Lecture Series,2021-05-11,10:00-11:30am,The Economy: How Long Will It Take to Recover in Light of COVID-19 Pandemic?,Betsey Stevenson,Professor of Public Policy and Economics,University of Michigan,"After more than half century of progress, the COVID-19 pandemic has shifted the women’s labor force participation back to many decades as they grapple with job loss and child care loss. Will this permanently set women back? How long will this take for the economy to recover? Professor Stevenson will cover the current state of the macro economy with a focus on how the pandemic and government policy responses have affected the labor market and the shape of the economic recovery.",,"Betsey Stevenson is a professor of public policy and economics at the University of Michigan. She is a faculty research associate at the National Bureau of Economic Research, a visiting associate professor of Economics at the University of Sydney, a research fellow of the Centre for Economic Research, a fellow of the IFO Institute for Economic Research in Munich, and serves on the executive committee of the American Economic Association. She served as a member of the Council of Economic Advisors from 2013 to 2015, where she advised the Obama Administration on social policy, labor market, and trade issues. She served as the chief economist of the U.S. Department of Labor from 2010 to 2011. Dr Stevenson earned a B.A. in economics and mathematics from Wellesley College and an M.A. and Ph.D. in economics from Harvard University."
Winter/Spring 2021,tuesday-distinguished,Distinguished Lecture Series,2021-06-08,10:00-11:30am,Sovereignty Sharing in Fragile States,John D. Ciorciari,"Associate Professor of Public Policy; Director of the Weiser Diplomacy Center and International Policy Center, Gerald R. Ford School of Public Policy",University of Michigan,"In many parts of the world, countries emerging from conflict suffer from grave deficits in the rule of law. Weak courts, police, and anticorruption mechanism allow insecurity, graft and impunity to fester. In some extraordinary cases, the United Nations and other international actors have partnered with national governments, sharing sovereign authority over key functions to bolster the rule of law. This talk will discuss the power and pitfalls of sharing sovereignty, drawing examples in West Africa, the Middle East, Southeast Asia, and Central America.",,"John D. Ciorciari is an Associate professor of Public Policy and Director of the Ford School’s Weiser Diplomacy Center and International Policy Center at the Gerald R. Ford School of Public Policy, University of Michigan. His research focuses on international law and politics in the Global South. He is the author or editor of several books on international politics and law, including a new book entitled “Sovereignty Sharing in Fragile States”. He received his AB and JD from Harvard University, his DPhil and Fulbright Scholar from University of Oxford."
Winter/Spring 2021,special,It’s Been a (COVID-19) Year: Where Are We and Where Are We Headed?,2021-01-19,10:00-11:30 AM,"Covid-19 Health Update: Trends, Treatment and Vaccines",Emily Toth Martin and Lona Mody,,University of Michigan,"UM Epidemiologist Emily Toth Martin and UM Infectious Disease Physician Lona Mody will explore the latest updates in Covid-19 on campus, in Ann Arbor and across the state; treatment successes and challenges; and vaccine outlook.",,"Dr. Emily Toth Martin, PhD, MPH, is on the faculty of Epidemiology at the UM School of Public Health. Her research focuses on building a greater understanding of the epidemiology of viral respiratory diseases (including RSV, bocavirus and influenza) through the use of molecular epidemiology.    Lona Mody, MD, is one of very few internists in this country with an expertise in aging populations, epidemiology, an active research laboratory in microbiology and a translational research agenda focused on vulnerable aging population. Her NIH and AHRQ funded work has created a thriving consortium of post-acute and long-term care facilities in SE Michigan interested in developing interventions to enhance infection prevention in a traditionally resource poor setting."
Winter/Spring 2021,special,It’s Been a (COVID-19) Year: Where Are We and Where Are We Headed?,2021-02-16,10:00-11:30 AM,Mental Health Perspectives During the COVID-19 Pandemic,Sheria Robinson-Lane and Sheila Marcus,,University of Michigan,"As the pandemic continues without a specific end in sight, many of us here and around the world continue to struggle emotionally. Two experts will shed light on how those struggles are manifesting themselves today and what we can anticipate in the mental health realm going forward. Dr. Sheria Robinson-Lane will focus on pandemic impacts in older adults. Dr. Sheila Marcus will speak to mental health implications of the pandemic on adults and children as well as strategies for managing associated ongoing stress.",,"Sheria Robinson-Lane, PhD, RN, is a gerontologist with expertise in palliative care, long-term care, and nursing administration. She has focused her career on the care and support of older adults with cognitive and/or functional disabilities. Her research is focused on reducing health disparities for minority older adults with cognitive impairments and their informal caregivers.    Sheila M. Marcus, MD, is a Clinical Professor in the UM Department of Psychiatry and Division head of Child and Adolescent Psychiatry. She leads a statewide program MC3 which assists primary care providers throughout the state in caring for individuals with mental health concerns."
Winter/Spring 2021,special,It’s Been a (COVID-19) Year: Where Are We and Where Are We Headed?,2021-03-16,10:00-11:30 AM,Business in the Time of COVID: Current Challenges and Future Perspective,"Paula Gardner, Mike Gustafson, and Grace Singleton",,,"Although some businesses and organizations have thrived and flourished during Covid-19, many more have suffered financially with their owners and employees being impacted both psychologically and personally. The panel will bring to light the challenges and pressures faced by small businesses in our community -- and the country as a whole -- and what the future may hold.",,"Paula Gardner joined Bridge Magazine as its first business editor in April 2020. Her career includes several years at MLive.com, where she was editor of The Ann Arbor News, statewide business reporter and part of an award-winning environmental coverage team. Among her honors is an award naming her Michigan’s Journalist of the Year in 2019 from the Michigan Press Association.    Mike Gustafson is the co-owner of Literati Bookstore in Ann Arbor. Literati, which opened in 2013, is a full-service, general interest bookstore. In 2019, Literati was honored as the 2019 Publishers Weekly Bookstore of the Year. Mike is also the co-editor of the 2019 Michigan Notable Book, Notes from a Public Typewriter.    Grace Singleton has been a managing partner of Zingerman’s Delicatessen since 2002. She serves as the Board President of Kerrytown District Association. She has over 30 years of experience working with food, which includes working as a chef, wine buyer, dining room manager, general manager, and specialty food buyer."
Winter/Spring 2021,special,It’s Been a (COVID-19) Year: Where Are We and Where Are We Headed?,2021-04-20,10:00-11:30 AM,COVID-19 Pandemic Impacts on the Environment and Climate,Chris Poulsen,"Associate Dean for Natural Sciences, College of LSA; Henry Pollack Collegiate Professor of Earth & Environmental Sciences and Climate & Space Sciences and Engineering",University of Michigan,"The COVID-19 pandemic, by slowing economic activity, has led to significant reductions in industrial emissions, leading to cleaner air and water and an unprecedented decline in carbon emissions. This talk will describe impacts of the pandemic on different aspects of the environment and climate, and discuss how to extend these short term benefits beyond the life of the pandemic.",,"Chris Poulsen is associate dean for natural sciences for the UM College of LSA, and is the Henry Pollack Collegiate Professor of Earth & Environmental sciences and Climate & Space Sciences and Engineering. Professor Poulsen is a climate scientist, whose research interests include past and future climate change, climate dynamics, and hydrological cycling. He received his BA in geology from Carleton College and a PhD in Geosciences from the Pennsylvania State University."
Winter/Spring 2021,special,It’s Been a (COVID-19) Year: Where Are We and Where Are We Headed?,2021-05-18,10:00-11:30 AM,"Shelter in Place: How the Pandemic is Changing our Cities, Neighborhoods and Homes",Kit Krankel McCullough,"Architectural and urban designer; faculty member, Taubman College of Architecture and Urban Planning",University of Michigan,"Many of us are thinking about how the pandemic will impact our lives going forward. This includes architects and designers who are imagining the changes that the pandemic will bring to urban spaces, neighborhoods, and homes. Kit Krankel McCullough will discuss some of the ways our surroundings are adapting to post-pandemic life and provide us with an inside look at what might be in our not-so-distant future.",,"Through her urban design practice and teaching, Ms. McCullough advocates for equitable and socially just development, healthy and sustainable environments, strong communities, and cities that promote well-being and happiness. At UM, she teaches design studios on housing and neighborhood development, seminars on transportation and urban economics, and a popular lecture course on real estate development for architects and planners. She received her Bachelor of Architecture from the University of Texas at Austin and her Master of Architecture in Urban Design from Harvard University."
Winter/Spring 2021,special,Medical Ethics 101,2021-02-03,10:00 am - 11:30 am,History of Clinical Ethics and Ethics; Epidemics; and Clinical Ethics in the Time of Crisis,"Christian Vercler, M.D.",,University of Michigan,"Medical Ethics 101 is a three-lecture series, as the name implies, covering the fundamentals of the field. This information is vital for normal times but is particularly valuable at a time such as the current with the COVID19 pandemic in full force. All of our three faculty members are members of the faculty of the University of Michigan Medical School and two of them are physicians with active medical practices as well as duties as medical ethics consultants. The third, Ed Goldman, is an attorney whose whole career has been engagement in healthcare legal affairs.","Lecture #1 of 3. Per-lecture entries print title, date, and faculty only; the description is shared from the series introduction.",
Winter/Spring 2021,special,Medical Ethics 101,2021-02-10,10:00 am - 11:30 am,Ethics at the End of Life: Principles and Case Discussions; and The Interplay between Medical Ethics and Evolving Medical Science,"Adam Marks, M.D.",,University of Michigan,"Medical Ethics 101 is a three-lecture series, as the name implies, covering the fundamentals of the field. This information is vital for normal times but is particularly valuable at a time such as the current with the COVID19 pandemic in full force. All of our three faculty members are members of the faculty of the University of Michigan Medical School and two of them are physicians with active medical practices as well as duties as medical ethics consultants. The third, Ed Goldman, is an attorney whose whole career has been engagement in healthcare legal affairs.","Lecture #2 of 3. Per-lecture entries print title, date, and faculty only; the description is shared from the series introduction.",
Winter/Spring 2021,special,Medical Ethics 101,2021-02-17,10:00 am - 11:30 am,Key Legal Cases in Medical Ethics; and Ethics of Human Research,"Edward Goldman, J.D.",,University of Michigan,"Medical Ethics 101 is a three-lecture series, as the name implies, covering the fundamentals of the field. This information is vital for normal times but is particularly valuable at a time such as the current with the COVID19 pandemic in full force. All of our three faculty members are members of the faculty of the University of Michigan Medical School and two of them are physicians with active medical practices as well as duties as medical ethics consultants. The third, Ed Goldman, is an attorney whose whole career has been engagement in healthcare legal affairs.","Lecture #3 of 3. Per-lecture entries print title, date, and faculty only; the description is shared from the series introduction.",
Fall 2022,tuesday-distinguished,Distinguished Lecture Series,2022-09-13,10:00 - 11:30am,Taming Corporate Power in the 21st Century,Professor Gerald F. Davis,Professor of Business Administration and Professor of Sociology,University of Michigan,"There is broad consensus in the US that monopolistic corporations have grown too powerful and that we need to revive antitrust to take on the “curse of bigness.” But information and communication technologies have fundamentally altered the operations of our economy in ways that undermine the basic categories we use to understand it. Nationality, industry, firm, size, employee, and other fundamental terms are increasingly perplexing. If we want to understand and tame the new sources of economic power, we need a new diagnosis and a new set of tools.",,"Jerry Davis received his PhD from Stanford and taught at Northwestern and Columbia before moving to the University of Michigan, where he is Gilbert and Ruth Whitaker Professor of Business Administration and Professor of Sociology. His books include Social Movements and Organization Theory (2005); Organizations and Organizing (2007); Managed by the Markets: How Finance Reshaped America (2009); Changing your Company from the Inside Out: A Guide for Social Intrapreneurs (2015); The Vanishing American Corporation (2016); and Taming Corporate Power in the 21st Century (2022)."
Fall 2022,tuesday-distinguished,Distinguished Lecture Series,2022-10-11,10:00 - 11:30am,Finding Catholics In Early America: Lessons From the Archives,Professor Susan Juster,Rhys Isaac Collegiate Professor,University of Michigan,"How do we find people in the past who don’t want to be found? Catholicism in post-Reformation England was a fugitive faith. In the century before the first colonial settlements were established in North America. In the early 1600s, English Catholics had lived a twilight existence, scarcely visible in the archives. Their faith was driven underground, their priests were hunted down and executed, their children taken away from them, and their dead denied Christian burial. Men and women who adhered to the old faith learned to live in the shadows. This talk explores some of the evidence available to historians who seek to understand the world colonial Catholics made for themselves, drawing examples from both textual and material sources.",A lecture with this title also appears in the Winter/Spring 2023 catalog dated 2023-02-14; both kept as printed.,"Susan Juster, The Rhys Isaac Collegiate Professor of History, received her Ph.D from the University of Michigan in 1990. She works on early American cultural history, with a focus on religion in a transatlantic context. Her publications include Sacred Violence in Early America (2016), Doomsayers, Anglo-American Prophecy in the Age of Revolution (2003), and Disorderly Women, Sexual Politics and Evangelicalism in Revolutionary New England (1994). She is currently working on a study of the material and ritual lives of English Catholics in the North American and Caribbean colonies from the early 17th through the mid 18th century."
Fall 2022,tuesday-distinguished,Distinguished Lecture Series,2022-11-11,10:00 - 11:30am,"What Happened on November 8, 2022",Professor Michael Traugott,"Research Professor, Center for Political Studies; Professor, Communication Studies; Adjunct Professor, Department of Political Science",University of Michigan,"Professor Traugott will summarize the results, the key voting patterns and voter rationale for the recent (11/8/2022) U.S. midterm elections.","Printed as “Tuesday, November 11” — November 11, 2022 was a Friday (the second-Tuesday convention suggests November 15, after the 11/8 midterms); recorded as printed.","Michael Traugott is a political scientist who studies campaigns and elections, voting behavior, political communication, the use of polls to construct news, and survey methodology. He has published extensively in all of these areas. He is active in the American Association for Public Opinion Research (AAPOR) and the World Association for Public Opinion Research (WAPOR), serving as president of both organizations. In 2010, he received the AAPOR Award for Exceptionally Distinguished Service. He also served as president of the Midwest Association for Public Opinion Research (MAPOR)."
Fall 2022,tuesday-distinguished,Distinguished Lecture Series,2022-12-13,10:00 - 11:30am,Archaeology and Heritage along the Nile in the Heartland of Ancient Kush,Dr. Geoff Emberling,,University of Michigan,"This talk will outline results of the past 10 years of our project’s work at two sites: the royal pyramid cemetery of the kings and queens of ancient Kush at El-Kurru, and our more recent investigations at the capital city of Jebel Barkal, including discovery of a previously unknown area of the ancient town. It will also describe how our project has worked to collaborate more fully with local communities.",,"Geoff Emberling is an archaeologist and museum curator specializing in the ancient cultures of the Middle East and Northeast Africa. Based in the Kelsey Museum of Archaeology at the University of Michigan, his current archaeological and heritage projects focus on the heartland of ancient Kush (sometimes also known as Nubia), located along the Nile River in northern Sudan. Some of this work has recently been featured in documentaries produced by National Geographic and others."
Fall 2022,tuesday-distinguished,Distinguished Lecture Series,2023-01-10,10:00 - 11:30am,What Should the Work Ethic Mean for Us Today?,Professor Elizabeth Anderson,Max Shaye Professor of Public Philosophy,University of Michigan,"The work ethic was invented by Puritans 400 years ago. From the start, it contained contradictory ideas: one rationalizing the subjection of workers to drudgery for profit; the other honoring workers for advancing human welfare and calling for their dignified and equitable treatment. Both ideas were developed over time, leaving a contradictory legacy for us today. I show how the neglected second work ethic tradition can be revived and updated for 21st-century American workers.",Same lecture also printed in the Winter/Spring 2023 catalog (the golden-set record); both kept as printed in their own editions.,"Elizabeth Anderson is Max Shaye Professor of Public Philosophy at University of Michigan, Ann Arbor. She has taught at UM since 1987, specializing in moral and political philosophy, especially on democratic theory, egalitarianism and its history, and the ethics of work. She is a MacArthur Fellow and designed the Philosophy, Politics, and Economics Program at University of Michigan."
Winter/Spring 2023,tuesday-distinguished,Distinguished Lecture Series,2023-01-10,10:00 - 11:30am,What Should the Work Ethic Mean for Us Today?,Professor Elizabeth Anderson,Max Shaye Professor of Public Philosophy,University of Michigan,"The work ethic was invented by Puritans 400 years ago. From the start, it contained contradictory ideas: one rationalizing the subjection of workers to drudgery for profit; the other honoring workers for advancing human welfare and calling for their dignified and equitable treatment. Both ideas were developed over time, leaving a contradictory legacy for us today. I show how the neglected second work ethic tradition can be revived and updated for 21st-century American workers.",,"Elizabeth Anderson is Max Shaye Professor of Public Philosophy at University of Michigan, Ann Arbor. She has taught at UM since 1987, specializing in moral and political philosophy, especially on democratic theory, egalitarianism and its history, and the ethics of work. She is a MacArthur Fellow and designed the Philosophy, Politics, and Economics Program at University of Michigan."
Winter/Spring 2023,tuesday-distinguished,Distinguished Lecture Series,2023-02-14,10:00 - 11:30am,Finding Catholics In Early America: Lessons From the Archives,Professor Susan Juster,The Rhys Isaac Collegiate Professor of History,University of Michigan,"How do we find people in the past who don't want to be found? Catholicism in post-Reformation England was a fugitive faith. In the century before the first colonial settlements were established in North America. In the early 1600s, English Catholics had lived a twilight existence, scarcely visible in the archives. Their faith was driven underground, their priests were hunted down and executed, their children taken away from them, and their dead denied Christian burial. Men and women who adhered to the old faith learned to live in the shadows. This talk explores some of the evidence available to historians who seek to understand the world colonial Catholics made for themselves, drawing examples from both textual and material sources.",,"Susan Juster, The Rhys Isaac Collegiate Professor of History, received her Ph.D from the University of Michigan in 1990. She works on early American cultural history, with a focus on religion in a transatlantic context. Her publications include Sacred Violence in Early America (2016), Doomsayers, Anglo-American Prophecy in the Age of Revolution (2003), and Disorderly Women, Sexual Politics and Evangelicalism in Revolutionary New England (1994). She is currently working on a study of the material and ritual lives of English Catholics in the North American and Caribbean colonies from the early 17th through the mid 18th century."
Winter/Spring 2023,tuesday-distinguished,Distinguished Lecture Series,2023-03-14,10:00 - 11:30am,Lessons For the Ages: Everything I Needed to Know I learned in Introductory Psychology,Dr. Shelly Schreier,"Neil M. Kalter Collegiate Lecturer IV, Department of Psychology",University of Michigan,This lecture will focus on the relevance of the field of psychology to our understanding of self and the world around us.,,"Dr. Shelly Schreier is the Neil M. Kalter Collegiate Lecturer IV in the Department of Psychology at the University of Michigan. Dr. Schreier teaches several courses, including Introductory Psychology, Social Development, and Psychological Development Through Children’s Literature. Her early research focused on the effects of divorce on children and families. She has been recognized for her teaching with several honors, including UM’s Golden Apple Award in 2013."
Winter/Spring 2023,tuesday-distinguished,Distinguished Lecture Series,2023-04-11,10:00 - 11:30am,Expanding the Science of Firearm Injury Prevention: A Pathway Forward for Reducing Death and Injury in the United States,"Patrick Carter, MD",Associate Professor of Emergency Medicine and Health Behavior & Health Education,University of Michigan,"Dr. Patrick Carter will provide an overview of the public health problem of firearm injury, as well as describe how prevention science can be applied to help reduce and mitigate firearm injuries occurring across the lifespan.",,"Dr. Patrick Carter is an Associate Professor of Emergency Medicine (School of Medicine) and Health Behavior & Health Education (School of Public Health) at the University of Michigan. He is also the Director of the CDC-funded University of Michigan Injury Prevention Center and part of the leadership team for the NICHD-funded Firearm Safety among Children and Teens (FACTS) Consortium. Dr. Carter’s research is within the field of firearm injury prevention, specifically the development, testing, and implementation of emergency department (ED)-based interventions to decrease firearm violence, youth violence, and associated risk behaviors such as substance use among high-risk urban youth populations."
Winter/Spring 2023,tuesday-distinguished,Distinguished Lecture Series,2023-05-09,10:00 - 11:30am,The Other Gasses: The Politics of Short-Lived Climate Pollutants,Professor Barry Rabe,"J. Ira and Nicki Harris Family Professor of Public Policy, Gerald Ford School of Public Policy",University of Michigan,"Carbon dioxide dominates most discussions of climate change, a powerful greenhouse gas that remains potent in the atmosphere for long periods. However, its capacity for warming is compounded by a series of short-lived climate pollutants, such as methane, hydrofluorocarbons (HFCs), and black carbon. These contaminants do not last nearly as long in the atmosphere as carbon but have a far more intensive short-term impact. This presentation will examine the politics of reducing these gases, with a particular focus on methane and HFCs. It will examine major policy advances in the case of HFCs, including bipartisan legislation in the United States and a robust global regulatory system, in contrast with other short-lived climate pollutants.",,"Barry Rabe is the J. Ira and Nicki Harris Family Professor of Public Policy at the Gerald Ford School of Public Policy and the Arthur Thurnau Professor of Environmental Policy at the University of Michigan. He is also a non-resident senior fellow at the Brookings Institution and is an elected fellow of the National Academy of Public Administration. Rabe is a political scientist who examines the political feasibility of adopting and implementing environmental, energy and climate policies in federal systems such as the United States and Canada. His most recent books examine the politics of putting a price on carbon emissions and the limitations of climate policy reliant on executive branch action rather than legislation."
Winter/Spring 2023,tuesday-distinguished,Distinguished Lecture Series,2023-06-13,10:00 - 11:30am,Migration: The Complicated History of the United States,Professor Saeed Khan,"Associate Professor, Classical/Modern Lang/Culture Dept",Wayne State University,This lecture will explore the complex and often politicized history of migration and the United States. It will also locate this history within the broader discussions and debates about migration globally over the past decade.,,"Saeed A. Khan is an Associate Professor in the Classical/Modern Lang/Culture Dept at Wayne State University. He teaches Islamic and Middle East History, Politics and Culture and where he is also a Fellow at the Center for the Study of Citizenship. His primary area of research is the identity politics of Muslim Diaspora communities in the US, UK, and Europe. He is also Adjunct Professor of Islamic Studies at the University of Detroit-Mercy and at Rochester College, a panelist on CBC’s Turning Point and contributor to Detroit Today on Detroit Public Radio."
Fall 2023,tuesday-distinguished,Alfred Gourdji Distinguished Lecture Series,2023-10-10,10:00 - 11:30 am,Promoting Social Growth and Understanding Through Music,Matthew VanBesien,UMS President,University of Michigan,"Matthew VanBesien, President of the University Musical Society at the University of Michigan, and former President of the New York Philharmonic, will give a talk about the arts today in America, where we've been, how we're adapting to an ever-changing landscape, and the opportunities and challenges that lie ahead. Artists and arts organizations today face incredible volatility and uncertainty, but are finding creative and exciting ways to lean into the moment. Matthew will talk about ways the arts are striving to become an even more vital part of society today, and will look forward to an interactive Q&A portion that engages participants in a discussion about the state of the arts in our country.",Sponsored by University of Michigan Health Advantage.,"Matthew VanBesien has served as the president of the University Musical Society since 2017, becoming only the seventh president in UMS’s 144-year history. Before his role in Michigan, Matthew served as Executive Director and then President of the New York Philharmonic from 2012-2017. He served as Managing Director of the Melbourne Symphony Orchestra from 2010-2012, following positions at the Houston Symphony as Executive Director/CEO, and General Manager, from 2002-2009. A native of St. Louis, Missouri, Mr. VanBesien earned a Bachelor of Music degree in French horn performance from Indiana University and was the recipient of an Honorary Doctor of Musical Arts degree from Manhattan School of Music. He serves as the Secretary and Treasurer on the Board of the International Society for the Performing Arts, and as an Executive Committee member of the University of Michigan’s Presidential Arts Initiative."
Fall 2023,tuesday-distinguished,Alfred Gourdji Distinguished Lecture Series,2023-11-14,10:00 - 11:30am,The Transition to Renewable Energy: Truths and Consequences,Professor Adam Simon,"Arthur F. Thurnau Professor of Earth & Environmental Sciences; Faculty Director, Michigan Research & Discovery Scholars (MRADS) Living Learning Community",University of Michigan,"The green energy transition requires significantly increasing the extraction of resources including cobalt, copper, graphite, lithium, nickel, and many others to build battery electric vehicles, photovoltaic solar, wind turbines, and grid-scale battery storage. Where do these resources come from? Will they be available on the timescale we need? What are the economic, environmental and sociopolitical implications? Please join me for a presentation where I answer these questions and more.",,Adam C. Simon is Arthur F. Thurnau Professor of Earth & Environmental Sciences at the University of Michigan and the Faculty Director for the Michigan Research & Discovery Scholars (MRADS) Living Learning Community. His scholarly work focuses on the global flow of energy and mineral resources with an emphasis on the geologic availability of energy critical metals.
Fall 2023,tuesday-distinguished,Alfred Gourdji Distinguished Lecture Series,2023-12-12,10:00 - 11:30am,Artificial Intelligence: The Landscape of Promise and Peril,Deb Mukherjee,Retired IT professional; leads AI study groups and AI forums at OLLI,,"In this lecture, Deb Mukherjee will strive to unravel the complex world of Artificial Intelligence, shedding light on its vast possibilities and inherent threats. Designed for both the informed and the curious, this lecture will aim to provide a balanced understanding of AI's transformative and disruptive potential and the ethical quandaries facing humanity. Expect an engaging exploration that brings clarity to this important and ever-evolving topic.",,Deb Mukherjee is a retired IT professional with some (archaic) work experience in the field of AI. For the past two years Deb has been leading AI study groups and AI forums at OLLI.
Fall 2023,tuesday-distinguished,Alfred Gourdji Distinguished Lecture Series,2024-01-09,10:00 - 11:30am,What's Wrong with the Banks (and with Their Regulation)?,Professor Jim Adams,"Shorey Peterson Professor of Industrial Organization and Corporate Finance; Arthur F. Thurnau Professor of Economics, School of Literature, Science, and the Arts",University of Michigan,Turbulence in the U.S. financial sector is as old as the U.S. itself. What causes this seemingly systemic instability? What has the government done about it? What should be done about it? Let's talk about it!,January 2024 lecture printed in the Fall 2023 edition.,"William J. (Jim) Adams is Shorey Peterson Professor of Industrial Organization and Corporate Finance, and Arthur F. Thurnau Professor of Economics, at UM’s School of Literature, Science, and the Arts. His research has ranged broadly, from public policies toward business in the United States to economic integration in Europe. His monograph, Restructuring the French Economy: Government and the Rise of Market Competition since World War II, is used by economists, historians, and political scientists on both sides of the Atlantic. Adams has advised the Federal Trade Commission, the U.S. Ambassador to France, and several foreign policy departments of the U.S. government. He’s a winner of the UM’s Golden Apple award for teaching."
Winter 2024,special,Zekelman Holocaust Center's Special Lecture Series,2024-01-11,2:00 - 3:30pm,The Holocaust in the Context of World War II,,,Zekelman Holocaust Center,"World War II shaped the Holocaust during its most lethal years. This presentation focuses on how the war impacted the pace, intensity and reach of the Holocaust, following the frontlines of the war in Europe. Drawing from survivor stories and artifacts, participants will explore the role of military personnel as both perpetrators and rescuers and the impact of their choices. Highlighting testimonies from Jewish military veterans of WWII shows another dimension of armed resistance to Nazi oppression.",Online only; facilitated by Zekelman Holocaust Center Education Department staff (individual presenter not named).,
Winter 2024,special,Zekelman Holocaust Center's Special Lecture Series,2024-02-08,2:00 - 3:30pm,Escaping Genocide: Jewish Refugees and Immigration During the Holocaust,,,Zekelman Holocaust Center,"During the Holocaust, thousands of Jewish refugees attempted to flee from Nazi-occupied Europe and find freedom and safety across borders. Their journeys were often made extremely difficult by political and practical obstacles. Learn more about the Holocaust survivors who immigrated to Michigan to build their lives after the war and about the upstanders who helped refugees escape.",Online only; facilitated by Zekelman Holocaust Center Education Department staff (individual presenter not named).,
Winter 2024,special,Zekelman Holocaust Center's Special Lecture Series,2024-03-14,2:00 - 3:30pm,Women's Experiences During the Holocaust,,,Zekelman Holocaust Center,"The Holocaust was not gender neutral. Women experienced the Holocaust as women and were targeted differently as women. This presentation explores women's experiences under Nazi control, focusing on Jewish victims and survivors of the Holocaust as well as women who risked their lives to resist hatred and help others during one of the darkest times in human history. Centering the experiences of women provides a more nuanced understanding of the Holocaust and its impact.",Online only; facilitated by Zekelman Holocaust Center Education Department staff (individual presenter not named).,
Winter 2024,special,Zekelman Holocaust Center's Special Lecture Series,2024-04-11,2:00 - 3:30pm,Policing and the Holocaust,,,Zekelman Holocaust Center,"During the Holocaust, police forces in Germany and occupied countries were often ordered to conduct round-ups and violence against the Jewish community. Many obeyed the orders, but some heroically chose to defy them. This session focuses on the choices made by people in uniform to either commit or resist hate-based violence during the Holocaust, examining the factors that led some people to stray from their mission to protect and serve.",Online only; facilitated by Zekelman Holocaust Center Education Department staff (individual presenter not named).,
Winter 2024,special,Zekelman Holocaust Center's Special Lecture Series,2024-05-09,2:00 - 3:30pm,Returning to Life After the Holocaust,,,Zekelman Holocaust Center,"The Holocaust was a catastrophic event. After this unthinkable horror, life did not immediately go back to normal. This presentation will address an overview of the Holocaust, while also talking about what happened after liberation and the lives that survivors went on to build. Using artifacts and testimony from survivors in our community here in Michigan, we will discuss the ongoing process of returning to life after the Holocaust and the importance from their personal stories.",Online only; facilitated by Zekelman Holocaust Center Education Department staff (individual presenter not named).,
Winter 2024,special,Zekelman Holocaust Center's Special Lecture Series,2024-06-20,2:00 - 3:30pm,Anti Semitism Since the Holocaust,,,Zekelman Holocaust Center,Antisemitism did not begin or end with the Holocaust and it continues to persist today. This program addresses how to recognize antisemitism and how to stand up to it in our communities. This presentation will analyze contemporary manifestations of antisemitism and the scope and scale of antisemitism. This presentation will identify actions we can take in our own lives to recognize and actively respond to antisemitism and other forms of hate.,Online only; facilitated by Zekelman Holocaust Center Education Department staff (individual presenter not named).,
Winter 2024,special,Virtual Art Tours,2024-01-16,10:00am,Art Tour: Virtual Trip to the Museum of Modern Art in New York,Julie Averbach,"Virtual tour guide, smARTee",,"Explore works by Van Gogh, Warhol, & more!",Virtual tour.,"Julie Averbach recently graduated from Yale University with a double major in History of Art and Psychology. Julie leads smARTee, a virtual arts enrichment program expanding museum access amid the COVID-19 pandemic. Website: www.smartee.biz"
Winter 2024,special,Virtual Art Tours,2024-01-23,10:00am,Art Tour: Virtual Trip to the Metropolitan Museum of Art in New York,Julie Averbach,"Virtual tour guide, smARTee",,"Explore works by Renoir, Michelangelo, & more!",Virtual tour.,"Julie Averbach recently graduated from Yale University with a double major in History of Art and Psychology. Julie leads smARTee, a virtual arts enrichment program expanding museum access amid the COVID-19 pandemic. Website: www.smartee.biz"
Winter 2024,special,Virtual Art Tours,2024-01-30,10:00am,Art Tour: Virtual Trip to the Art Institute of Chicago,Julie Averbach,"Virtual tour guide, smARTee",,Explore iconic American artworks.,Virtual tour.,"Julie Averbach recently graduated from Yale University with a double major in History of Art and Psychology. Julie leads smARTee, a virtual arts enrichment program expanding museum access amid the COVID-19 pandemic. Website: www.smartee.biz"
Winter 2024,special,Virtual Art Tours,2024-02-06,10:00am,Art Tour: Parisian Art of the Belle Époque,Julie Averbach,"Virtual tour guide, smARTee",,"Explore Impressionist art, the Eiffel Tower, & more!",Virtual tour.,"Julie Averbach recently graduated from Yale University with a double major in History of Art and Psychology. Julie leads smARTee, a virtual arts enrichment program expanding museum access amid the COVID-19 pandemic. Website: www.smartee.biz"
Winter 2024,tuesday-distinguished,Alfred Gourdji Distinguished Lecture Series,2024-02-13,10:00 - 11:30 am,Contested Terrain of Critical Race Theory,Professor Ronald C. Woods,Formerly first head (and until recently interim head) of the Department of African American Studies at EMU,Eastern Michigan University,"The presentation will situate this hotly debated, often mischaracterized subject, into a broader stream of cultural and political discourse involving race in America.",Jointly planned with OLLI-UM's DEI Committee.,"Professor Woods formerly served as the first head of the department of African American studies at EMU and, until recently, interim department head. He has also served as the Michael O. Sawyer visiting professor of constitutional law and politics at the Maxwell School of Citizenship and Public Affairs, Syracuse University and as a legal services attorney in Cincinnati, Ohio. Professor Woods previously was an interim president of the Michigan Council of Black Studies and has been a consultant to school systems on various aspects of desegregation and diversity enhancement. He is on the board of directors of the African American Culture and Historical Museum of Washtenaw County, and is a consultant to the Charles H. Wright Museum of African American History in Detroit. From 2002–2004, Professor Woods was the director of the Eastern Michigan Institute for the Study of Children, Families and Communities. A member of the board of directors of Wittenberg University, he has lectured internationally and has published articles on refugee policy in the horn of Africa and on African American vernacular English."
Winter 2024,tuesday-distinguished,Alfred Gourdji Distinguished Lecture Series,2024-03-11,5:00 - 8:00 pm,"Special Film Event: An Evening with Professor Robert Putnam, and the Documentary Film About His Work",Prof. Robert D. Putnam,Professor of Public Policy,Harvard University,"Professor Robert D. Putnam will host a showing of the documentary about his research, ""Join or Die,"" and answer questions afterward. The film, ""Join or Die"": In this feature documentary, follow the half-century story of America's civic unraveling through the journey of legendary social scientist Robert Putnam, whose groundbreaking ""Bowling Alone"" research into America's decades-long decline in community connections could hold the answers to our democracy's present crisis. Flanked by influential fans and scholars — from Hillary Clinton, Pete Buttigieg, and Surgeon General Vivek Murthy to Eddie Glaude Jr., Raj Chetty, and Priya Parker — as well as inspiring groups building community in neighborhoods across the country, join Professor Putnam as he explores three urgent civic questions: What makes democracy work? Why is American democracy in crisis? And, most importantly… What can we do about it?",Monday evening special film event; cost $12 extra; in-person only.,"Putnam is Professor of Public Policy at Harvard University. A member of the National Academy of Sciences and the British Academy, he received the Skytte Prize, the world’s highest accolade for a political scientist, and the National Humanities Medal, America’s highest honor in the humanities. He has written fifteen books, translated into twenty languages, including Making Democracy Work and Bowling Alone, both among the most cited (and bestselling) social science works in recent decades. He has been consulted by five US Presidents and half a dozen other world leaders, including Pope Francis."
Winter 2024,tuesday-distinguished,Alfred Gourdji Distinguished Lecture Series,2024-03-12,10:00 - 11:30 am,The Upswing: How America Came Together a Century Ago and How We Can Do it Again,Prof. Robert D. Putnam,Professor of Public Policy,Harvard University,"Deep inequality; unprecedented polarization; a fraying social fabric; extreme cultural narcissism—Americans today agree only that these are the worst of times. Similarly, during the Gilded Age 125 years ago, America was exceptionally individualistic, unequal, polarized, and self-centered. But then America turned a corner, becoming until the 1960s steadily more equal, cooperative, generous, and focused on our mutual obligations—a society on the upswing. What lessons can we learn from that period?",,"Robert D. Putnam is Professor of Public Policy at Harvard University. A member of the National Academy of Sciences and the British Academy, he received the Skytte Prize, the world’s highest accolade for a political scientist, and the National Humanities Medal, America’s highest honor in the humanities. He has written fifteen books, translated into twenty languages, including Making Democracy Work and Bowling Alone, both among the most cited (and bestselling) social science works in recent decades. He has been consulted by five US Presidents and half a dozen other world leaders, including Pope Francis."
Winter 2024,tuesday-distinguished,Alfred Gourdji Distinguished Lecture Series,2024-04-09,10:00 - 11:30 am,"Diet, Exercise and Brain Health: Latest Research Findings",Prof. Eva L. Feldman,"James W. Abers Distinguished University Professor; Russell N. DeJong Professor of Neurology, Michigan Medicine",University of Michigan,"This talk will review scientific research findings on the effects of different diets on brain health and cognition. Second, the talk will address research findings on the effects of exercise, and how different types of exercise — including aerobic, high-intensity interval training, and resistance training — affect brain health and cognitive functioning.",,"Eva L. Feldman MD, PhD, is James W. Abers Distinguished University Professor, and the Russell N. DeJong Professor of Neurology at Michigan Medicine. She is a neurologist and neuroscientist who has devoted her career towards understanding the etiology of neurological disorders and developing new treatments. Dr. Feldman is Director of the University of Michigan ALS Center of Excellence, and the NeuroNetwork for Emerging Therapies. She is annually listed in Best Doctors in America, and a Past President of the Peripheral Nerve Society and the American Neurological Association (ANA). She is a member of the National Academy of Medicine Council, the Association of American Physicians, and a Fellow of the AAAS. Her work is internationally recognized, with more than 500 published articles, 70 book chapters, and greater than 55,000 citations."
Winter 2024,tuesday-distinguished,Alfred Gourdji Distinguished Lecture Series,2024-05-14,10:00 - 11:30 am,The Other Gases: The Politics of Short-Lived Climate Pollutants,Prof. Barry Rabe,"J. Ira and Nicki Harris Family Professor of Public Policy, Gerald Ford School of Public Policy",University of Michigan,"Carbon dioxide dominates most discussions of climate change, a powerful greenhouse gas that remains potent in the atmosphere for long periods. However, its capacity for warming is compounded by a series of short-lived climate pollutants, such as methane, hydrofluorocarbons (HFCs), and black carbon. These contaminants do not last nearly as long in the atmosphere as carbon but have a far more intensive short-term impact. This presentation will examine the politics of reducing these gases, with a particular focus on methane and HFCs. It will examine major policy advances in the case of HFCs, including bipartisan legislation in the United States and a robust global regulatory system, in contrast with other short-lived climate pollutants.",Repeat of the May 2023 Distinguished lecture topic by the same speaker.,"Barry Rabe is the J. Ira and Nicki Harris Family Professor of Public Policy at the Gerald Ford School of Public Policy and the Arthur Thurnau Professor of Environmental Policy at the University of Michigan. He is also a non-resident senior fellow at the Brookings Institution and is an elected fellow of the National Academy of Public Administration. Rabe is a political scientist who examines the political feasibility of adopting and implementing environmental, energy and climate policies in federal systems such as the United States and Canada. His most recent books examine the politics of putting a price on carbon emissions and the limitations of climate policy reliant on executive branch action rather than legislation."
Winter 2024,tuesday-distinguished,Alfred Gourdji Distinguished Lecture Series,2024-06-11,10:00 - 11:30 am,Will Drinking Coffee Help You Live Longer?: Improving the Rigor of Science,Prof. Pamela Davis-Kean,"Chair, Developmental Psychology Area, Psychology Department; Founding Director, Population, Neurodevelopment, and Genetics program, Institute for Social Research",University of Michigan,"Newspaper headlines are full of recommendations on nutrition, workouts, ways to increase productivity, and potential treatments for improving health outcomes. How rigorous is the science behind these headlines? In this talk, I will discuss the problems with science communication and how to be a critical reader of our daily headlines as well as the science behind them. I will highlight some of the problems with the poor incentives in generating research and what the scientific communities are doing to make sure that the science is rigorous and available to the broader community.",,"Dr. Davis-Kean is Chair of the Developmental Psychology Area of UM’s Psychology Department. Her research focuses on the various pathways that the socioeconomic status of parents relates to the cognitive/achievement outcomes of their children. She is the Founding Director of the Population, Neurodevelopment, and Genetics program at UM’s Institute for Social Research. The program examines the complex transactions of the brain, biology, and behavior as children and families develop over time. Prof. Davis-Kean is interested in how both the micro (brain and biology) and macro (family and socioeconomic conditions) aspects of development relate to cognitive changes in children across the lifespan."
Winter 2024,thursday-series,Big Science and Tech Explained!,2024-01-11,10:00 - 11:30am,Robotics in Medicine,Mark Draelos,"MD, PhD; Assistant Professor of Robotics and Ophthalmology; Director, Image-Guided Medical Robotics Laboratory",University of Michigan,"Modern robotics has transformed many fields and healthcare is no exception. In this lecture, I survey the leading applications of robotics in medicine, surgery, imaging, rehabilitation, and nursing with a focus on key innovations and patient outcomes. I conclude by discussing active research topics in medical robotics and the potential they hold for improving patient care in the future.",$12; speaker presenting in-person.,"Mark Draelos, MD, PhD, is a surgically trained physician and engineer who develops novel applications of medical robotics and imaging to improve patient care. After finishing Duke University’s Medical Scientist Training Program where he studied biomedical engineering under Prof. Joseph Izatt, Mark completed an internship in general surgery at Duke University Medical Center. Currently, he is an Assistant Professor of Robotics and Ophthalmology at the University of Michigan, where he directs the Image-Guided Medical Robotics Laboratory."
Winter 2024,thursday-series,Big Science and Tech Explained!,2024-01-18,10:00 - 11:30am,The Genome Engineering and Therapeutic Revolution,Yan Zhang,Assistant Professor (CRISPR-Cas research group),University of Michigan,"This presentation includes an overview of the latest development in genetic engineering and human gene therapy. In particular, the CRISPR-Cas DNA scissor technology will be introduced followed by their real-world applications. Their enormous social impacts on research, agriculture, medicine and beyond, as well as ethical concerns, will also be discussed.",$12; speaker presenting in-person.,"Dr. Zhang received her B.S. in Biological Sciences from Peking University, China, and her PhD in Biomolecular Chemistry from University of Wisconsin-Madison. After completing postdoctoral training at Northwestern University and the UMass Chan Medical School, Dr. Zhang started her own research group as an Assistant Professor at the University of Michigan Ann Arbor. Her lab studies the CRISPR-Cas anti-viral defense system in bacteria and develops CRISPR technologies to advance human genome engineering."
Winter 2024,thursday-series,Big Science and Tech Explained!,2024-01-25,10:00 - 11:30am,The Hubble and Webb Space Telescopes: A New Era of Discovery,Jennifer Wiseman,Senior astrophysicist; Senior Project Scientist for the Hubble Space Telescope,NASA Goddard Space Flight Center,"The Hubble Space Telescope is at its peak of scientific discovery, even 33 years into its illustrious mission. Now the Hubble and new Webb Space Telescopes, with complementary capabilities, are exploring deeper into the universe and unveiling more details in every astronomical realm including our own solar system, exoplanets, stellar nebulae, black holes, dark matter, and galaxies. This talk will explore what Hubble and other telescopes are showing us about the beauty and activity of our amazing universe.",$12; speaker presenting via Zoom.,"Dr. Jennifer Wiseman is a senior astrophysicist at the NASA Goddard Space Flight Center where she serves as the Senior Project Scientist for the Hubble Space Telescope. Previously, she headed Goddard’s Laboratory for Exoplanets and Stellar Astrophysics. Jennifer has also served as a Congressional Science Fellow, a Councilor of the American Astronomical Society, and the Director of the AAAS Dialogue on Science, Ethics, and Religion (DoSER). She loves nature and night skies."
Winter 2024,thursday-series,Big Science and Tech Explained!,2024-02-01,10:00 - 11:30am,Artificial Intelligence Enhanced Drug Discovery and Repurposing – From Benchside to Bedside,Jonny Sexton,"PhD; Faculty Director, UM Center for Drug Repurposing",University of Michigan,"The process of bringing a new drug to market has a high failure rate, a timeline of 10-15 years, and a cost of more than $1 billion. Artificial intelligence coupled with the use of patient-derived cells and tissues can be leveraged to perform personalized drug screening and enhance the success of drug discovery, especially for rare diseases.",$12; speaker presenting in-person.,"Jonny Sexton, PhD, earned his undergraduate degree in chemistry at UC Santa Barbara and his PhD in chemistry at UC Santa Barbara. He then did a postdoctoral fellowship at Stanford University with Nobel Laureate Roger Kornberg. In 2007, he took a faculty position at the University of North Carolina. Following that he was the director of Drug Discovery at the BRITE Institute. In 2018, he moved to the University of Michigan where he started a laboratory focusing on artificial intelligence enhanced drug discovery, particularly for chronic liver diseases. Currently he is the faculty director of the UM Center for Drug Repurposing."
Winter 2024,thursday-series,Big Science and Tech Explained!,2024-02-08,10:00 - 11:30am,Shaking Things Up: About Natural and Anthropogenic Earthquakes and Noise,Ben van der Pluijm,"Professor, Department of Earth & Environmental Sciences",University of Michigan,"Earthquake prediction? Yes and No. We discuss what earthquakes are, where they occur, and why. We explore earthquake forecasting and the value of modern shake alerts. We also look at human-induced ('Anthropogenic') earthquakes, primarily from explosions, fracking and waste fluid injection, and the surprising record of societal vibrations ('noise') from day-to-day human activity.",$12; speaker presenting in-person.,"Ben van der Pluijm has been Professor in the Dept of Earth & Environmental Sciences at the University of Michigan since 1985. His research areas are Structure and Tectonics, dealing with the geologic evolution of Earth’s crust, from minerals to mountains, and Hazards Geology and Societal Resilience, dealing with the challenges of planet-human interactions. He teaches and lectures about geology and resilience. His research has taken him around the world."
Winter 2024,thursday-series,Big Science and Tech Explained!,2024-02-15,10:00 - 11:30am,"Managing the Transition to EVs: Tales of Countries, Companies, and Engineers Trying to Create the Future",Bruce Belzowski,"Managing Director, Automotive Futures group",Automotive Futures,"The global automotive industry is in the process of dramatically changing how they develop, manufacture, and sell their products. It's not a small task to change what you've been doing for 100 years, and this talk will take you on a journey from where we are to where we think we want to be. It won't be easy, and in the end, it won't be pretty, but we are going to do it anyway, hopefully, for the good of the planet.",$12; speaker presenting in-person. 25 years at the University of Michigan Transportation Research Institute.,"Bruce M. Belzowski is the Managing Director of the Automotive Futures group. He received his B.A. and M.A. from the University of California, Berkeley, and the University of Michigan, respectively. His 25 years studying the global automotive industry at the University of Michigan Transportation Research Institute focused on a variety of automotive topics. His current research topics at Automotive Futures includes information technology, autonomous vehicles, powertrain strategies, and globalization of the automotive industry. These topics are addressed in Automotive Futures’ five annual conferences that have been held over the past twelve years at the University of Michigan."
Fall 2024,tuesday-distinguished,Alfred Gourdji Distinguished Lecture Series,2024-09-10,10:00 - 11:30 am,The Great American Songbook,Professor Brent Wagner,"Arthur Thurnau Emeritus Chair; Robertson Emeritus Professor of Musical Theatre, School of Music, Theatre & Dance",University of Michigan,"Irving Berlin, Rodgers and Hart, George Gershwin, Jerome Kern, Harold Arlen, Duke Ellington, and Cole Porter — these marvelous writers created so many lasting standards in the early 20th century that the era has been termed 'The Great American Songbook.' These songs have been recorded hundreds of times by pop singers, jazz artists, dance bands, and even opera singers, and new generations are constantly discovering and rediscovering the depth and artistry of these mini-masterpieces. But why have these songs lasted so long? What exactly makes them 'great'? Professor Wagner will explore the repertoire, detailing and demonstrating some of the characteristics that make these songs part of an enduring and rewarding legacy.",$12 Members | $20 Non-Members. Lecture series sponsored by the Martin Family Foundation.,"Brent Wagner is the Arthur Thurnau Emeritus Chair, and Robertson Emeritus Professor of Musical Theatre, UM’s School of Music, Theatre & Dance. He was chair of the Department of Musical Theatre for 32 years and is credited with building the department into one of the top musical theatre programs in the world. Before joining the Michigan faculty in 1984 he taught at Syracuse University. He has directed musicals and revues throughout North America, from off-Broadway in New York to the Banff Center in Canada. He has collaborated with Sheldon Harnick on numerous projects, including the world premiere of A Wonderful Life, and his recent musical Dragons, both of which were staged at the University of Michigan. Among many responsibilities, Mr. Wagner also directed the Senior Showcase, presented annually in New York City."
Fall 2024,tuesday-distinguished,Alfred Gourdji Distinguished Lecture Series,2024-10-09,10:00 - 11:30 am,"Diet, Exercise, and Brain Health: Latest Research Findings",Professor Eva Feldman,"James W. Abers Distinguished University Professor; Russell N. DeJong Professor of Neurology, Michigan Medicine",University of Michigan,"This talk will review scientific research findings on the effects of different diets on brain health and cognition. Second, the talk will address research findings on the effects of exercise, and how different types of exercise — including aerobic, high-intensity interval training, and resistance training — affect brain health and cognitive functioning.",Wednesday (please note date change). $12 Members | $20 Non-Members. Sponsored by the Michigan Medicine-University of Michigan-Geriatric Center. Repeat of the April 2024 lecture topic.,"Eva L. Feldman MD, PhD is James W. Abers Distinguished University Professor, and Russell N. DeJong Professor of Neurology at Michigan Medicine. A neurologist and neuroscientist, she has devoted her career towards understanding the etiology of neurological disorders and developing new treatments. Dr. Feldman is Director of UM’s ALS Center of Excellence, and the NeuroNetwork for Emerging Therapies. She is annually listed in Best Doctors in America, and a Past President of the Peripheral Nerve Society and the American Neurological Association (ANA). She is a member of the National Academy of Medicine Council, the Association of American Physicians, and a Fellow of the AAAS. Her work is internationally recognized, with more than 500 published articles, 70 book chapters, and greater than 55,000 citations."
Fall 2024,tuesday-distinguished,Alfred Gourdji Distinguished Lecture Series,2024-11-12,10:00 - 11:30 am,"What Happened on November 5, 2024",Professor Michael Traugott,"Professor Emeritus of Political Science; Research Professor Emeritus, Center for Political Studies, Institute for Social Research",University of Michigan,"This lecture will summarize the results, the key voting patterns and voter rationale for the November 5, 2024 U.S. Presidential election.",$12 Members | $20 Non-Members.,"Michael Traugott, Ph.D., is Professor Emeritus of Political Science at the University of Michigan, and Research Professor Emeritus, Center for Political Studies, at UM’s Institute for Social Research. Prof. Traugott studies campaigns, elections, voting behavior, the use of polls to construct news, and survey methodology. He is active in the American Association for Public Opinion Research (AAPOR) and the World Association for Public Opinion Research (WAPOR), having served as president of both organizations. Professor Traugott is a frequent resource for journalists interested in discussing American political campaigns and government operations, and he’s given several excellent OLLI-UM lectures in past years."
Fall 2024,tuesday-distinguished,Alfred Gourdji Distinguished Lecture Series,2024-12-10,10:00 - 11:30 am,Ann Arbor and Dexter Bicentennials: Two Cities Bound By History and Circumstance,Russ Collins,"Executive Director/CEO, Marquee Arts (Michigan Theater and State Theatre)",Marquee Arts,"In February 1824, the site for ""Annarbour"" was staked out by two scoundrels: John Allen and Elisha Rumsey. That same year Samuel Dexter, an impressive individual from a prominent early-American family, also settled land on the Huron River. Both Ann Arbor and Dexter sought to be the home of the University of Michigan. Now, in the 21st Century, Dexter and Ann Arbor are wonderful places to live and work. My talk will relate this surprising tale of two cities for the bicentennial.",$12 Members | $20 Non-Members.,"Russ Collins has served for over 40 years as the Executive Director/CEO of the non-profit organization, now known as Marquee Arts, which restored and operates Ann Arbor’s treasured Michigan Theater and State Theatre. In 2008 Collins founded a national association for independent cinemas – the Art House Convergence. In 2012 he started Ann Arbor’s Cinetopia Film Festival. Collins was raised and educated in Ann Arbor. His honors include recognition for “Outstanding Contributions to Historic Theater Preservation” by the League of Historic American Theatres. Collins is on the air locally as co-host of Cinema Chat on WEMU radio."
Fall 2024,thursday-series,Thursday Lecture Series: Dynamic Mexico,2024-09-19,10:00 - 11:30am,"Democracy in México: Race, Revolution, and Redemption",Dr. Carlos Hernandez,Assistant Professor of History; dual appointment at the Center for Latino/a and Latin American Studies,Wayne State University,"Today's keynote address, ""Democracy in México: Race, Revolution, and Redemption,"" offers a preview of Professor Hernández's next book project, provisionally titled the same as this lecture. The talk is the first in this year's speaker series on Mexico. In this lecture, Professor Hernández will examine the history of democracy — as an idea and as an institution — in Mexico, from the early nineteenth century to the present. What can Mexican history teach us about the relationship between revolution and democracy and about multiculturalism and the state, about the relationship between the past and present? Professor Hernández will walk us through the Mexican Independence War, Mexico's long nineteenth century, and the Mexican Revolution of 1910 (and its afterlives) to reflect on these questions.",$12 Members | $20 Non-Members. In-person and streamed live on Zoom.,"Dr. Carlos R. Hernández is an Assistant Professor of History at Wayne State University, where he maintains a dual appointment at the Center for Latino/a and Latin American Studies. A bilingual and binational historian of Mexico, Professor Hernández earned his Ph.D. in Latin American and Caribbean History from Yale University in May 2020. He joined the faculty of Wayne State in Fall 2022 after serving as the A. Kenneth Pye Visiting Assistant Professor of History at Southern Methodist University in Dallas, Texas. Professor Hernández also holds a M.A. in Latin American and Caribbean History from the University of Florida, and a B.A. in Political Science and English from Texas A&M University. His published scholarship has appeared in multiple flagship journals, and he is currently completing a book manuscript on the history of tourism and development in Cancún, Mexico."
Fall 2024,thursday-series,Thursday Lecture Series: Dynamic Mexico,2024-09-26,10:00 - 11:30am,Beyond the Border: The Evolution of Mexico-U.S. Migration in a Transnational Perspective,Prof. Lauren Duquette-Rury,"Professor researching international migration, vigilantism, democracy, and citizenship",,"Beyond the Border details the history of Mexican emigration to the U.S. and its social, economic, and political consequences for Mexican development and democracy. The talk will examine the causes of emigration over time, historical trends in border crossing and settlement patterns in North America, changes in the structural demand for immigrant labor and contemporary migratory challenges in the current political climate, including how criminal violence and vigilantism shape Central American migration through Mexico.",$12 Members | $20 Non-Members. In-person and streamed live on Zoom. Bio names her PhD (University of Chicago) but not her current institution.,"Professor Duquette-Rury’s research focuses on international migration, vigilantism, democracy, and citizenship. Her first book, Exit and Voice: The Paradox of Cross-Border Politics in Mexico explores how migrant remittances transform local democracy and development. Her second book, The Right to Remain: Naturalizing Under Threat in the Age of Immigration Enforcement, examines how the threat of deportation affects immigrants’ propensity to become citizens through naturalization in the US. She received her PhD from the University of Chicago."
Fall 2024,thursday-series,Thursday Lecture Series: Dynamic Mexico,2024-10-10,10:00 - 11:30am,Mexico in the Global Economy,Prof. Christy Thornton,Associate Professor of History,New York University,"How does Mexico fit into North America today, and into the global economy more broadly? This lecture will cover the recent history of Mexican trade and investment with special emphasis on the relationship between Mexico and the United States. It will trace how questions of security, markets, and labor have changed in recent decades, and pay close attention to the connections between the licit and illicit economies that bind North America together.",$12 Members | $20 Non-Members. Zoom only.,"Christy Thornton is an Associate Professor of History at New York University. She was previously tenured in the Department of Sociology at Johns Hopkins University, where she was also the Co-Chair of the Program in Latin American, Caribbean, and Latinx Studies. She is the author of Revolution in Development: Mexico and the Governance of the Global Economy (University of California Press, 2021)."
Fall 2024,thursday-series,Thursday Lecture Series: Dynamic Mexico,2024-10-17,11:00am - 12:30pm,Clientelism in Mexican Elections,Dr. Joy Langston,"Professor of Political Science, Center for International Studies",Colegio de México,"Clientelism, the exchange of goods and services for political support, has always mattered in Mexican elections, but has become more noticeable with democratization in 2000. In many ways, Mexican clientelism has become a complex mobilization operation that continues after the electoral cycle ends. The governing Morena party has been able to centralize some of its clientelist operations.",$12 Members | $20 Non-Members. Zoom only. Please note the time change.,"Dr. Joy Langston, a Professor of Political Science at Colegio de México’s Center for International Studies, focuses on political parties, clientelism, electoral violence, and federalism within the Mexican political landscape. Her book, Democratization and Authoritarian Party Survival, explores how the former hegemonic PRI party survived democratization. She has published extensively on Mexican politics and is currently researching how clientelism has evolved over the past 70 years. She earned her Ph.D. from Duke."
Fall 2024,thursday-series,Thursday Lecture Series: Dynamic Mexico,2024-10-24,10:00 - 11:30am,Emotional Architecture,Prof. Yojairo Lomeli,"Faculty, Taubman College of Architecture and Urban Planning",University of Michigan,"The presentation will lay out the complex architectural landscape and connection to the arts given its history with colonialism as Mexico's leading architects, past and present, seek to find an architectural language that most deeply embodies the place and culture of Mexico.",$12 Members | $20 Non-Members. In-person and streamed live on Zoom.,"Yojairo Lomeli is a Mexican-American producer of architecture, drawings, welds, models, photographs, thoughts, sketches and furniture. From Detroit, Michigan, Yojairo studied at the University of Michigan in Ann Arbor and earned a Master of Architecture in 2015. Yojairo began his teaching career joining the faculty at the University of Michigan’s Taubman College of Architecture and Urban Planning. He was awarded the Donna M. Salzer Award for Teaching Excellence in 2017 and 2018 and again in 2021 and 2024."
Fall 2024,special,Conversations,2024-09-17,11:00am - 12:30pm,"Sex, Intimacy & The Senior Citizen",Sara Zocher,Clinical social worker and AASECT certified sex therapist,,"Think seniors are trading in their libidos for knitting needles? Many health professionals have been pushing a PG-rated version of seniors as asexual. Today we're busting that myth wide open. Buckle up as we explore how Certified Sex Therapists are proving that when it comes to romance, age is just a number.",$12 Members | $20 Non-Members. In-person only. Please note the time change.,"Sara Zocher is a clinical social worker and an AASECT certified sex therapist. She obtained her MSW from the University of Michigan and has worked as a therapist in both mental health and sexual health. Sara is passionate about helping individuals on their path towards pleasure, joy, connection, and intimacy."
Fall 2024,special,Conversations,2024-10-18,10:00 - 11:30am,Swarm and Destroy: How Cheap Killer Drones and Their Reliance on Artificial Intelligence are Revolutionizing Warfare and Rewriting the Rules of Engagement,"Frederic S. Pearson, Ph.D. and Ahmed Nabil","Pearson: professor of political science, former director of the Center for Peace and Conflict Studies; Nabil: Ph.D. candidate, former Egyptian diplomat",Wayne State University,"Prepare to navigate the treacherous waters of modern warfare as we explore the rise of drone swarms. This interview lifts the curtain on these controversial weapons, revealing both their tactical allure and chilling potential. We'll grapple with the moral minefield of deploying these automated hunters and examine the thin line between innovation and Pandora's box. Can we halt these relentless aerial armies, or are we locked in a high-stakes arms race? Brace yourself as we learn about battlefields of tiny, cheap, yet lethally intelligent machines. The face of war is changing - are we ready for the consequences?",$12 Members | $20 Non-Members. In-person only. Two interviewees appearing together.,"Frederic S. Pearson, Ph.D., is a professor of political science and former director of the Center for Peace, and Conflict Studies at Wayne State University. A native Detroiter who spent 20 years teaching at the University of Missouri in St. Louis, Dr. Pearson received his Ph.D. from the University of Michigan, having done his undergraduate work at Oakland University. In 2000 Dr. Pearson was designated a conflict resolution consultant to the U.S. Commission on National Security/21st Century in Washington. In 2007 he lectured to the UN staff on global conflict and to an EU seminar on arms and civil war; and in 2014 presented a peacemaking workshop to joint Palestinian-Israeli trauma treatment professionals in Jerusalem. Dr. Pearson has twice hosted Middle East Partnership Initiatives with undergraduate students from across the Arab world for training in civic engagement. Ahmed Nabil is a Ph.D. Candidate, and Former Egyptian Diplomat. He is broadly interested in regional security theories, especially in the Middle East, civil wars, diplomacy, and military technology. Ahmed has gained professional experience as a diplomat for 12 years. He has served in different interesting positions such as in Libya (2009-2012) and was an eyewitness of the first Libyan civil war, and in Washington D.C. (2014-2018). Ahmed examines in his dissertation the impact of UAVs on civil wars, military and political dynamics."
Fall 2024,special,Conversations,2024-11-19,10:00 - 11:30am,"Insidious Influences: The Effects of PACS, SUPERPACS and Lobbying in Government Today","Richard L. Hall, Ph.D.","Distinguished professor of political science and public policy, Ford School",University of Michigan,"Examine with us the world of lobbyists, billionaires, and corporations as PACS and SUPERPACS funnel money into campaigns drowning out the voices of individual citizens. Steady yourself for the shocking truth how ""Dark Money"" manipulates elections and government policy from the shadows. Think your vote matters? Think again.",$12 Members | $20 Non-Members. In-person only.,"Richard L. Hall, Ph.D., is a distinguished professor of political science and public policy, renowned for his expertise in American national politics. His extensive research encompasses topics such as congressional participation, campaign finance reform, and health policy. He is currently authoring a book on interest group lobbying’s impact on Congressional policy making. He’s revered for his seminal work “Participation in Congress” (1996) which won the Richard F. Fenno Prize. Honored with the 2020 Barbara Sinclair Award, among others. Professor Hall brings a wealth of experience from Capitol Hill to his role at the Ford School."
Winter/Spring 2025,tuesday-distinguished,Alfred Gourdji Distinguished Lecture Series,2025-02-04,10:00 - 11:30 am,Is Business Education Serving Society? It's Time to Rejuvenate the Intellectual and Moral Training of Future Business Leaders,Prof. Andrew Hoffman,"Holcim (US) Professor of Sustainable Enterprise, Ross Business School and School for Environment and Sustainability (SEAS)",University of Michigan,"Today's business schools were designed for a world that no longer exists. Capitalism raised the standard of living for billions of people over the past 150 years, but is now facing systemic challenges, which it is both causing and unable to address: Most notably, climate change and inequality. And yet, business schools continue to teach ideas that are making these problems worse. Business schools cannot simply drop an elective into their curriculum to address these challenges. We must rethink their foundations.",$12 Members | $20 Non-Members. (Note: new date.),"Andrew J. Hoffman is the Holcim (US) Professor of Sustainable Enterprise, jointly appointed in UM’s Ross Business School, and School for Environment and Sustainability (SEAS). His research uses organizational behavior theories to understand the cultural and institutional aspects of environmental issues. He has published over 100 articles/book chapters, and 18 books, which have been translated into six languages. His latest book, Business School and the Noble Purpose of the Market, will be published in May by Stanford University Press. Prof. Hoffman has received many awards for his research and teaching. His work has been covered in the New York Times, Scientific American, Time, Wall Street Journal, National Geographic, and NPR."
Winter/Spring 2025,tuesday-distinguished,Alfred Gourdji Distinguished Lecture Series,2025-03-11,10:00 - 11:30 am,Tax Follies,Prof. Joel Slemrod,"Paul McCracken Collegiate Professor of Business Economics and Public Policy, Ross Business School; David Bradford Distinguished University Professor, Economics Department",University of Michigan,"Governments have always struggled to tax in ways that are effective and tolerably fair. In this talk, Prof. Slemrod will provide a fun tour through preposterous and dramatic historical tax episodes, drawing lessons for today's contentious tax debates. He will argue that yesterday's tax systems have more in common with ours than we may think. Georgian England's window tax now seems quaint but was an ingenious way of judging wealth unobtrusively. And Tsar Peter the Great's tax on beards aimed to induce the nobility to shave, much like today's carbon taxes aim to slow global warming.","$12 Members | $20 Non-Members. Based on his book Rebellion, Rascals, and Revenue: Tax Follies and Wisdom through the Ages.","Joel Slemrod is the Paul McCracken Collegiate Professor of Business Economics and Public Policy at UM’s Ross Business School, and David Bradford Distinguished University Professor in UM’s Economics Department. He’s also Director of Ross’ Office of Tax Policy Research. Prof. Slemrod studies and writes about tax policy. He served as Senior Staff Economist in the President’s Council of Economic Advisers, and was a consultant to the U.S. Department of the Treasury, and other government agencies. Prof. Slemrod has received many awards for his research and teaching. His talk will be based on his new book, Rebellion, Rascals, and Revenue: Tax Follies and Wisdom through the Ages, published by Princeton University Press."
Winter/Spring 2025,tuesday-distinguished,Alfred Gourdji Distinguished Lecture Series,2025-04-08,10:00 - 11:30 am,"Is the Sun Setting on the West? Gaza, BRICS and Other Tipping Points",Prof. Saeed Kahn,"Associate Professor of Near East & Asian Studies and Global Studies; Director, Center for the Study of Citizenship",Wayne State University,"This lecture will explore whether Western reactions to the Gaza and Ukraine conflicts, along with the rise of the so-called BRICS nations (Brazil, Russia, India, China, South Africa, Iran, Egypt, Ethiopia and the UAE), signal a turning point in the preeminence of Western nations and the economic and political systems they have created and commandeered since World War II.",$12 Members | $20 Non-Members. Catalog header spells 'Kahn'; the bio spells 'Khan' (same speaker as the June 2023 Distinguished lecture).,"Saeed Khan is Associate Professor of Near East & Asian Studies and Global Studies at Wayne State University, where he is also Director of the Center for the Study of Citizenship. He is Co-founder and Senior Research Fellow at the Institute for Social Policy and Understanding in Washington, DC. He specializes in Middle Eastern and Islamic history, politics and culture, and global issues. For several years, Prof. Khan and Howard Lupovitch, Professor of History at Wayne State, have collaborated on talks and media interviews about the Israeli-Palestinian conflict. Prof. Kahn’s latest books include Global Studies: A Reader on Issues and Institutions and What’s Going On Here? US Experiences of Islamophobia Between Obama and Trump."
Winter/Spring 2025,tuesday-distinguished,Alfred Gourdji Distinguished Lecture Series,2025-05-13,10:00 - 11:30 am,Managing Your Emotions So They Don't Manage You,Prof. Ethan Kross,"Professor, Psychology Department and Ross Business School; Director, Emotion & Self-Control Lab",University of Michigan,"This talk—based on Prof. Kross' recently published book—addresses the timeless question of how to manage our emotional lives. Whether it's anxiety about going to the doctor, boiling rage when we're stuck in traffic, or devastation after a painful break-up, we often face situations that send us emotionally spiraling. Are there ways to make our emotions work for us rather than against us? Based on recent research findings, this talk will dispel some common myths—e.g., that avoidance is always toxic or that we should always strive to live in the moment—and provide a framework and tools for shifting our emotions to help us be healthier and happier.",$12 Members | $20 Non-Members.,"Ethan Kross, Ph.D., is a Professor in UM’s Psychology Department and Ross Business School. He is the director of the Emotion & Self-Control Lab. His research examines how people can control their thoughts, feelings and behaviors to improve their lives, focusing on adult, child and clinical populations. His approach draws on multiple disciplines within psychology including social, personality, clinical, developmental, and neuroscience. Prof. Kross has authored numerous books, book chapters, and articles. His research has been reported in The New York Times, Wall Street Journal, New Yorker, Forbes, Time, and The Atlantic."
Winter/Spring 2025,thursday-series,Thursday Lecture Series: Innovative Research and Treatments Impacting Mental Health in the U.S.,2025-01-30,10:00 - 11:30 am,"Youth Mental Health in the 21st Century: What is happening, and what can we do?",Dr. Emily Laird Bilek,"Board-certified clinical psychologist; Clinical Associate Professor, Department of Psychiatry",University of Michigan,"This presentation will explore the current state of youth mental health. First, we will review symptoms of common mental health concerns (e.g., anxiety and depressive disorders), along with effective treatments. Next, we'll examine recent trends in youth mental health and explore potential factors contributing to these changes. Finally, we will discuss how concerned family, friends, and community members can support these youth.",$12 Members | $20 Non-Members. In-person and streamed live on Zoom.,"Dr. Emily Laird Bilek is a board-certified clinical psychologist, and a Clinical Associate Professor in the Department of Psychiatry at the University of Michigan. Dr. Bilek’s clinical expertise centers on evidence-based psychotherapy for youth anxiety, depressive, and related disorders. Dr. Bilek is also committed to clinical research focused on developing, refining, and improving access to these treatments."
Winter/Spring 2025,thursday-series,Thursday Lecture Series: Innovative Research and Treatments Impacting Mental Health in the U.S.,2025-02-06,10:00 - 11:30 am,"Make it Fast: Ketamine, TMS, and Other Rapid Acting Agents to Conquer Depression",Dr. Sagar V. Parikh,"M.D., FRCPC; Professor of Psychiatry, Michigan Medicine; Professor of Health Management and Policy",University of Michigan,"More new treatments for depression have emerged in the last 5 years than in the previous 30 years, working on different targets and using different strategies than before. Most of these are new medications such as ketamine and psilocybin; others are newer brain stimulation methods like transcranial magnetic stimulation or TMS. They work much faster than older treatments. This talk will provide an overview of these innovations.",$12 Members | $20 Non-Members. In-person and streamed live on Zoom.,"Sagar V. Parikh, M.D., FRCPC is Professor of Psychiatry, Michigan Medicine and Professor of Health Management and Policy at the University of Michigan. Dr. Parikh is the author/editor of three books and over 200 peer-reviewed articles and book chapters. His research includes clinical trials of medication and psychotherapy in bipolar disorder and major depression, biomarkers of response, ketamine, digital tools, health services research, and pharmacogenomics. He has won multiple awards for research and teaching."
Winter/Spring 2025,thursday-series,Thursday Lecture Series: Innovative Research and Treatments Impacting Mental Health in the U.S.,2025-02-13,10:00 - 11:30 am,Mindfulness and MBSR as Integrative Treatment for Mental Health and Chronic Illnesses,Dr. Anup Bhandiwad,"Assistant professor and clinical provider, Department of Family Medicine – Integrative Medicine, Michigan Medicine",University of Michigan,"Mindfulness and Mindfulness-Based Stress Reduction (MBSR) have shown promise as integrative treatments for conditions like mental health disorders (eg. anxiety, depression, post-traumatic stress disorder) and chronic health issues including chronic pain. These techniques are designed to help individuals focus on the present moment with acceptance and non-judgment, which can alleviate stress, anxiety, and other emotional challenges that exacerbate both mental and physical health conditions. Dr. Bhandiwad will define and expand on the concept of mindfulness. He will discuss how mindfulness and MBSR are being used at the University of Michigan.",$12 Members | $20 Non-Members. In-person and streamed live on Zoom.,"Dr. Anup Bhandiwad graduated from the Wayne State School of Medicine in 2016. Currently, Dr. Bhandiwad is an assistant professor and clinical provider in the Department of Family Medicine – Integrative Medicine at Michigan Medicine. His clinical focuses include lifestyle medicine, patient-centered care, and management of chronic diseases. Within that, he has focused on mindfulness becoming a Level 1 Certified Mindfulness Based Stress Reduction (MBSR) instructor."
Winter/Spring 2025,thursday-series,Thursday Lecture Series: Innovative Research and Treatments Impacting Mental Health in the U.S.,2025-02-20,10:00 - 11:30 am,Using Brain Imaging and Neuromodulation to Improve the Diagnostic and Treatment of Mental Health Disorders,Dr. Alex Iordan,"Assistant Professor, Department of Psychiatry",University of Michigan,"The lecture explores the potential of brain imaging and neuromodulation to enhance diagnosis and treatment of mental health disorders. Brain imaging techniques, such as fMRI and EEG, provide insights into neural activity patterns associated with mental health conditions. Neuromodulation methods, including transcranial electrical and magnetic stimulation, offer targeted interventions to alter dysfunctional brain circuits. Together, these tools hold promise for developing more personalized, precise approaches to mental health care.",$12 Members | $20 Non-Members. In-person and streamed live through Zoom.,"Professor Alexandru Iordan earned his Ph.D. in Neuroscience from the University of Illinois at Urbana-Champaign. He joined the University of Michigan in 2016 as a Postdoctoral Fellow, becoming an Assistant Research Scientist in 2020. His work focuses on cognitive neuroscience, aging, cognitive training, and network neuroscience. In 2020, he received an Alzheimer’s Association Research Fellowship. He is currently an Assistant Professor in the Department of Psychiatry at the University of Michigan."
Winter/Spring 2025,thursday-series,Thursday Lecture Series: Innovative Research and Treatments Impacting Mental Health in the U.S.,2025-02-27,10:00 - 11:30 am,Bridging the Mental Health Treatment Access Gap through Community Engagement and Technology,Prof. Addie Weaver,"Associate Professor, School of Social Work; Associate Director, Vivian A. and James L. Curtis Center for Health Equity",University of Michigan,"This presentation introduces an innovative approach for increasing access to mental health treatment in underserved, under-resourced communities by partnering with existing, preferred community resources and using technology to support service delivery. The presenter will describe an online depression treatment program delivered in rural churches that was developed and evaluated in Michigan with promising results. Discussion will focus on developing mental health service delivery models that are acceptable, accessible, and sustainable in underserved communities.",$12 Members | $20 Non-Members. In-person and streamed live through Zoom.,"Addie Weaver, PhD, is an Associate Professor at the University of Michigan School of Social Work and Associate Director of the Vivian A. and James L. Curtis Center for Health Equity. Dr. Weaver partners with communities and leverages technology to improve access to mental health treatment in underserved, under-resourced communities. Dr. Weaver leads projects evaluating delivery of tailored, entertaining, technology-assisted depression treatment in rural churches, WIC program, Head Start programs, and school settings."
Winter/Spring 2025,special,Conversations,2025-02-18,11:00am - 12:30pm,Searching for Anti-Aging Drugs - Are We There Yet and Why Not?,Dr. Richard A. Miller,"Professor of Pathology; Director, UM Glenn Center for Biology of Aging",University of Michigan,"This interview will include a synopsis of research work on drugs that slow aging, discuss prospects for getting these to help improve human health, and test members of the audience for possible gerontologiphobia.",$12 Members | $20 Non-Members. In-person only.,"Rich Miller has worked on the biology of aging since 1982 and moved to Michigan in 1990. He is a Professor of Pathology and directs the UM Glenn Center for Biology of Aging. The lab has helped to discover mutations, diets, and drugs that slow aging in mice, and is trying to figure out how they work, towards the goal of finding drugs that can extend healthy lifespan in people."
Winter/Spring 2025,special,Conversations,2025-03-28,10:00 - 11:30am,"Gods, Bots, and Beasts: Where is Our Moral Frontier?",Prof. Webb Keane,Socio-cultural and linguistic anthropologist,,"New technologies like AI and robots seem to pose utterly unfamiliar questions: if they interact with us like humans, can we also expect them to be moral? Should we feel ethical duties towards them in turn? In fact, the human record suggests some of these problems are quite old. Humans have long treated some non-humans as intelligent or even moral beings in all sorts of ways. What can we learn from this history? What insights into the challenges of new technology does the record offer us?",$12 Members | $20 Non-Members. In-person only. Bio does not state his current institution.,"Webb Keane is a socio-cultural and linguistic anthropologist, who has carried out extensive research in Southeast Asia and elsewhere. His books include Christian Moderns: Freedom and Fetish in the Mission Encounter and Ethical Life: Its Social and Natural Histories. His newest book, published in 2024, is Animals, Robots, Gods: Adventures in the Moral Imagination."
Winter/Spring 2025,special,Conversations,2025-04-15,10:00 - 11:30am,Epidemic Diseases and their Impact on Civilizations throughout History,"Prof. H. Kazanjian, MD, PhD","Professor and Chief, Division of Infectious Diseases; Professor, Department of History",University of Michigan,"From antiquity to today, epidemic diseases have devastated nations and their populations. Repeatedly, they have triggered broad ranging consequences for societies—in the economic, social, cultural, religious, and governmental realms. We will use selected epidemics throughout history to illustrate the extent of this epidemic impact and reveal how civilizations not only become vulnerable to epidemics, but also refractory to human efforts to eradicate them.",$12 Members | $20 Non-Members. In-person only. Bio gives full name Powel Kazanjian.,"Powel Kazanjian is an infectious diseases doctor and medical historian. He has degrees from the University of Pennsylvania, Harvard, Tufts, and at the University of Michigan, where he is Professor and Chief of the Division of Infectious Diseases and Professor in the Department of History. His medical background and historical training have provided a multidisciplinary approach to his teaching and scholarship. His courses on the “History of Epidemics” and “Sexually Transmitted Diseases” offer students a comprehensive lens to view the impact that infectious diseases have had on societies throughout history."
Fall 2025,tuesday-distinguished,Alfred Gourdji Distinguished Lecture Series,2025-09-09,10:00 - 11:30 am,The Increasing Costs of Natural Disasters Fueled by Climate Change: Who Pays?,"Sharon M. Gourdji, Ph.D.","Environmental scientist; Associate Director, Modeling & Analytics",Moody's Corporation,"Climate change is increasing the frequency and intensity of natural disasters such as hurricanes, wildfires, droughts and flood events, and slower-moving disasters like sea level rise and land subsidence. Adapting to ongoing climate change is a costly endeavor. Some of these costs involve immediate disaster response, but longer-term investments are also needed to climate-proof homes and infrastructure like roads, bridges, water and waste systems and electricity and natural gas networks. These costs will be shared by federal, state, and local governments, but also the private sector, including our health systems and financial institutions, and the public at large. This lecture will discuss the extent of these costs in the U.S. and the longer-term battle to distribute them in a proactive, equitable and cost-effective way.",$15 Member | $25 Non-Member. In-person and streamed live through Zoom.,"Dr. Sharon M. Gourdji is an environmental scientist with a background in economics, and expertise in climate change, agriculture, and natural disaster modeling. She was awarded a National Aeronautics and Space Administration (NASA) Earth System Science Fellowship during her Ph.D. studies at the University of Michigan. She has since led the Climate and Crop Modeling Group of the International Center for Tropical Agriculture (CIAT) in Cali, Colombia, and was previously an environmental engineer for the National Institute of Standards & Technology. She is currently Associate Director, Modeling & Analytics, of Moody’s Corporation."
Fall 2025,tuesday-distinguished,Alfred Gourdji Distinguished Lecture Series,2025-10-14,10:00 - 11:30am,Growing Up in the Real River City,Dr. Penelope (Penny) Fischer,"Professional flutist and college music educator; principal flutist emeritus, Ann Arbor Symphony Orchestra and Detroit Chamber Winds and Strings",,"Dr. Fischer grew up in the real River City – Mason City, Iowa – the hometown that inspired The Music Man, the Broadway hit by Meredith Willson who also grew up there. Mr. Willson wrote the script, lyrics, and music of The Music Man, which became one of the five longest running musicals in Broadway history and won several prestigious awards. Fischer will talk about the actual places and events that gave Mr. Willson many of the ideas for the musical, and how they differ from what was depicted in the Broadway show and movie. Although two generations apart, Meredith and Penny, both flutists, knew each other and played together. She will also talk about Willson's stellar career in Sousa's Band and the NY Philharmonic, as music director on national radio shows, and composer for Hollywood movies.",$15 Member | $25 Non-Member. In-person and streamed live through Zoom. Sponsorship: United Health Care Government Programs.,"Dr. Penelope (Penny) Fischer is a professional flutist and college music educator. She is principal flutist emeritus of the Ann Arbor Symphony Orchestra and the Detroit Chamber Winds and Strings. She has taught flute and chamber music at several universities including George Washington University, University of Michigan, Eastern Michigan University, and Interlochen. She can be heard on recordings on the Naxos, CRI, Crystal, and Koch labels. She has performed in Portugal, Spain, France, Belgium, Germany, Austria, Russia, Japan, and China and around the US, and is winner of several professional competitions."
Fall 2025,tuesday-distinguished,Alfred Gourdji Distinguished Lecture Series,2025-11-11,10:00 - 11:30am,What Does Putin Want?,Prof. Ronald Suny,William Sewell Distinguished University Professor Emeritus of History; Professor Emeritus of Political Science,University of Michigan,"Everyone has ideas about who Vladimir Putin is and what he wants. As a long-time researcher, analyst, and teacher of Soviet and Russian history and politics, Prof. Suny will discuss the various ways Putin is imagined, and provide his interpretation of the Russian president's views and policies, particularly as regards the war in Ukraine.",$15 Member | $25 Non-Member. In-person and streamed live through Zoom.,"Ronald G. Suny, Ph.D. is the William Sewell Distinguished University Professor Emeritus of History and Professor Emeritus of Political Science at the University of Michigan, and Emeritus Professor of Political Science and History at the University of Chicago. His research has centered on Russia and the former Soviet Union, including the non-Russian nationalities of the Russian Empire. He has authored numerous scholarly books and articles. Professor Suny has twice been a fellow at the Center for Advanced Study in the Behavioral Sciences at Stanford University and has received both a National Endowment for the Humanities Grant and a John Simon Guggenheim Memorial Fellowship."
Fall 2025,tuesday-distinguished,Alfred Gourdji Distinguished Lecture Series,2025-12-09,10:00 - 11:30 am,"""Miles to Go Before We Sleep"": Cutting Edge Treatments and Technologies in Sleep Health",Prof. Cathy Goldstein,"M.D.; Professor of Neurology, Sleep Disorders Center",University of Michigan,"Prof. Goldstein will present the latest research findings on treating insomnia, obstructive sleep apnea, restless legs syndrome, and circadian rhythm sleep-wake disorders.",$15 Member | $25 Non-Member. In-person and streamed live through Zoom. Sponsorship: University of Michigan Health Victors Care.,"Cathy Goldstein, M.D is Professor of Neurology at the University of Michigan Sleep Disorders Center, and faculty lead at UM’s Eisenberg Depression Center Mobile Technologies Core and the UM Mobile Technology Research Innovation Collaborative (MeTRIC). Professor Goldstein’s research uses sleep tracking devices and mathematical modeling to assess sleep patterns and circadian rhythms to determine their role in health and disease (including women’s reproductive health, multiple sclerosis, and gastrointestinal conditions). Her international expertise in sleep tracking technology is highlighted by her role as a lead author of the ‘State of the Science and Recommendations for Using Wearable Technology in Sleep and Circadian Research’ from the Sleep Research Society, and as a member of the task force on Consumer Sleep Tracker Guidelines of the World Sleep Society."
Fall 2025,thursday-series,Thursday Lecture Series: India Unveiled,2025-09-11,11 am - 12:30 pm,The Public Face of India's Religions,Prof. Elaine M. Fisher,"Associate Professor of Hinduism, Department of Religious Studies",Stanford University,"India, like the United States, is generally considered a secular democratic nation. And yet, religion in India has been and remains a publicly tangible phenomenon, shaped by vividly sensory performances that enliven public urban space. To understand how religion manifests in cultural life in India today, and to understand how religious conflict can contribute to political controversy, we need to look more closely at how Indian religions are situated in public space and public discourse.",$15 Member | $25 Non-Member. Zoom only. NEW TIME.,"Elaine M. Fisher is Associate Professor of Hinduism in the Department of Religious Studies at Stanford University. She holds an MA from the University of Chicago Divinity School and a PhD from Columbia University. Her first book, Hindu Pluralism: Religion in the Public Sphere in Early Modern South India, rethinks the origins of sectarianism in Hindu traditions to shed new light on the place of religion in public space and discourse in early modern India."
Fall 2025,thursday-series,Thursday Lecture Series: India Unveiled,2025-09-18,10:00 - 11:30 am,What to Expect for US-India Relations in Trump 2.0: Convergences and Complications,Michael D. Kugelman,Leading specialist on South Asia; founding director of the South Asia Institute at the Wilson Center (2022-2025),,This talk will focus on the likely trajectory of US-India ties in the second Trump administration. It will take stock of the relationship over the administration's first nine months and highlight likely areas of cooperation along with challenges moving forward. It will also identify some factors that could impact the trajectory of the relationship over the next few years.,$15 Member | $25 Non-Member. Zoom only. Bio lists only his former Wilson Center roles (through 2025); current institution not stated.,"Michael D. Kugelman is a leading specialist on South Asia, with expertise on India, Pakistan, Bangladesh, and Afghanistan. He was founding director of the South Asia Institute at the Wilson Center from 2022 to 2025, and he managed the Center’s South Asia portfolio from 2007 to 2025."
Fall 2025,thursday-series,Thursday Lecture Series: India Unveiled,2025-09-25,10:00 - 11:30 am,Overview of Business and Economics in India,Prof. Aneel Karnani,"Faculty member, Strategy group, Ross School of Business",University of Michigan,"Since Independence in 1947, India's record of economic growth has not been great, but it has been getting better in recent years; we will discuss the positives and the negative factors affecting India's future prospects. We will highlight some of the contrasts in India: high income inequality, world class companies and a large informal sector, some highly educated and talented people and significant illiteracy, Corporate Social Responsibility (CSR) is mandatory by law and widespread irresponsibility.",$15 Members | $25 Non-Members. In-person and streamed live on Zoom.,"Professor Aneel Karnani is a faculty member of the Strategy group at the Ross School of Business, The University of Michigan. Professor Karnani’s interests are focused on three topics: strategies for growth, global competition, and the role of business in society. His recent research has focused on how society can strike the appropriate balance between private profits and public welfare in tackling major societal challenges. Karnani is the author of the book Fighting Poverty Together."
Fall 2025,thursday-series,Thursday Lecture Series: India Unveiled,2025-10-09,10:00 - 11:30 am,Making Sense of India's Political Landscape,Prof. Adam Ziegfeld,Associate Professor of Political Science,Temple University,"In India's 2024 national election, more than 30 political parties won seats in the country's parliament, and today 15 different parties lead state-level governments. At the same time, India's governing party, the Bharatiya Janata Party (BJP), is often described as the country's dominant political party. This presentation explains how we can make sense of a political landscape that is simultaneously dominated by one party and among the world's most fragmented.",$15 Member | $25 Non-Member. Zoom only.,"Adam Ziegfeld is an Associate Professor of Political Science at Temple University. He is the author of the 2016 book Why Regional Parties? Clientelism, Elites, and the Indian Party System, published by Cambridge University Press. In addition, he has published numerous journal articles on a range of topics related to elections in India. He received his PhD in Political Science from MIT."
Fall 2025,thursday-series,Thursday Lecture Series: India Unveiled,2025-10-16,10:00 - 11:30 am,"Sight, Sound, and Scent: Collecting and Presenting South Asian Art at the Detroit Institute of Arts",Katherine Kasdorf,Curator for Arts of Asia and the Islamic World,Detroit Institute of Arts,"In recent years, the Detroit Institute of Arts has seen a renewed focus on art from the Indian subcontinent. In this lecture, DIA curator Katherine Kasdorf will discuss the museum's multisensory presentation of South Asian art in the permanent-collection galleries; recent acquisitions; and an upcoming exhibition that will bring together a group of now-dispersed goddess sculptures from Tamil Nadu (southeastern India), exploring their many transformations over a 1000-year history.",$15 Member | $25 Non-Member. In-person and streamed live through Zoom. Followed by the India Unveiled luncheon.,"Katherine Kasdorf is a Curator for Arts of Asia and the Islamic World at the Detroit Institute of Arts. She curated The Art of Dining: Food Culture in the Islamic World (2024–25, adapted from the Los Angeles County Museum of Art) and co-led the reinstallation of the DIA’s Asian art collection (2017–18). She holds a Ph.D. in South Asian art history from Columbia University and previously held a Wieler-Mellon Postdoctoral Curatorial Fellowship at the Walters Art Museum, Baltimore."
Fall 2025,thursday-series,Thursday Lecture Series: Does the United States Have a Health Care System?,2025-10-23,10:00 - 11:30 am,Challenges facing the U.S. Health Care System: How Did We Get Here and Where are We Going?,Prof. Sarah Miller,"Associate professor, Ross School of Business",University of Michigan,"The U.S. spends substantially more per capita on health care than other wealthy nations while faring poorly on outcomes like longevity and infant mortality. This talk examines how the last 30 years of government policies--such as anti-trust enforcement and the Affordable Care Act--have shaped hospital and insurance markets and public health. Dr. Miller will also discuss what's ahead, and how our current policy choices stand to alter the system of health care in the United States over the next decade.",$15 Member | $25 Non-Member. In-person and streamed live on Zoom.,"Sarah Miller is an associate professor at the Ross School of Business at the University of Michigan. She received a Ph.D. in Economics from the University of Illinois at Urbana-Champaign in 2012. Dr. Miller’s research interests are in health economics and the short-term and long-term effects of public policies that expand health insurance coverage, and in the effects of income on health and well-being. In 2022, Dr. Miller was awarded the ASHEcon Medal, given by the American Society of Health Economists to an economist aged 40 or younger who has made the most significant contributions to the field of health economics. She is also a co-editor for the Journal of Public Economics. Her work has been published in the American Economic Review, the Quarterly Journal of Economics, the New England Journal of Medicine, American Economic Journal: Economic Policy, the Journal of Public Economics, and the Review of Economics and Statistics, among other journals, and has been cited in outlets such as the New York Times, Wall Street Journal, the Washington Post, and the Economic Report of the President."
Fall 2025,thursday-series,Thursday Lecture Series: Does the United States Have a Health Care System?,2025-10-30,10:00 - 11:30 am,Issues in Child Health Policy: Putting it in Perspective,Dr. Gary Freed,Over 30 years in children's health services research; founded the first pediatric health services research centers in the U.S. and Australia,,"There has been, and will continue to be, tremendous change and turmoil in the U.S. healthcare system. Understanding these changes and how they impact children's health in America and other nations will be the focus of this presentation.",$15 Member | $25 Non-Member. In-person and streamed live on Zoom. Bio does not state his current institution.,"Dr. Freed has over 30 years of experience in children’s health services research. He founded the first pediatric health services research centers in the U.S. and Australia. He has been the principal investigator of numerous grants on child health policy and health economics, immunizations, healthcare quality measurement, health inequities, physician behavior and the medical workforce. He is past president of the Society for Pediatric Research, the largest research society in child health, and past chair of the U.S. National Vaccine Advisory Committee."
Fall 2025,thursday-series,Thursday Lecture Series: Does the United States Have a Health Care System?,2025-11-06,10:00 - 11:30 am,Primary Care in the U.S. Healthcare System – Challenges and Opportunities,"Julie Phillips, MD, MPH","Professor and Chair of Family Medicine, College of Human Medicine",Michigan State University,"Primary care is the foundation of a high-functioning health system—yet in the U.S., it faces growing strain. This presentation will explore the evidence behind primary care's value, examine how current policies and events are shaping its future, and highlight emerging models of innovation. Attendees will gain a clearer understanding of primary care's critical role and leave better equipped to navigate both primary and specialty care within the evolving U.S. healthcare landscape.",$15 Member | $25 Non-Member. In-person and streamed live on Zoom.,"Julie Phillips, MD, MPH (she/hers) is Professor and Chair of Family Medicine at Michigan State University College of Human Medicine. She leads a statewide department focused on community-engaged education, care, and research. A national leader in medical education research, Dr. Phillips’ interests include primary care workforce development, narrative medicine, and size-inclusive care. She practices Family Medicine in East Lansing, Michigan."
Fall 2025,thursday-series,Thursday Lecture Series: Does the United States Have a Health Care System?,2025-11-13,10:00 - 11:30 am,The Affordable Care Act at 15: What Has It Accomplished & What Lies Ahead?,"John Z. Ayanian, MD, MPP","Inaugural Director, U-M Institute for Healthcare Policy and Innovation",University of Michigan,"This presentation will review how the Affordable Care Act (ACA) has evolved since 2010, presenting how it has influenced coverage, access, and health outcomes with a focus on Medicaid expansion in Michigan. The presentation will also discuss changes to the ACA implemented by the President and Congress in 2025 and consider their implications for patients, healthcare providers, and the U.S. healthcare system.",$15 Member | $25 Non-Member. In-person and streamed live on Zoom.,"Dr. Ayanian is the inaugural Director of the U-M Institute for Healthcare Policy and Innovation which includes 760 faculty across the University. His research focuses on access to care and quality of care, and he led a U-M team evaluating the Medicaid expansion in Michigan. He earned his AB degree from Duke University and MD and MPP degrees from Harvard University and completed his internal medicine residency at Brigham and Women’s Hospital."
Fall 2025,thursday-series,Thursday Lecture Series: Does the United States Have a Health Care System?,2025-11-20,10:00 - 11:30 am,Improving Health and Healthcare in Michigan through Collaboration,Dr. Michael Englesbe,Abdominal transplant surgeon; leads the Blue Cross and Blue Shield of Michigan funded statewide quality Collaboratives,University of Michigan,This presentation will be about the unique partnership between Blue Cross and Blue Shield of Michigan and the physicians across the state. Dr. Englesbe will talk about how a community of collaboration and trust among physicians within Michigan has led to remarkable improvements and healthcare quality and value.,$15 Member | $25 Non-Member. In-person and streamed live on Zoom.,"Dr. Englesbe performs abdominal transplant surgery on children and adults. He leads the Blue Cross and Blue Shield of Michigan funded statewide quality Collaboratives. He has been at the University of Michigan since 1997. He proudly has two daughters who are undergraduates at Michigan, and a younger son who aspires to be."
Fall 2025,special,Conversations,2025-09-30,10:00 - 11:30 am,The Future of Education: What will Pre-k through 12 learning look like in 2050?,"Elizabeth Birr Moje, Ph.D.","Dean, Marsal Family School of Education; George Herbert Mead Collegiate Professor and Arthur F. Thurnau Professor",University of Michigan,"In 2050, what will classrooms look like? How will students learn, and teachers teach? Join us for a captivating interview with the esteemed Dean of the University of Michigan's Marsal Family School of Education as we explore the radical transformations awaiting curriculum design, instruction, and learning environments. Discover how learning sciences, technologies, and engaged communities will reshape education. Don't miss this essential glimpse into the future of pre-K-12 education.",$15 Member | $25 Non-Member. In-person only.,"Dean Elizabeth Birr Moje, a leading voice in education, and the George Herbert Mead Collegiate Professor and Arthur F. Thurnau Professor at the University of Michigan’s Marsal Family School of Education. She was recognized by Crain’s Detroit as a Notable Leader in Higher Education in 2023. With 5 books and numerous journal articles, she studies literacy and learning. Dean Moje champions innovative programs like the Marygrove Learning Community: Detroit P-20 Partnership, a cradle-to-career public education system in northwest Detroit."
Fall 2025,special,Conversations,2025-10-21,10:00 - 11:30 am,"The Thucydides Trap: How 2,500-Year-Old Greek Wisdom Could Save America and China from War","James Morrow, Ph.D.",Distinguished political scientist; member of the American Academy of Arts and Sciences; former president of the Peace Science Society,,"In this riveting interview, we will delve into history's deadliest pattern - The Thucydides Trap. Beginning with Athens and Sparta, hear how 12 of 16 historical superpower transitions erupted in devastating conflict. We'll ask renowned political scientist James Morrow whether humanity stands at the edge of a catastrophe. As China's meteoric rise challenges American hegemony, ancient patterns documented by Thucydides 2,500 years ago suggest a collision course towards conflict. Can diplomatic maneuvers and economic interdependence overcome the gravitational pull of great power competition, or have we already crossed the threshold where historical forces make confrontation inevitable. The stakes couldn't be higher - peace in our time or tragedy of another unnecessary war.",$15 Member | $25 Non-Member. In-person only. Bio does not state his current institution.,"Distinguished political scientist, James Morrow, Ph.D. brings exceptional credentials to this exploration of the Thucydides Trap. A member of the American Academy of Arts and Sciences and Karl Deutsch award recipient, Morrow has authored three influential books and over 60 scholarly publications on power transitions, crisis bargaining and war causation. Having served as president of the Peace Science Society and on the National Science Foundation Advisory Panel, his pioneering application of game theory to international relations provides viewers with authoritative insights into whether US-China competition is destined for catastrophic conflict."
Fall 2025,special,Conversations,2025-11-18,10:00 - 11:30 am,From Hubble to Webb and Beyond: How 40 Years of Cosmic Exploration Are Bringing Fermi's Paradox to a Crucial Test,Michael R. Meyer Ph.D.,"Astronomer; formerly Chair of Star and Planet Formation at ETH Zürich (2009-2016) and Professor/Astronomer, University of Arizona (2000-2009)",,"Fermi's Paradox stands as a cornerstone inquiry in astrobiology and cosmology, encapsulating a profound mystery given the following premises: the universe is staggeringly vast, containing billions of galaxies; there are trillions of planets that could potentially support life; the universe is approximately 13.8 billion years old; life emerged relatively swiftly on Earth; and many stars in the galaxy are significantly older than our Sun. Why, then, have we not detected any signs of extraterrestrial intelligence? This paradox, first articulated by physicist Enrico Fermi in 1950, highlights the contradiction between the high probability of extraterrestrial civilizations and the complete lack of evidence for their existence. Despite the vast number of potentially habitable planets and the age of the universe, we have yet to observe any definitive signs of alien life. This absence of evidence raises fundamental questions about the nature of life in the cosmos and our place within it.",$15 Member | $25 Non-Member. In-person only. Bio lists only past positions; current institution not stated.,"Michael R. Meyer (born 1967, A.B. Physics, Washington University in St. Louis, M.S. in Physics, University of Missouri, PhD in Astronomy, University of Massachusetts) was Chair of Star and Planet Formation at the ETH in Zürich (2009-2016) and was formerly a Professor/Astronomer at the Department of Astronomy/Steward Observatory of the University of Arizona (2000-2009). He was a Hubble Fellow at the University of Arizona (1997-2000) and did a post-doc at the Max-Planck-Institute for Astronomy (1995-1997). He has more than 25 years of international scientific research experience, in the fields of galactic and infrared astronomy, as well as the formation, evolution, and characterization of planetary systems (and associated implications on the prospects for life in the Universe)."
Winter 2026,tuesday-distinguished,Alfred Gourdji Distinguished Lecture Series,2026-02-10,10:00 - 11:30 am,LAWLESS – A Critical Analysis of the U.S. Supreme Court,Prof. Leah Litman,Professor of Law,University of Michigan,"Prof. Litman will explain how the current Supreme Court is not ruling based on law, but instead based on vibes—the feelings of the justices and the political zeitgeist of the Republican Party. Among the worst of the bad vibes are the notion of conservative grievance and a commitment to minority rule. She will argue that the Court’s recent decisions reveal these influences, and how several cases the Court is currently hearing do as well.",$15 Member | $25 Non-Member. In-person and streamed live through Zoom.,"Leah H. Litman, JD is a Professor of Law at University of Michigan, co-host and co-creator of the podcast “Strict Scrutiny,” about the Supreme Court, and author of the New York Times bestseller LAWLESS: How the Supreme Court Runs on Conservative Grievance, Fringe Theories, and Bad Vibes. She has received several awards for both teaching and research and scholarship."
Winter 2026,tuesday-distinguished,Alfred Gourdji Distinguished Lecture Series,2026-03-10,10:00 - 11:30 am,Did State-Socialism Really Fail?,"Brian Porter-Szűcs, Ph.D.",Arthur F. Thurnau Professor of History,University of Michigan,"Though it’s become a truism that the economic system of the USSR and its allies failed, the actual record is more nuanced. State socialism did not bring the grand achievements that its founders had hoped for, but neither did it leave these countries worse off than they were beforehand. In fact, most Soviet countries did better overall under socialism than under capitalism. Once we recognize this, we face a puzzle: Why did so many economists within the Soviet Bloc come to believe that they were working within a catastrophically dysfunctional economic system? And why, when presented with a crisis in the late 1980s, were they so quick to embrace capitalism?",$15 Member | $25 Non-Member. In-person and streamed live through Zoom.,"Brian Porter-Szűcs, Ph.D. is Arthur F. Thurnau Professor of History at the University of Michigan-Ann Arbor, and the History Department’s Director of Undergraduate Studies. He teaches classes on the history of the economy, the intellectual history of capitalism and socialism, the history of Roman Catholicism, and the history of Poland. Prof. Porter-Szucs has won many awards, including a Michigan Humanities Award, the John Dewey Award for Outstanding Teaching from UM’s College of Literature, Science, and the Arts, and an Excellence in Education Award from L.S.& A. He’s authored numerous journal articles and books, including Commodified Communism: Socialist Values and Capitalist Prices in the Polish People’s Republic, and Faith and Fatherland: Catholicism, Modernity, and Poland, both published by Oxford University Press."
Winter 2026,tuesday-distinguished,Alfred Gourdji Distinguished Lecture Series,2026-04-14,10:00 - 11:30 am,What Does the Success of New Obesity Medications Tell Us about How Our Body Weight is Regulated?,"Dr. Randy Seeley, Ph.D.",Henry K. Ransom Endowed Professor of Surgery,University of Michigan School of Medicine,GLP-1 receptor agonists like semaglutide and tirzepatide have revolutionized how we treat individuals with obesity. Should it also change how we think about body weight and how it is regulated? Dr. Seeley will discuss body weight regulation and how these drugs work to help individuals lose weight.,$15 Member | $25 Non-Member. In-person and streamed live through Zoom. NOTE: the catalog's printed speaker line reads 'Prof. Ronald Suny' — an apparent misprint; the description and printed biography both identify Dr. Randy Seeley as the lecturer.,"Dr. Randy Seeley, Ph.D. is the Henry K. Ransom Endowed Professor of Surgery at the University of Michigan School of Medicine. He also serves as the director of the NIH-funded Michigan Nutrition Obesity Research Center (MNORC). His scientific work has focused on the gut-brain axis and its role in regulating energy balance and metabolism, emphasizing new treatment strategies for obesity and diabetes. Dr. Seeley has published over 400 peer-reviewed articles, and he has received numerous awards including the 2009 Outstanding Scientific Achievement Award from the American Diabetes Association."
Winter 2026,tuesday-distinguished,Alfred Gourdji Distinguished Lecture Series,2026-05-12,10:00 - 11:30 am,Digital Privacy in the Age of AI: Risks and Protections,Prof. Florian Schaub,Associate Professor of Information and of Electrical Engineering and Computer Science,University of Michigan,"Advances in Artificial Intelligence have led to innovations from AI chat-bots to smarter phones, cars, and homes. But with these developments also come new risks to your privacy: Is data about you used to assist or manipulate you? What if your private data is part of a data breach? How is AI used by cybercriminals to scam consumers? This talk will answer these questions, as well as discuss research advances that can lead to better privacy protections and policy, and what you can do now to protect yourself.",$15 Member | $25 Non-Member. In-person and streamed live through Zoom.,"Dr. Florian Schaub is Associate Professor of Information and of Electrical Engineering and Computer Science at the University of Michigan. His interdisciplinary research combines privacy, human-computer interaction, emerging technologies, and public policy. Dr. Schaub holds a PhD in Computer Science from the University of Ulm and was a postdoctoral fellow in Carnegie Mellon University’s School of Computer Science. His research has been honored with best paper awards at leading cybersecurity and human-computer interaction conferences. Dr. Schaub is an ACM Distinguished Member. His research has directly impacted industry practice and public policy."
Winter 2026,thursday-series,"Thursday Lecture Series: Biomedical Research and Technology: Creation, Development and Applications",2026-01-29,10:00 - 11:30 am,Cyborgs: The Future is Now,Dr. Paul Cederna,Robert Oneal Professor of Plastic Surgery; Professor of Biomedical Engineering,"Michigan Medicine, Department of Plastic Surgery","It has been 40 years since Luke Skywalker received a prosthetic hand controlled by his peripheral nerves. Unfortunately, this peripheral nerve interface has not been achieved yet. Our UM research group has developed the regenerative peripheral nerve interface (RPNI), which amplifies the peripheral nerve signals and makes it possible to control an arm or leg naturally. In addition, the RPNI’s can be used as a peripheral nerve interface strategy to provide sensory feedback. In this presentation, Dr. Cederna will discuss the future of this exciting and innovative technology.",$15 Member | $25 Non-Member. In-person and streamed live through Zoom.,"Paul S. Cederna, M.D., is the Robert Oneal Professor of Plastic Surgery and Professor in the Department of Biomedical Engineering at the University of Michigan. Academically, Dr. Cederna has authored over 425 manuscripts, published 31 chapters, and presented his work over 900 times at national and international meetings. He has been a Visiting Professor at National and International Universities over 70 times. He has won over 80 national and international research awards. Dr. Cederna has been the Chairman of the American Board of Plastic Surgery, Chairman of the Plastic Surgery Research Council, President of the American Society for Peripheral Nerve, and President for the Plastic Surgery Foundation. He is currently President of the American Association of Plastic Surgeons."
Winter 2026,thursday-series,"Thursday Lecture Series: Biomedical Research and Technology: Creation, Development and Applications",2026-02-05,10:00 - 11:30 am,Advances in Cancer Immunotherapy: How Can we Reprogram our Own Immune System to Fight Cancer,Prof. Maria Castro,Professor of Neurosurgery and Cell and Developmental Biology,Michigan Medicine Neuroscience Institute,"Recent findings from the Castro-Lowenstein Team at the University of Michigan Medical School and the ongoing results of their clinical trial, which was recently completed at the University of Michigan, highlight the importance of harnessing the patient’s own immune system to elicit effective anti-cancer therapies. Recent exciting data related to immunotherapies and their use in treating incurable cancers will also be shared. Maria and Pedro have devoted more than two decades to pursuing the immune-mediated genetic treatment of cancer – medicine’s “ultimate frontier.” This gene-therapy strategy enables the human body to fight malignant brain cancer (and potentially other solid cancers) by employing genetically engineered viruses (vectors) to kill the tumor cells and elicit an anti-tumor immune response. Maria will also discuss the Phase I clinical trial at the University of Michigan and exciting developments that have revolutionized the treatment for lung cancer and melanoma.",$15 Member | $25 Non-Member. In-person and streamed live through Zoom.,"Prof. Castro completed her PhD from the National University of La Plata, Argentina. And her post-doctoral training from the National Institutes of Health, Bethesda, MD. She is currently Professor of Neurosurgery and Cell and Developmental Biology, University of Michigan Medical School. Her program is developing immunotherapies that block brain tumor growth and recurrence, which led to an exciting Phase 1 trial (NCT01811992) for malignant gliomas, completed in 2023. A second trial for pediatric and young adult patients with recurrent brain tumors (UMCC 2024.064) has been approved by the FDA and will begin in 2025."
Winter 2026,thursday-series,"Thursday Lecture Series: Biomedical Research and Technology: Creation, Development and Applications",2026-02-12,10:00 - 11:30 am,Groundbreaking Advancements in the Robert H. Bartlett Extracorporeal Life Support Laboratory,Prof. Joseph Potkay,Research Associate Professor in Surgery,University of Michigan / VA Ann Arbor Healthcare System,"Dr. Potkay’s presentation will cover groundbreaking advancements developed in or in collaboration with the Robert H. Bartlett Extracorporeal Life Support Laboratory. These advancements include the long-term support of living hearts outside the body, the development of an artificial placenta to support extremely premature infants, biomaterial development toward enabling life support without anticoagulation, and pioneering work in microfluidic artificial lungs and smart artificial lung systems.",$15 Member | $25 Non-Member. In-person and streamed live through Zoom.,"Since receiving his PhD in electrical engineering from the University of Michigan under microsystems pioneer Ken Wise in 2006, Dr. Potkay has dedicated his career to harnessing the latest advancements in electronic circuits, microsystems, and microfluidics to advance medicine, with a strong focus on rehabilitation from lung disease. Dr. Potkay is currently a Research Associate Professor in Surgery at the University of Michigan and a Research Biomedical Engineer at the VA Ann Arbor Healthcare System. He is Head of Biomedical Engineering for the Robert H. Bartlett Extracorporeal Life Support Laboratory at the University of Michigan. His artificial lung research has been continually funded through VA and NIH awards since 2007 and has received international attention and news coverage, including at the highest levels of the U.S. Department of Veterans Affairs."
Winter 2026,thursday-series,"Thursday Lecture Series: Biomedical Research and Technology: Creation, Development and Applications",2026-02-19,10:00 - 11:30 am,The Weil Institute and the Commercialization of Critical Care Technology,Dr. Kevin Ward,"Professor of Emergency Medicine and Biomedical Engineering; Executive Director, Max Harry Weil Institute for Critical Care Research and Innovation",Michigan Medicine,"Death from critical illness and injury such as those from trauma, sepsis, traumatic brain injury, cardiac arrest and others exceed that of cancer and heart disease. Due to the complexity of these diseases, little progress has been made in developing technologies that could improve outcomes. The Weil Institute is a transdisciplinary research enterprise composed of clinicians, basic scientists, and engineers dedicated to researching solutions combined with entrepreneurship that accelerate the potential for moving new discoveries to the bedside. Examples of successes, failures, and barriers will be presented and discussed.",$15 Member | $25 Non-Member. In-person and streamed live through Zoom.,Dr. Ward is Professor of Emergency Medicine and Biomedical Engineering and the Executive Director of the Max Harry Weil Institute for Critical Care Research and Innovation at the University of Michigan.
Winter 2026,thursday-series,"Thursday Lecture Series: Biomedical Research and Technology: Creation, Development and Applications",2026-02-26,10:00 - 11:30 am,Tiny Bubbles: Harnessing Their Power in Medicine,Prof. J. Brian Fowlkes,"Professor, Radiology and Biomedical Engineering",Michigan Medicine,"When we think of tiny bubbles like those in a glass of beer, we might never expect the power such a small object could produce given the right conditions. From the erosion of ship propellers to industrial cleaning to breaking of kidney stones and liquification of tissue, we will explore a few of the many ways bubbles can be used to affect their surroundings and be engineered to provide diagnostic and therapeutic tools in medicine.",$15 Member | $25 Non-Member. In-person and streamed live through Zoom.,"Dr. Fowlkes conducts research on diagnostic and therapeutic ultrasound including quantitative imaging such as volumetric blood flow for OB/GYN and traumatic brain injury and bubble production for drug release and high intensity ultrasound including histotripsy. He is a Fellow of the American Institute of Ultrasound in Medicine, the American Institute of Medical and Biomedical Engineering, the Acoustical Society of America, the American Association of Physicists in Medicine and the Institute for Electrical and Electronics Engineers."
Winter 2026,thursday-series,Thursday Lecture Series: Diverse Dimensions of Art,2026-03-12,10:00 - 11:30 am,Moving Target: Photography Between Modern and Contemporary Art,Dr. Brendan Fay,"Associate Professor of Art History, School of Art and Design",Eastern Michigan University,"Photographs hang in museums, and art schools train photographers. It seems clear that photography has claimed a permanent place in art and art history—but the story is, in some ways, a recent one, unfolding during a period of radical changes in art itself. From the G.I. Bill to the present, this presentation traces photography’s winding path through a rapidly shifting era.",$15 Member | $25 Non-Member. In-person and streamed live through Zoom.,"Brendan Fay is an associate professor of art history in the School of Art and Design at Eastern Michigan University. He is the author and curator of Photography as a Way of Life: Minor White, Aaron Siskind, and Harry Callahan, a book and exhibition about teaching, learning, and living photography in the postwar United States (forthcoming April 2026)."
Winter 2026,thursday-series,Thursday Lecture Series: Diverse Dimensions of Art,2026-03-19,10:00 - 11:30 am,Piecing Together a Movement: Art Quilts and the Fabric of Change,"Leslie C. Levy, JD",Ardis & Robert James Director,International Quilt Museum,"An introduction to the Art Quilt movement, including the visionary artists who created the genre, their individual styles and examples of their work, and how art quilts changed traditional notions of what constitutes a quilt.",$15 Member | $25 Non-Member. Speaker will be presenting on Zoom only.,"Leslie C. Levy was named the Ardis & Robert James director at the International Quilt Museum in 2014. After earning her Juris Doctor from the University of Nebraska’s College of Law, Ms. Levy worked in both private and public services, including two international non-profits and 12 years as the Chief of the Consumer Protection & Antitrust Division for the Nebraska Department of Justice."
Winter 2026,thursday-series,Thursday Lecture Series: Diverse Dimensions of Art,2026-03-26,10:00 - 11:30 am,Michigan’s Mystery Relics: Fact or Fraud?,Prof. Lisa C. Young,Teaching Professor in Anthropology,University of Michigan,"Over a century ago, tablets with ancient writing were discovered in Michigan. Some argued they were relics of a lost civilization, while experts identified them as fake artifacts. Interest in these relics continues to this day. This lecture explores questions about the evidence used to identify the authenticity of ancient artifacts, why these relics continue to intrigue people, and the ramifications of archaeological frauds.",$15 Member | $25 Non-Member. In-person and streamed live through Zoom.,"Lisa C. Young is a Teaching Professor in anthropology at the University of Michigan. Her archaeological research examines changes in community organization and foodways of small-scale farming communities in the American Southwest. She also researches the histories of museum collections to explore the changing relationships between anthropologists, museums, and communities of origin. Public outreach and community engagement with diverse stakeholders, including Indigenous communities, are an integral part of her work."
Winter 2026,thursday-series,Thursday Lecture Series: Diverse Dimensions of Art,2026-04-02,10:00 - 11:30 am,“Tell Me What You Eat”: Literary Perspectives on Food and Culture,Prof. Supriya M. Nair,"Professor, Department of English Language and Literature",University of Michigan,"“One cannot think well, love well, sleep well, if one has not dined well,"" notes the narrator in Virginia Woolf’s A Room of One’s Own. Amidst an increasing focus on gut health, sustainable food systems, food sovereignty, food (in)security, and other social (and social media) topics, the place of food in literature and culture has come in for renewed interest in scholarship that goes beyond the gustatory text. How do a range of literary forms (fiction, nonfiction, cookbooks) and visual media help us imagine the significant ways in which food relates to our lived experience? If food has power, as Anthony Bourdain insists in Kitchen Confidential, how does literature reveal its power?",$15 Member | $25 Non-Member. In-person and streamed live through Zoom.,"Supriya M. Nair is a Professor in the Department of English Language and Literature at the University of Michigan-Ann Arbor. She is the author of two monographs, Caliban’s Curse: George Lamming and the Revisioning of History and Pathologies of Paradise: Caribbean Detours. She is also co-editor of Postcolonialisms: An Anthology of Cultural Theory and Criticism and editor of Teaching Anglophone Caribbean Literature. She regularly teaches courses on Food and Culture at the University of Michigan."
Winter 2026,thursday-series,Thursday Lecture Series: Diverse Dimensions of Art,2026-04-09,10:00 - 11:30 am,Screenwriting: The Hero’s Journey in 3 Acts,R. J. Fox,"Writer, filmmaker, and teacher of English and film","Huron High School, Ann Arbor","The speaker will demonstrate how just about every movie – from Hollywood blockbuster or to small, indie film – follows the same story structure, divided by three acts and 12 steps along the “the Hero’s Journey.” In addition to providing examples of story structure in popular films, Fox will also touch upon screenplay formatting. There will also be an interactive component in which participants can explore these concepts through their favorite films.",$15 Member | $25 Non-Member. In-person and streamed live through Zoom.,"R.J. Fox is the award-winning writer of three published books, several short stories, plays, poems, a memoir, and 15 feature-length screenplays. He is also the writer/director/editor of several award-winning short films. He teaches English and film at Huron High School in Ann Arbor, MI. His movie Love & Vodka (based on his book of the same name) premiered at the 2024 Cinetopia Film festival."
Winter 2026,special,Conversations,2026-01-20,10:00 - 11:30 am,"Presidential Power Unleashed: Trump, The Unitary Executive, and What Comes Next","Mitchel Sollenberger, Ph.D.",Professor of Political Science; Associate Provost for Undergraduate Education and Student Success,University of Michigan-Dearborn,"When a President proclaims that he may ‘do whatever he wants,’ one must ask: what becomes of the delicate balance that the Framers sought to establish? Political scientist Mitchel Sollenberger invites us to interrogate the core of American constitutional government by asking whether the doctrine of the unitary executive has shifted from interpretive theory into a partisan instrument of political power. In an era in which the presidency under Donald Trump is redefining the breadth of executive reach, the essential question is no longer simply what powers the President holds, but rather what meaningful powers remain for Congress, the courts, and, ultimately, the citizenry.",$15 Member | $25 Non-Member. In-person only.,"Mitchel A. Sollenberger, Ph.D stands out as a scholar-administrator whose intellectual rigor and public spirit illuminate the contours of American constitutional order. As Professor of Political Science at UM-Dearborn and Associate Provost for Undergraduate Education and Student Success, he blends deep academic expertise with institutional leadership. His award-winning research—books like The Unitary Executive Theory: A Danger to Constitutional Government and The President’s Czars—and his prolific writings in top journals show unflinching clarity in confronting how executive power is expanding."
Winter 2026,special,Conversations,2026-03-17,10:00 - 11:30 am,When Good Intentions Go Wrong: Campus Activism vs. Academic Freedom,"Jeffrey Veidlinger, Ph.D.","Joseph Brodsky Collegiate Professor of History and Judaic Studies; inaugural director, Raoul Wallenberg Institute",University of Michigan,"When do the noblest intentions betray the very freedoms they endeavor to safeguard? In this interview, we will probe the tension between zeal and expression, between cause and constraint. Can activism that aspires to justice become a form of silence? Join us in exploring the paradox inherent in protecting vulnerable communities while preserving open scholarly discourse.",$15 Member | $25 Non-Member. In-person only.,"Jeffrey Veidlinger, Ph.D., the inaugural director of the Raoul Wallenberg Institute at the University of Michigan, is a distinguished scholar whose work bridges history, culture, and human rights. As the Joseph Brodsky Collegiate Professor of History and Judaic Studies, he has authored acclaimed books such as In the Midst of Civilized Europe, which examines the pogroms of 1918–1921 and their role in the onset of the Holocaust."
Winter 2026,special,Conversations,2026-04-21,10:00 - 11:30 am,Healing the Mind: Must We Accept Cognitive Decline? The Role of Psychedelics (Psilocybin) in Treatments,"Omar Ahmed, Ph.D.","Associate Professor of Psychology, Neuroscience, and Biomedical Engineering",University of Michigan,"What if the path to healing the mind isn’t just about suppressing symptoms, but about rewiring the brain itself? Dr. Omar J. Ahmed’s research challenges conventional wisdom by demonstrating that psychedelics can induce lasting neuroplasticity, even in regions previously thought unaffected. His work invites us to reconsider: Could a single dose of a psychedelic compound be the key to unlocking long-term relief from Alzheimer’s, Dementia, Depression, and possible other cognitive disabilities, reshaping our understanding of mental health treatment?",$15 Member | $25 Non-Member. In-person only.,"Dr. Omar J. Ahmed is an Associate Professor at the University of Michigan, specializing in Psychology, Neuroscience, and Biomedical Engineering. His lab, OmarLab, investigates how neural circuits, particularly in the retrosplenial cortex, encode space, time, and speed."
